cliente_id,nombre_cliente,segmento_cliente,ciudad,edad,ingreso_estimado,total_productos,lista_productos,saldo_total,consumo_total_tc,cupo_total_tc,dias_venc_minimo,canales_usados,n_productos_distintos,es_multiproducto,utilizacion_tc_pct,lover_type,categoria_dominante
C000001,Cliente 0001,Affluent,Guayaquil,37,5885.36,11,"Crédito de Consumo, Tarjeta de Crédito",39838.74,3384.12,62000.0,405.0,"App, Branch, POS, Web",2,True,5.5,Tech Lover,Technology
C000002,Cliente 0002,PyME,Loja,55,651.61,8,"Crédito Hipotecario, Tarjeta de Crédito",221386.39999999997,211.32999999999998,4000.0,1017.0,"App, Branch, POS, Web",2,True,5.3,Lifestyle Lover,Fuel
C000003,Cliente 0003,Affluent,Manta,31,2471.02,7,Tarjeta de Crédito,14949.83,1040.8999999999999,46200.0,636.0,"App, Branch, POS, Web",1,False,2.3,Food & Supermarket Lover,Food
C000004,Cliente 0004,Mass,Guayaquil,53,2186.7,3,Cuenta de Ahorros,9049.17,0.0,0.0,,"App, Branch, Web",1,False,,Sin Perfil de Consumo,N/A
C000005,Cliente 0005,Premium,Manta,45,3223.56,2,"Crédito de Consumo, Cuenta de Ahorros",28997.68,0.0,0.0,404.0,"ATM, Web",2,True,,Sin Perfil de Consumo,N/A
C000006,Cliente 0006,Affluent,Manta,38,898.59,7,"Crédito Vehicular, Crédito de Consumo, Tarjeta de Crédito",34387.58,208.55,5600.0,1090.0,"ATM, App, Branch, POS, Web",3,True,3.7,Tech Lover,Technology
C000007,Cliente 0007,Affluent,Quito,49,2302.95,8,Tarjeta de Crédito,12801.6,844.6400000000001,51200.0,1119.0,"App, POS, Web",1,False,1.6,Travel Lover,Travel
C000008,Cliente 0008,PyME,Ambato,44,3050.52,19,"Crédito Hipotecario, Crédito de Consumo, Cuenta Corriente, Tarjeta de Crédito",151593.53,2658.98,74400.0,1163.0,"App, Branch, POS, Web",4,True,3.6,Food & Supermarket Lover,Food
C000009,Cliente 0009,Joven,Quito,36,350.0,18,"Crédito de Consumo, Cuenta Corriente, Cuenta de Ahorros, Tarjeta de Crédito",13745.0,204.12,4000.0,487.0,"ATM, App, Branch, POS, Web",4,True,5.1,Entertainment & Streaming Lover,Entertainment
C000010,Cliente 0010,Mass,Quito,45,695.13,16,"Crédito de Consumo, Tarjeta de Crédito",13002.84,640.9499999999999,28000.0,466.0,"App, Branch, POS, Web",2,True,2.3,Health & Wellness Lover,Health
C000011,Cliente 0011,Mass,Guayaquil,36,964.58,4,Cuenta Corriente,16657.64,0.0,0.0,,"ATM, App, Branch, Web",1,False,,Sin Perfil de Consumo,N/A
C000012,Cliente 0012,Mass,Cuenca,33,929.56,10,"Crédito Hipotecario, Tarjeta de Crédito",138989.21,299.65999999999997,9800.0,521.0,"App, Branch, POS, Web",2,True,3.1,Entertainment & Streaming Lover,Streaming
C000013,Cliente 0013,Mass,Quito,47,720.55,11,"Crédito Hipotecario, Cuenta Corriente, Tarjeta de Crédito",158895.65000000002,225.89000000000001,7500.0,298.0,"ATM, App, Branch, POS, Web",3,True,3.0,Entertainment & Streaming Lover,Entertainment
C000014,Cliente 0014,Mass,Quito,18,731.54,8,"Crédito Hipotecario, Crédito de Consumo, Tarjeta de Crédito",73703.24,209.07999999999998,7500.0,938.0,"ATM, Branch, POS, Web",3,True,2.8,Tech Lover,Technology
C000015,Cliente 0015,Mass,Ambato,61,474.67,13,"Crédito Vehicular, Tarjeta de Crédito",31354.64,336.85,9600.0,1137.0,"App, POS, Web",2,True,3.5,Entertainment & Streaming Lover,Entertainment
C000016,Cliente 0016,Mass,Guayaquil,47,622.99,11,"Crédito Vehicular, Tarjeta de Crédito",16931.72,514.78,6400.0,612.0,"App, Branch, POS, Web",2,True,8.0,Lifestyle Lover,Fuel
C000017,Cliente 0017,Mass,Loja,46,612.39,12,"Crédito Vehicular, Tarjeta de Crédito",39929.82,342.31,12600.0,1095.0,"App, Branch, POS, Web",2,True,2.7,Health & Wellness Lover,Health
C000018,Cliente 0018,Mass,Manta,42,505.61,13,"Cuenta de Ahorros, Tarjeta de Crédito",4506.320000000001,457.29,6600.0,137.0,"Branch, POS, Web",2,True,6.9,Entertainment & Streaming Lover,Streaming
C000019,Cliente 0019,Premium,Guayaquil,41,1682.29,9,"Crédito de Consumo, Tarjeta de Crédito",15994.16,1069.84,15400.0,232.0,"App, POS, Web",2,True,6.9,Travel Lover,Travel
C000020,Cliente 0020,Mass,Guayaquil,48,600.42,10,"Crédito Hipotecario, Crédito de Consumo, Tarjeta de Crédito",210471.59000000003,244.25,6000.0,439.0,"App, Branch, POS, Web",3,True,4.1,Entertainment & Streaming Lover,Streaming
C000021,Cliente 0021,Mass,Quito,31,997.11,5,Tarjeta de Crédito,3353.95,501.57000000000005,11000.0,1349.0,"App, POS, Web",1,False,4.6,Entertainment & Streaming Lover,Entertainment
C000022,Cliente 0022,Mass,Manta,49,855.9,5,"Crédito de Consumo, Cuenta de Ahorros",16324.010000000002,0.0,0.0,1428.0,"ATM, App, Branch, Web",2,True,,Sin Perfil de Consumo,N/A
C000023,Cliente 0023,Affluent,Quito,41,3313.83,7,"Crédito Hipotecario, Crédito Vehicular, Cuenta de Ahorros",240953.62,0.0,0.0,409.0,"ATM, App, Web",3,True,,Sin Perfil de Consumo,N/A
C000024,Cliente 0024,Mass,Guayaquil,53,599.45,11,"Cuenta Corriente, Tarjeta de Crédito",8653.210000000001,371.89,13000.0,1230.0,"App, Branch, POS, Web",2,True,2.9,Lifestyle Lover,Fuel
C000025,Cliente 0025,Joven,Manta,26,350.0,17,"Crédito de Consumo, Cuenta Corriente, Tarjeta de Crédito",9833.539999999999,364.71000000000004,7000.0,866.0,"ATM, App, Branch, POS, Web",3,True,5.2,Lifestyle Lover,Fuel
C000026,Cliente 0026,Mass,Quito,18,784.0,6,Tarjeta de Crédito,6175.799999999999,182.35,10200.0,879.0,"POS, Web",1,False,1.8,Entertainment & Streaming Lover,Streaming
C000027,Cliente 0027,Mass,Guayaquil,18,1471.27,10,"Cuenta de Ahorros, Tarjeta de Crédito",28707.839999999997,304.86,24000.0,1313.0,"ATM, App, Branch, POS, Web",2,True,1.3,Travel Lover,Travel
C000028,Cliente 0028,Mass,Loja,18,781.82,8,"Crédito Vehicular, Tarjeta de Crédito",36696.98,303.27,8500.0,65.0,"ATM, App, Branch, POS",2,True,3.6,Food & Supermarket Lover,Supermarket
C000029,Cliente 0029,Joven,Guayaquil,28,632.38,15,"Cuenta de Ahorros, Tarjeta de Crédito",10714.03,404.02,14300.0,638.0,"ATM, App, Branch, POS, Web",2,True,2.8,Food & Supermarket Lover,Food
C000030,Cliente 0030,Joven,Quito,37,1002.91,17,"Crédito de Consumo, Tarjeta de Crédito",4647.299999999999,1020.69,33600.0,71.0,"ATM, App, Branch, POS, Web",2,True,3.0,Food & Supermarket Lover,Supermarket
C000031,Cliente 0031,Joven,Quito,48,1683.31,12,"Crédito Vehicular, Tarjeta de Crédito",56946.79,1086.19,25300.0,174.0,"ATM, App, Branch, POS",2,True,4.3,Food & Supermarket Lover,Food
C000032,Cliente 0032,Affluent,Quito,19,2495.57,1,Crédito Vehicular,23967.69,0.0,0.0,1503.0,App,1,False,,Sin Perfil de Consumo,N/A
C000033,Cliente 0033,PyME,Ambato,45,2874.75,6,"Crédito de Consumo, Cuenta Corriente, Cuenta de Ahorros",41144.89,0.0,0.0,1846.0,"ATM, App, Branch, Web",3,True,,Sin Perfil de Consumo,N/A
C000034,Cliente 0034,Premium,Quito,39,4102.36,4,Cuenta Corriente,73582.2,0.0,0.0,,"App, Branch, Web",1,False,,Sin Perfil de Consumo,N/A
C000035,Cliente 0035,PyME,Guayaquil,36,2601.37,11,"Crédito Hipotecario, Cuenta Corriente, Cuenta de Ahorros, Tarjeta de Crédito",95532.27999999998,1720.1999999999998,37500.0,144.0,"ATM, App, Branch, POS, Web",4,True,4.6,Entertainment & Streaming Lover,Entertainment
C000036,Cliente 0036,Mass,Cuenca,18,1709.76,19,"Crédito Hipotecario, Crédito Vehicular, Crédito de Consumo, Tarjeta de Crédito",234048.03999999998,1482.9199999999998,52800.0,247.0,"ATM, App, Branch, POS, Web",4,True,2.8,Lifestyle Lover,Others
C000037,Cliente 0037,PyME,Guayaquil,46,2294.24,4,"Crédito Vehicular, Crédito de Consumo",69516.14,0.0,0.0,1147.0,"App, Branch, Web",2,True,,Sin Perfil de Consumo,N/A
C000038,Cliente 0038,Mass,Guayaquil,44,713.9,9,"Crédito de Consumo, Tarjeta de Crédito",20969.67,218.2,7800.0,26.0,"ATM, App, Branch, POS, Web",2,True,2.8,Lifestyle Lover,Fuel
C000039,Cliente 0039,PyME,Cuenca,37,3507.57,4,Cuenta Corriente,10153.92,0.0,0.0,,"ATM, App, Branch, Web",1,False,,Sin Perfil de Consumo,N/A
C000040,Cliente 0040,Mass,Guayaquil,56,656.11,2,Cuenta Corriente,3944.18,0.0,0.0,,"App, Web",1,False,,Sin Perfil de Consumo,N/A
C000041,Cliente 0041,Joven,Quito,42,591.95,14,"Crédito Hipotecario, Cuenta de Ahorros, Tarjeta de Crédito",194885.16,450.36,9600.0,869.0,"App, Branch, POS, Web",3,True,4.7,Health & Wellness Lover,Health
C000042,Cliente 0042,Premium,Quito,43,7961.83,7,"Crédito Hipotecario, Crédito de Consumo, Cuenta Corriente",428962.33999999997,0.0,0.0,1755.0,"ATM, App, Branch, POS, Web",3,True,,Sin Perfil de Consumo,N/A
C000043,Cliente 0043,Affluent,Quito,36,1339.41,8,"Cuenta de Ahorros, Tarjeta de Crédito",5270.84,353.07,17400.0,1031.0,"App, Branch, POS, Web",2,True,2.0,Tech Lover,Technology
C000044,Cliente 0044,Mass,Guayaquil,33,717.9,3,Crédito Hipotecario,190690.8,0.0,0.0,278.0,"App, Branch",1,False,,Sin Perfil de Consumo,N/A
C000045,Cliente 0045,Mass,Cuenca,18,806.19,8,Tarjeta de Crédito,5246.32,430.09999999999997,14400.0,1386.0,"App, Branch, POS",1,False,3.0,Education Lover,Education
C000046,Cliente 0046,Mass,Cuenca,40,1222.9,18,"Crédito de Consumo, Cuenta de Ahorros, Tarjeta de Crédito",27006.65,1786.07,35100.0,502.0,"App, Branch, POS, Web",3,True,5.1,Travel Lover,Travel
C000047,Cliente 0047,Mass,Quito,44,610.24,5,"Crédito Hipotecario, Tarjeta de Crédito",67225.59,193.89000000000001,3200.0,26.0,"App, Branch, Web",2,True,6.1,Health & Wellness Lover,Health
C000048,Cliente 0048,Mass,Guayaquil,56,1735.56,17,"Cuenta Corriente, Tarjeta de Crédito",56301.98,1428.65,49400.0,1483.0,"App, Branch, POS, Web",2,True,2.9,Education Lover,Education
C000049,Cliente 0049,Mass,Guayaquil,27,1168.89,3,Crédito Hipotecario,226637.61,0.0,0.0,1122.0,"Branch, Web",1,False,,Sin Perfil de Consumo,N/A
C000050,Cliente 0050,Mass,Cuenca,34,760.94,17,"Cuenta Corriente, Tarjeta de Crédito",8948.58,749.53,12600.0,1182.0,"App, Branch, POS, Web",2,True,5.9,Tech Lover,Technology
C000051,Cliente 0051,Joven,Guayaquil,48,621.93,5,Tarjeta de Crédito,1232.0,124.88,4500.0,252.0,"App, POS, Web",1,False,2.8,Travel Lover,Travel
C000052,Cliente 0052,Mass,Cuenca,47,492.23,10,"Crédito Hipotecario, Crédito Vehicular, Cuenta de Ahorros, Tarjeta de Crédito",48293.579999999994,254.93,4900.0,446.0,"App, Branch, POS, Web",4,True,5.2,Travel Lover,Travel
C000053,Cliente 0053,Affluent,Quito,31,1802.1,4,"Crédito Hipotecario, Cuenta de Ahorros",199894.21,0.0,0.0,920.0,"App, Branch, Web",2,True,,Sin Perfil de Consumo,N/A
C000054,Cliente 0054,Affluent,Quito,27,2185.19,8,"Crédito Hipotecario, Cuenta de Ahorros, Tarjeta de Crédito",128070.65999999999,1496.04,37200.0,51.0,"App, Branch, POS",3,True,4.0,Travel Lover,Travel
C000055,Cliente 0055,Mass,Quito,30,1880.45,4,Tarjeta de Crédito,2203.04,642.59,18000.0,1482.0,"POS, Web",1,False,3.6,Food & Supermarket Lover,Supermarket
C000056,Cliente 0056,Affluent,Ambato,56,2546.17,5,"Crédito de Consumo, Cuenta de Ahorros",73790.54000000001,0.0,0.0,1698.0,"App, Branch, Web",2,True,,Sin Perfil de Consumo,N/A
C000057,Cliente 0057,Mass,Quito,25,1511.91,8,"Crédito Hipotecario, Cuenta de Ahorros, Tarjeta de Crédito",101086.72,286.17,10400.0,919.0,"App, Branch, POS, Web",3,True,2.8,Travel Lover,Travel
C000058,Cliente 0058,Affluent,Ambato,34,2848.8,15,"Crédito Hipotecario, Crédito Vehicular, Cuenta Corriente, Tarjeta de Crédito",26495.32,1911.53,66000.0,1071.0,"App, Branch, POS, Web",4,True,2.9,Lifestyle Lover,Others
C000059,Cliente 0059,Affluent,Guayaquil,31,2880.75,18,"Cuenta Corriente, Tarjeta de Crédito",29405.48,2969.5,106400.0,260.0,"ATM, App, Branch, POS, Web",2,True,2.8,Tech Lover,Technology
C000060,Cliente 0060,Premium,Cuenca,18,8409.75,3,Cuenta Corriente,23198.85,0.0,0.0,,"Branch, Web",1,False,,Sin Perfil de Consumo,N/A
C000061,Cliente 0061,PyME,Quito,49,2806.06,6,Tarjeta de Crédito,6142.799999999999,1145.28,46200.0,315.0,"App, POS, Web",1,False,2.5,Entertainment & Streaming Lover,Streaming
C000062,Cliente 0062,Premium,Quito,47,3540.36,16,"Crédito Hipotecario, Crédito Vehicular, Tarjeta de Crédito",167482.81,3840.6099999999997,58500.0,51.0,"App, Branch, POS, Web",3,True,6.6,Health & Wellness Lover,Health
C000063,Cliente 0063,Mass,Quito,21,1134.37,16,"Crédito de Consumo, Tarjeta de Crédito",33297.68,668.3,39000.0,995.0,"App, Branch, POS, Web",2,True,1.7,Travel Lover,Travel
C000064,Cliente 0064,Affluent,Quito,55,3066.82,13,"Crédito Hipotecario, Tarjeta de Crédito",196849.41999999998,2772.37,81000.0,1217.0,"App, Branch, POS, Web",2,True,3.4,Tech Lover,Technology
C000065,Cliente 0065,Premium,Cuenca,24,6186.59,12,"Crédito Vehicular, Crédito de Consumo, Tarjeta de Crédito",109864.37,2130.84,54400.0,336.0,"ATM, App, Branch, POS, Web",3,True,3.9,Lifestyle Lover,Others
C000066,Cliente 0066,Mass,Cuenca,18,1104.18,18,"Crédito de Consumo, Cuenta de Ahorros, Tarjeta de Crédito",16668.38,821.41,29400.0,895.0,"ATM, App, Branch, POS, Web",3,True,2.8,Tech Lover,Technology
C000067,Cliente 0067,Joven,Manta,20,844.75,9,"Crédito Vehicular, Tarjeta de Crédito",17286.62,260.37,16800.0,370.0,"App, Branch, POS, Web",2,True,1.5,Travel Lover,Travel
C000068,Cliente 0068,Affluent,Quito,33,2180.77,10,"Cuenta de Ahorros, Tarjeta de Crédito",39855.28,745.4200000000001,32900.0,1215.0,"App, Branch, POS, Web",2,True,2.3,Lifestyle Lover,Fuel
C000069,Cliente 0069,Mass,Loja,30,658.85,15,"Crédito Hipotecario, Tarjeta de Crédito",228996.86,509.43,13200.0,20.0,"App, Branch, POS, Web",2,True,3.9,Tech Lover,Technology
C000070,Cliente 0070,Premium,Guayaquil,18,7092.08,3,Crédito Hipotecario,149975.09999999998,0.0,0.0,199.0,"Branch, Web",1,False,,Sin Perfil de Consumo,N/A
C000071,Cliente 0071,PyME,Ambato,37,3031.86,4,Cuenta Corriente,49335.88,0.0,0.0,,"ATM, App, Web",1,False,,Sin Perfil de Consumo,N/A
C000072,Cliente 0072,Premium,Guayaquil,47,2316.76,10,"Crédito Vehicular, Tarjeta de Crédito",34485.67,1607.35,44100.0,373.0,"ATM, App, Branch, POS, Web",2,True,3.6,Food & Supermarket Lover,Food
C000073,Cliente 0073,Premium,Quito,39,7344.02,15,"Crédito Hipotecario, Crédito Vehicular, Tarjeta de Crédito",211012.83,8536.94,147600.0,246.0,"App, Branch, POS, Web",3,True,5.8,Food & Supermarket Lover,Supermarket
C000074,Cliente 0074,Mass,Ambato,49,1221.2,13,"Crédito Vehicular, Tarjeta de Crédito",20501.260000000002,1074.9499999999998,18000.0,56.0,"App, POS, Web",2,True,6.0,Entertainment & Streaming Lover,Streaming
C000075,Cliente 0075,PyME,Quito,57,3180.02,18,"Crédito de Consumo, Cuenta Corriente, Tarjeta de Crédito",49417.54,2330.9700000000003,64400.0,51.0,"ATM, App, Branch, POS, Web",3,True,3.6,Travel Lover,Travel
C000076,Cliente 0076,Premium,Quito,47,3283.02,2,Crédito Vehicular,31882.48,0.0,0.0,1123.0,"App, Branch",1,False,,Sin Perfil de Consumo,N/A
C000077,Cliente 0077,Mass,Quito,29,1140.64,8,"Cuenta Corriente, Tarjeta de Crédito",7286.89,444.64,19600.0,23.0,"App, POS, Web",2,True,2.3,Tech Lover,Technology
C000078,Cliente 0078,Mass,Quito,55,680.08,4,Tarjeta de Crédito,2041.48,198.09,4800.0,504.0,"App, POS, Web",1,False,4.1,Tech Lover,Technology
C000079,Cliente 0079,Mass,Ambato,38,1077.3,9,"Crédito Hipotecario, Tarjeta de Crédito",214308.33,284.99,10200.0,1142.0,"App, Branch, POS, Web",2,True,2.8,Food & Supermarket Lover,Supermarket
C000080,Cliente 0080,Mass,Ambato,18,891.27,8,"Crédito Hipotecario, Crédito de Consumo, Tarjeta de Crédito",176822.0,598.5,8800.0,876.0,"App, Branch, POS, Web",3,True,6.8,Food & Supermarket Lover,Supermarket
C000081,Cliente 0081,Mass,Desconocida,24,956.2,9,"Crédito Hipotecario, Crédito Vehicular, Tarjeta de Crédito",312301.71,166.06,5600.0,820.0,"ATM, Branch, POS, Web",3,True,3.0,Lifestyle Lover,Others
C000082,Cliente 0082,Affluent,Guayaquil,35,1462.58,21,"Crédito Hipotecario, Cuenta Corriente, Cuenta de Ahorros, Tarjeta de Crédito",285969.48,1465.75,29400.0,30.0,"App, Branch, POS, Web",4,True,5.0,Food & Supermarket Lover,Supermarket
C000083,Cliente 0083,Mass,Cuenca,36,555.3,6,"Crédito Hipotecario, Tarjeta de Crédito",71441.43,181.32,6500.0,463.0,"ATM, App, Branch, Web",2,True,2.8,Food & Supermarket Lover,Supermarket
C000084,Cliente 0084,Premium,Guayaquil,50,4630.39,14,"Cuenta Corriente, Tarjeta de Crédito",100976.6,2814.7,130000.0,283.0,"ATM, App, Branch, POS, Web",2,True,2.2,Entertainment & Streaming Lover,Entertainment
C000085,Cliente 0085,Mass,Guayaquil,51,2098.71,18,"Crédito Hipotecario, Crédito de Consumo, Cuenta de Ahorros, Tarjeta de Crédito",178877.7,1120.25,47300.0,469.0,"ATM, App, Branch, POS, Web",4,True,2.4,Lifestyle Lover,Fuel
C000086,Cliente 0086,Mass,Quito,36,969.86,16,"Cuenta Corriente, Cuenta de Ahorros, Tarjeta de Crédito",25296.149999999998,646.66,37700.0,1360.0,"ATM, App, Branch, POS, Web",3,True,1.7,Entertainment & Streaming Lover,Streaming
C000087,Cliente 0087,Mass,Guayaquil,47,797.22,16,"Crédito Vehicular, Cuenta de Ahorros, Tarjeta de Crédito",25230.49,666.18,16900.0,346.0,"ATM, App, Branch, POS, Web",3,True,3.9,Food & Supermarket Lover,Supermarket
C000088,Cliente 0088,Affluent,Guayaquil,49,2038.02,6,"Crédito Hipotecario, Crédito Vehicular",175164.99,0.0,0.0,1848.0,"App, Branch, Web",2,True,,Sin Perfil de Consumo,N/A
C000089,Cliente 0089,Premium,Quito,39,9401.64,15,"Crédito Hipotecario, Tarjeta de Crédito",288114.09,10233.93,239200.0,720.0,"App, POS, Web",2,True,4.3,Education Lover,Education
C000090,Cliente 0090,Mass,Quito,30,883.43,4,Tarjeta de Crédito,3013.44,129.32999999999998,4800.0,282.0,"App, POS",1,False,2.7,Lifestyle Lover,Fuel
C000091,Cliente 0091,Affluent,Quito,38,2527.2,2,Crédito de Consumo,32919.58,0.0,0.0,2178.0,"Branch, Web",1,False,,Sin Perfil de Consumo,N/A
C000092,Cliente 0092,Mass,Quito,48,1339.39,4,Cuenta de Ahorros,10554.8,0.0,0.0,,"Branch, Web",1,False,,Sin Perfil de Consumo,N/A
C000093,Cliente 0093,Mass,Ambato,38,1229.98,16,"Crédito de Consumo, Tarjeta de Crédito",12265.35,1089.23,24700.0,278.0,"App, Branch, POS, Web",2,True,4.4,Education Lover,Education
C000094,Cliente 0094,Mass,Cuenca,38,467.24,6,"Crédito Vehicular, Cuenta Corriente, Cuenta de Ahorros",32828.549999999996,0.0,0.0,778.0,"ATM, Branch, Web",3,True,,Sin Perfil de Consumo,N/A
C000095,Cliente 0095,Mass,Quito,48,750.36,3,Crédito Vehicular,53629.08,0.0,0.0,916.0,"App, Branch",1,False,,Sin Perfil de Consumo,N/A
C000096,Cliente 0096,Premium,Cuenca,52,3886.76,17,"Crédito Vehicular, Crédito de Consumo, Tarjeta de Crédito",128988.43000000001,4113.42,162400.0,689.0,"App, Branch, POS, Web",3,True,2.5,Food & Supermarket Lover,Supermarket
C000097,Cliente 0097,Mass,Guayaquil,46,952.91,11,"Crédito Hipotecario, Cuenta Corriente, Cuenta de Ahorros",206790.77,0.0,0.0,176.0,"ATM, App, Branch, Web",3,True,,Sin Perfil de Consumo,N/A
C000098,Cliente 0098,Mass,Guayaquil,49,636.04,4,"Crédito de Consumo, Cuenta Corriente",10203.08,0.0,0.0,1965.0,"App, Branch",2,True,,Sin Perfil de Consumo,N/A
C000099,Cliente 0099,Mass,Guayaquil,18,1703.63,5,"Crédito Hipotecario, Cuenta de Ahorros",139737.72,0.0,0.0,1356.0,"ATM, App, Branch, Web",2,True,,Sin Perfil de Consumo,N/A
C000100,Cliente 0100,Mass,Cuenca,46,870.1,14,"Crédito Hipotecario, Crédito de Consumo, Cuenta Corriente, Tarjeta de Crédito",224758.58,302.81,14000.0,266.0,"ATM, App, Branch, POS, Web",4,True,2.2,Lifestyle Lover,Fuel
C000101,Cliente 0101,Mass,Quito,34,2125.11,18,"Crédito de Consumo, Cuenta de Ahorros, Tarjeta de Crédito",55075.880000000005,1993.3200000000002,46200.0,311.0,"ATM, App, Branch, POS, Web",3,True,4.3,Food & Supermarket Lover,Food
C000102,Cliente 0102,Mass,Quito,34,518.55,6,Tarjeta de Crédito,3966.18,206.74,7800.0,940.0,"App, Branch, POS, Web",1,False,2.7,Education Lover,Education
C000103,Cliente 0103,Premium,Guayaquil,42,4597.87,8,"Cuenta de Ahorros, Tarjeta de Crédito",7994.75,2206.17,44800.0,576.0,"Branch, POS, Web",2,True,4.9,Travel Lover,Travel
C000104,Cliente 0104,Mass,Quito,49,1507.45,3,Cuenta Corriente,6114.18,0.0,0.0,,"Branch, Web",1,False,,Sin Perfil de Consumo,N/A
C000105,Cliente 0105,Premium,Guayaquil,40,5297.82,1,Crédito Hipotecario,60323.76,0.0,0.0,1730.0,Branch,1,False,,Sin Perfil de Consumo,N/A
C000106,Cliente 0106,Affluent,Guayaquil,40,2414.5,12,"Crédito de Consumo, Tarjeta de Crédito",23384.43,1698.77,24300.0,284.0,"App, Branch, POS, Web",2,True,7.0,Food & Supermarket Lover,Food
C000107,Cliente 0107,Mass,Guayaquil,61,670.08,1,Crédito de Consumo,2312.98,0.0,0.0,1423.0,App,1,False,,Sin Perfil de Consumo,N/A
C000108,Cliente 0108,PyME,Guayaquil,27,2121.18,1,Cuenta Corriente,-100.0,0.0,0.0,,App,1,False,,Sin Perfil de Consumo,N/A
C000109,Cliente 0109,Affluent,Quito,48,2444.48,15,"Crédito Hipotecario, Cuenta de Ahorros, Tarjeta de Crédito",77205.23,2702.4700000000003,84000.0,141.0,"App, Branch, POS, Web",3,True,3.2,Entertainment & Streaming Lover,Streaming
C000110,Cliente 0110,Premium,Quito,35,6842.24,3,"Crédito Vehicular, Crédito de Consumo",76949.36,0.0,0.0,573.0,"App, Branch, Web",2,True,,Sin Perfil de Consumo,N/A
C000111,Cliente 0111,PyME,Quito,46,2412.35,5,"Crédito Vehicular, Cuenta de Ahorros",42377.35,0.0,0.0,1784.0,"POS, Web",2,True,,Sin Perfil de Consumo,N/A
C000112,Cliente 0112,PyME,Quito,38,1584.01,9,"Crédito Hipotecario, Cuenta Corriente, Tarjeta de Crédito",128599.62,610.8,14000.0,663.0,"ATM, App, Branch, POS, Web",3,True,4.4,Food & Supermarket Lover,Supermarket
C000113,Cliente 0113,Mass,Guayaquil,65,741.54,18,"Crédito Hipotecario, Crédito Vehicular, Crédito de Consumo, Tarjeta de Crédito",80622.59,554.16,19600.0,1024.0,"App, Branch, POS, Web",4,True,2.8,Travel Lover,Travel
C000114,Cliente 0114,Premium,Guayaquil,57,2243.46,14,"Crédito de Consumo, Cuenta de Ahorros, Tarjeta de Crédito",43847.770000000004,1748.47,54000.0,597.0,"ATM, App, Branch, POS, Web",3,True,3.2,Tech Lover,Technology
C000115,Cliente 0115,Mass,Manta,34,1717.11,13,"Crédito de Consumo, Tarjeta de Crédito",14443.64,1751.12,49500.0,676.0,"App, Branch, POS, Web",2,True,3.5,Health & Wellness Lover,Health
C000116,Cliente 0116,Affluent,Loja,31,2641.54,15,"Cuenta Corriente, Cuenta de Ahorros, Tarjeta de Crédito",96086.08,1439.6000000000001,50400.0,971.0,"ATM, App, Branch, POS, Web",3,True,2.9,Food & Supermarket Lover,Supermarket
C000117,Cliente 0117,Affluent,Manta,47,2881.36,3,Crédito Vehicular,28291.77,0.0,0.0,891.0,"App, Web",1,False,,Sin Perfil de Consumo,N/A
C000118,Cliente 0118,Affluent,Guayaquil,32,1531.34,17,"Crédito Hipotecario, Cuenta Corriente, Cuenta de Ahorros, Tarjeta de Crédito",218973.33,544.45,22800.0,940.0,"ATM, App, Branch, POS, Web",4,True,2.4,Food & Supermarket Lover,Supermarket
C000119,Cliente 0119,Mass,Guayaquil,42,1054.25,11,"Crédito de Consumo, Tarjeta de Crédito",13383.09,404.58,16000.0,217.0,"App, Branch, POS, Web",2,True,2.5,Entertainment & Streaming Lover,Streaming
C000120,Cliente 0120,Affluent,Quito,18,2728.3,16,"Crédito de Consumo, Cuenta Corriente, Tarjeta de Crédito",56138.64,1820.67,30800.0,646.0,"ATM, App, Branch, POS",3,True,5.9,Lifestyle Lover,Fuel
C000121,Cliente 0121,PyME,Quito,25,2508.43,14,"Crédito Vehicular, Tarjeta de Crédito",39691.450000000004,2925.45,42900.0,1420.0,"App, Branch, POS, Web",2,True,6.8,Education Lover,Education
C000122,Cliente 0122,Affluent,Guayaquil,24,1393.52,20,"Cuenta Corriente, Cuenta de Ahorros, Tarjeta de Crédito",44308.92,957.29,34800.0,265.0,"App, Branch, POS, Web",3,True,2.8,Tech Lover,Technology
C000123,Cliente 0123,Premium,Loja,18,3945.89,10,"Crédito Vehicular, Cuenta de Ahorros, Tarjeta de Crédito",147857.33,1438.27,33200.0,145.0,"App, Branch, POS, Web",3,True,4.3,Tech Lover,Technology
C000124,Cliente 0124,Joven,Guayaquil,56,561.33,15,"Cuenta de Ahorros, Tarjeta de Crédito",6376.92,433.48,7200.0,981.0,"ATM, App, POS, Web",2,True,6.0,Tech Lover,Technology
C000125,Cliente 0125,Mass,Loja,35,935.9,7,"Crédito Vehicular, Crédito de Consumo, Cuenta de Ahorros",57073.29,0.0,0.0,308.0,"ATM, Branch, Web",3,True,,Sin Perfil de Consumo,N/A
C000126,Cliente 0126,Premium,Loja,51,2957.88,8,"Crédito Hipotecario, Crédito Vehicular, Tarjeta de Crédito",178212.47999999998,1085.19,28400.0,1330.0,"App, Branch, POS, Web",3,True,3.8,Tech Lover,Technology
C000127,Cliente 0127,Premium,Cuenca,37,6218.82,1,Crédito de Consumo,29336.84,0.0,0.0,878.0,Branch,1,False,,Sin Perfil de Consumo,N/A
C000128,Cliente 0128,Affluent,Guayaquil,42,2200.52,10,"Crédito Hipotecario, Tarjeta de Crédito",187160.06999999998,855.62,42700.0,289.0,"App, Branch, POS, Web",2,True,2.0,Travel Lover,Travel
C000129,Cliente 0129,Mass,Guayaquil,35,1417.06,6,"Crédito Hipotecario, Tarjeta de Crédito",169123.28000000003,262.51,11200.0,704.0,"ATM, App, POS",2,True,2.3,Tech Lover,Technology
C000130,Cliente 0130,Affluent,Quito,40,1565.48,12,"Crédito Vehicular, Cuenta de Ahorros, Tarjeta de Crédito",39111.01,842.16,19800.0,531.0,"App, Branch, POS, Web",3,True,4.3,Food & Supermarket Lover,Food
C000131,Cliente 0131,Mass,Guayaquil,31,2146.75,6,"Crédito de Consumo, Cuenta Corriente, Tarjeta de Crédito",9403.29,475.95,12000.0,62.0,"App, Branch, POS, Web",3,True,4.0,Food & Supermarket Lover,Food
C000132,Cliente 0132,Affluent,Manta,28,1917.03,3,Cuenta Corriente,15866.189999999999,0.0,0.0,,"ATM, App, Branch",1,False,,Sin Perfil de Consumo,N/A
C000133,Cliente 0133,Affluent,Cuenca,49,1819.21,12,"Crédito Hipotecario, Crédito Vehicular, Tarjeta de Crédito",125133.38,638.91,36400.0,456.0,"ATM, App, Branch, POS, Web",3,True,1.8,Food & Supermarket Lover,Food
C000134,Cliente 0134,Mass,Manta,37,568.13,17,"Crédito Hipotecario, Crédito Vehicular, Cuenta de Ahorros, Tarjeta de Crédito",174009.13,380.04,16800.0,1209.0,"App, Branch, POS, Web",4,True,2.3,Food & Supermarket Lover,Supermarket
C000135,Cliente 0135,Premium,Quito,18,4219.85,18,"Cuenta Corriente, Cuenta de Ahorros, Tarjeta de Crédito",99610.76,2233.61,104000.0,944.0,"App, Branch, POS, Web",3,True,2.1,Food & Supermarket Lover,Supermarket
C000136,Cliente 0136,Affluent,Quito,29,2702.05,3,"Crédito de Consumo, Cuenta de Ahorros",1836.6,0.0,0.0,1402.0,"App, Branch",2,True,,Sin Perfil de Consumo,N/A
C000137,Cliente 0137,Joven,Manta,56,511.61,2,Cuenta de Ahorros,1237.54,0.0,0.0,,"App, Web",1,False,,Sin Perfil de Consumo,N/A
C000138,Cliente 0138,Mass,Quito,54,825.89,12,"Crédito de Consumo, Tarjeta de Crédito",7016.91,939.5,16500.0,1233.0,"App, Branch, POS, Web",2,True,5.7,Entertainment & Streaming Lover,Streaming
C000139,Cliente 0139,Affluent,Loja,74,1675.95,16,"Crédito Hipotecario, Cuenta Corriente, Tarjeta de Crédito",114032.46,1070.52,22000.0,910.0,"ATM, App, Branch, POS, Web",3,True,4.9,Health & Wellness Lover,Health
C000140,Cliente 0140,Mass,Quito,35,2554.25,3,Crédito Vehicular,40858.590000000004,0.0,0.0,351.0,Branch,1,False,,Sin Perfil de Consumo,N/A
C000141,Cliente 0141,Affluent,Quito,51,2728.62,14,"Crédito de Consumo, Cuenta Corriente, Tarjeta de Crédito",32910.6,2467.9900000000002,30800.0,351.0,"ATM, App, Branch, POS, Web",3,True,8.0,Travel Lover,Travel
C000142,Cliente 0142,Premium,Guayaquil,20,7922.7,21,"Crédito Hipotecario, Crédito de Consumo, Cuenta de Ahorros, Tarjeta de Crédito",270370.93,6565.37,163800.0,619.0,"ATM, App, Branch, POS, Web",4,True,4.0,Food & Supermarket Lover,Supermarket
C000143,Cliente 0143,PyME,Guayaquil,26,1499.27,13,"Crédito Vehicular, Crédito de Consumo, Cuenta Corriente, Tarjeta de Crédito",58211.89,884.46,31200.0,117.0,"Branch, POS, Web",4,True,2.8,Health & Wellness Lover,Health
C000144,Cliente 0144,Premium,Quito,42,5164.52,2,Crédito Vehicular,39582.4,0.0,0.0,1986.0,"Branch, Web",1,False,,Sin Perfil de Consumo,N/A
C000145,Cliente 0145,Joven,Cuenca,37,1649.94,15,"Crédito de Consumo, Cuenta de Ahorros, Tarjeta de Crédito",18084.79,843.48,59800.0,377.0,"App, Branch, POS, Web",3,True,1.4,Food & Supermarket Lover,Food
C000146,Cliente 0146,Mass,Guayaquil,56,1151.49,6,"Cuenta Corriente, Tarjeta de Crédito",3619.7,387.09000000000003,14000.0,1009.0,"App, POS, Web",2,True,2.8,Food & Supermarket Lover,Supermarket
C000147,Cliente 0147,Premium,Quito,59,3968.35,9,"Crédito Hipotecario, Tarjeta de Crédito",32195.210000000003,1630.28,64800.0,475.0,"App, Branch, POS, Web",2,True,2.5,Tech Lover,Technology
C000148,Cliente 0148,Mass,Loja,29,705.23,4,Cuenta de Ahorros,11997.76,0.0,0.0,,"App, Branch",1,False,,Sin Perfil de Consumo,N/A
C000149,Cliente 0149,Mass,Quito,37,1125.25,11,"Crédito de Consumo, Tarjeta de Crédito",23298.309999999998,451.64,23200.0,369.0,"App, Branch, POS",2,True,1.9,Food & Supermarket Lover,Food
C000150,Cliente 0150,Mass,Guayaquil,52,472.26,13,"Crédito Hipotecario, Crédito de Consumo, Cuenta Corriente, Tarjeta de Crédito",191118.31,167.81,5600.0,394.0,"ATM, App, Branch, POS, Web",4,True,3.0,Entertainment & Streaming Lover,Streaming
C000151,Cliente 0151,Premium,Guayaquil,18,2238.32,18,"Crédito Vehicular, Cuenta Corriente, Cuenta de Ahorros, Tarjeta de Crédito",49976.12,1359.89,30000.0,865.0,"ATM, App, Branch, POS, Web",4,True,4.5,Food & Supermarket Lover,Supermarket
C000152,Cliente 0152,Affluent,Manta,35,1951.46,18,"Crédito de Consumo, Cuenta Corriente, Tarjeta de Crédito",54147.06,1995.0,37800.0,108.0,"ATM, App, Branch, POS, Web",3,True,5.3,Food & Supermarket Lover,Food
C000153,Cliente 0153,PyME,Loja,48,1866.27,11,"Cuenta Corriente, Cuenta de Ahorros, Tarjeta de Crédito",46272.93,893.8399999999999,19500.0,794.0,"ATM, App, Branch, POS, Web",3,True,4.6,Education Lover,Education
C000154,Cliente 0154,Premium,Quito,34,2386.12,13,"Crédito Vehicular, Cuenta Corriente, Tarjeta de Crédito",44376.21,1531.4099999999999,46400.0,34.0,"App, Branch, POS, Web",3,True,3.3,Travel Lover,Travel
C000155,Cliente 0155,Premium,Guayaquil,44,4576.61,9,"Crédito Vehicular, Tarjeta de Crédito",19124.87,1910.56,59200.0,209.0,"ATM, App, POS, Web",2,True,3.2,Tech Lover,Technology
C000156,Cliente 0156,Joven,Quito,53,819.4,19,"Crédito Hipotecario, Crédito de Consumo, Cuenta de Ahorros, Tarjeta de Crédito",96877.78,715.36,19600.0,597.0,"ATM, App, Branch, POS, Web",4,True,3.6,Travel Lover,Travel
C000157,Cliente 0157,Joven,Quito,50,476.96,7,"Crédito de Consumo, Tarjeta de Crédito",7746.88,190.59,6500.0,413.0,"ATM, App, POS, Web",2,True,2.9,Food & Supermarket Lover,Food
C000158,Cliente 0158,Premium,Loja,31,2213.43,2,Crédito de Consumo,52175.7,0.0,0.0,1889.0,Web,1,False,,Sin Perfil de Consumo,N/A
C000159,Cliente 0159,Joven,Guayaquil,50,675.06,14,Tarjeta de Crédito,5175.66,661.02,22400.0,902.0,"App, Branch, POS, Web",1,False,3.0,Food & Supermarket Lover,Food
C000160,Cliente 0160,Premium,Guayaquil,46,5649.6,10,"Cuenta de Ahorros, Tarjeta de Crédito",51964.47,1547.53,55200.0,297.0,"ATM, App, Branch, POS, Web",2,True,2.8,Food & Supermarket Lover,Supermarket
C000161,Cliente 0161,Premium,Ambato,36,3315.29,9,"Crédito Vehicular, Tarjeta de Crédito",28689.65,1206.54,63200.0,1476.0,"App, Branch, POS, Web",2,True,1.9,Entertainment & Streaming Lover,Streaming
C000162,Cliente 0162,PyME,Ambato,28,2851.56,3,Crédito Vehicular,46954.409999999996,0.0,0.0,328.0,"App, Branch, Web",1,False,,Sin Perfil de Consumo,N/A
C000163,Cliente 0163,Mass,Quito,48,838.21,6,"Crédito Vehicular, Cuenta Corriente, Tarjeta de Crédito",25412.5,443.58,3600.0,1327.0,"Branch, POS, Web",3,True,12.3,Tech Lover,Technology
C000164,Cliente 0164,Mass,Cuenca,47,767.23,15,"Crédito de Consumo, Tarjeta de Crédito",9259.77,409.59,26400.0,257.0,"ATM, App, Branch, POS, Web",2,True,1.6,Tech Lover,Technology
C000165,Cliente 0165,Affluent,Quito,45,1891.0,11,"Crédito Hipotecario, Crédito de Consumo, Tarjeta de Crédito",265006.94,1078.6599999999999,28700.0,571.0,"App, Branch, POS, Web",3,True,3.8,Travel Lover,Travel
C000166,Cliente 0166,PyME,Quito,53,4279.25,3,Cuenta Corriente,58239.479999999996,0.0,0.0,,"ATM, Branch, Web",1,False,,Sin Perfil de Consumo,N/A
C000167,Cliente 0167,Mass,Quito,51,752.33,13,"Crédito Hipotecario, Crédito Vehicular, Tarjeta de Crédito",124809.79000000001,464.83,22000.0,106.0,"ATM, App, Branch, POS, Web",3,True,2.1,Lifestyle Lover,Others
C000168,Cliente 0168,Premium,Cuenca,54,2986.96,22,"Crédito de Consumo, Cuenta Corriente, Cuenta de Ahorros, Tarjeta de Crédito",108734.24,4205.95,78100.0,739.0,"ATM, App, Branch, POS, Web",4,True,5.4,Food & Supermarket Lover,Supermarket
C000169,Cliente 0169,PyME,Quito,23,4894.01,2,Crédito Hipotecario,180785.68,0.0,0.0,842.0,"Branch, Web",1,False,,Sin Perfil de Consumo,N/A
C000170,Cliente 0170,Affluent,Quito,24,2017.19,10,"Crédito de Consumo, Tarjeta de Crédito",34923.4,1200.13,41400.0,94.0,"ATM, App, Branch, POS, Web",2,True,2.9,Travel Lover,Travel
C000171,Cliente 0171,Mass,Ambato,28,854.99,3,"Crédito Hipotecario, Cuenta de Ahorros",193368.69,0.0,0.0,1863.0,"ATM, Branch, Web",2,True,,Sin Perfil de Consumo,N/A
C000172,Cliente 0172,Mass,Quito,35,827.51,15,"Crédito Vehicular, Cuenta de Ahorros, Tarjeta de Crédito",64565.45,787.9300000000001,24200.0,1175.0,"App, Branch, POS, Web",3,True,3.3,Entertainment & Streaming Lover,Entertainment
C000173,Cliente 0173,Mass,Quito,43,1110.88,10,"Crédito de Consumo, Cuenta de Ahorros, Tarjeta de Crédito",8274.699999999999,632.87,13300.0,125.0,"App, Branch, POS, Web",3,True,4.8,Food & Supermarket Lover,Supermarket
C000174,Cliente 0174,Mass,Cuenca,35,1247.27,2,Cuenta Corriente,5459.2,0.0,0.0,,"App, Branch",1,False,,Sin Perfil de Consumo,N/A
C000175,Cliente 0175,Premium,Cuenca,47,3004.56,14,"Crédito Hipotecario, Cuenta de Ahorros, Tarjeta de Crédito",124449.41,2462.51,77400.0,1253.0,"App, Branch, POS, Web",3,True,3.2,Education Lover,Education
C000176,Cliente 0176,Mass,Guayaquil,39,491.22,1,Crédito Vehicular,12960.65,0.0,0.0,975.0,App,1,False,,Sin Perfil de Consumo,N/A
C000177,Cliente 0177,Affluent,Quito,32,2256.64,13,"Cuenta de Ahorros, Tarjeta de Crédito",48704.75,1298.15,37800.0,1250.0,"App, Branch, POS, Web",2,True,3.4,Food & Supermarket Lover,Supermarket
C000178,Cliente 0178,Premium,Quito,41,3750.7,6,"Crédito Hipotecario, Crédito Vehicular, Cuenta Corriente",137597.46,0.0,0.0,355.0,"ATM, App, Branch, Web",3,True,,Sin Perfil de Consumo,N/A
C000179,Cliente 0179,Affluent,Ambato,23,1926.31,11,"Crédito Vehicular, Crédito de Consumo, Cuenta Corriente, Tarjeta de Crédito",60675.61,620.47,21000.0,207.0,"ATM, Branch, POS, Web",4,True,3.0,Tech Lover,Technology
C000180,Cliente 0180,Joven,Guayaquil,34,643.32,14,Tarjeta de Crédito,9598.96,593.47,22400.0,481.0,"App, POS, Web",1,False,2.6,Food & Supermarket Lover,Food
C000181,Cliente 0181,Affluent,Quito,36,2016.02,15,"Crédito de Consumo, Tarjeta de Crédito",27194.04,1807.68,66300.0,1008.0,"App, Branch, POS, Web",2,True,2.7,Food & Supermarket Lover,Food
C000182,Cliente 0182,Joven,Desconocida,41,655.96,4,"Crédito Hipotecario, Cuenta de Ahorros",179172.68,0.0,0.0,817.0,"Branch, Web",2,True,,Sin Perfil de Consumo,N/A
C000183,Cliente 0183,Mass,Guayaquil,54,852.35,13,Tarjeta de Crédito,8726.64,1120.47,31200.0,1099.0,"App, POS",1,False,3.6,Food & Supermarket Lover,Food
C000184,Cliente 0184,Affluent,Cuenca,27,2082.5,20,"Crédito Hipotecario, Crédito Vehicular, Crédito de Consumo, Tarjeta de Crédito",153826.72,1507.78,37700.0,701.0,"App, Branch, POS, Web",4,True,4.0,Food & Supermarket Lover,Food
C000185,Cliente 0185,Affluent,Quito,18,1403.69,6,"Crédito Hipotecario, Tarjeta de Crédito",170737.82,229.75,9600.0,406.0,"App, POS, Web",2,True,2.4,Lifestyle Lover,Others
C000186,Cliente 0186,Premium,Manta,41,1907.37,8,"Crédito de Consumo, Cuenta Corriente, Cuenta de Ahorros",63814.8,0.0,0.0,715.0,"ATM, App, Branch, Web",3,True,,Sin Perfil de Consumo,N/A
C000187,Cliente 0187,PyME,Quito,38,2366.51,18,"Cuenta Corriente, Cuenta de Ahorros, Tarjeta de Crédito",30087.64,1932.3,44800.0,1217.0,"ATM, App, Branch, POS, Web",3,True,4.3,Tech Lover,Technology
C000188,Cliente 0188,Joven,Guayaquil,31,914.66,13,"Crédito Hipotecario, Crédito de Consumo, Tarjeta de Crédito",174923.15,754.47,9600.0,347.0,"ATM, App, Branch, POS, Web",3,True,7.9,Travel Lover,Travel
C000189,Cliente 0189,Premium,Ambato,26,3262.28,11,"Crédito Vehicular, Cuenta de Ahorros, Tarjeta de Crédito",73792.39,1332.15,57000.0,870.0,"App, POS, Web",3,True,2.3,Food & Supermarket Lover,Food
C000190,Cliente 0190,Joven,Guayaquil,68,481.66,9,"Crédito Hipotecario, Crédito de Consumo, Tarjeta de Crédito",138102.6,264.72,3000.0,554.0,"App, Branch, POS, Web",3,True,8.8,Food & Supermarket Lover,Supermarket
C000191,Cliente 0191,Mass,Cuenca,35,1357.34,22,"Crédito Hipotecario, Crédito Vehicular, Cuenta Corriente, Tarjeta de Crédito",212443.55000000002,1050.22,28600.0,764.0,"ATM, App, Branch, POS, Web",4,True,3.7,Travel Lover,Travel
C000192,Cliente 0192,PyME,Cuenca,42,3163.61,18,"Crédito Hipotecario, Crédito de Consumo, Tarjeta de Crédito",115018.81,3424.17,105000.0,589.0,"ATM, App, Branch, POS, Web",3,True,3.3,Food & Supermarket Lover,Supermarket
C000193,Cliente 0193,Affluent,Cuenca,38,2968.92,4,"Crédito Hipotecario, Crédito de Consumo",152062.31,0.0,0.0,548.0,"ATM, App, Branch",2,True,,Sin Perfil de Consumo,N/A
C000194,Cliente 0194,Mass,Cuenca,37,980.57,12,"Cuenta Corriente, Tarjeta de Crédito",1639.77,427.36,17100.0,139.0,"ATM, App, Branch, POS, Web",2,True,2.5,Lifestyle Lover,Others
C000195,Cliente 0195,Mass,Cuenca,51,550.6,16,"Crédito de Consumo, Tarjeta de Crédito",9760.64,649.72,9800.0,913.0,"App, Branch, POS, Web",2,True,6.6,Tech Lover,Technology
C000196,Cliente 0196,Joven,Quito,50,350.53,9,Tarjeta de Crédito,0.0,154.46,6300.0,790.0,"Branch, POS, Web",1,False,2.5,Lifestyle Lover,Fuel
C000197,Cliente 0197,Mass,Guayaquil,40,1318.72,12,"Cuenta Corriente, Cuenta de Ahorros, Tarjeta de Crédito",20145.02,567.78,14000.0,1150.0,"App, Branch, POS, Web",3,True,4.1,Food & Supermarket Lover,Supermarket
C000198,Cliente 0198,Mass,Guayaquil,52,1269.3,3,"Crédito Vehicular, Cuenta Corriente",36331.4,0.0,0.0,183.0,"Branch, Web",2,True,,Sin Perfil de Consumo,N/A
C000199,Cliente 0199,Mass,Ambato,47,1013.7,5,Tarjeta de Crédito,4880.5,218.88,14500.0,907.0,"Branch, POS",1,False,1.5,Entertainment & Streaming Lover,Streaming
C000200,Cliente 0200,Mass,Manta,36,1255.17,19,"Crédito de Consumo, Cuenta de Ahorros, Tarjeta de Crédito",23944.06,1239.03,42000.0,59.0,"ATM, App, Branch, POS, Web",3,True,3.0,Food & Supermarket Lover,Food
C000201,Cliente 0201,PyME,Cuenca,34,4113.93,21,"Crédito Hipotecario, Cuenta Corriente, Cuenta de Ahorros, Tarjeta de Crédito",175098.19,3841.87,110600.0,204.0,"ATM, App, Branch, POS, Web",4,True,3.5,Lifestyle Lover,Fuel
C000202,Cliente 0202,Mass,Quito,43,725.19,16,"Crédito Hipotecario, Cuenta Corriente, Tarjeta de Crédito",435615.18,543.52,18000.0,605.0,"ATM, App, Branch, POS, Web",3,True,3.0,Education Lover,Education
C000203,Cliente 0203,Mass,Cuenca,49,1126.81,3,"Crédito Vehicular, Crédito de Consumo",28873.84,0.0,0.0,174.0,"ATM, App, Branch",2,True,,Sin Perfil de Consumo,N/A
C000204,Cliente 0204,PyME,Cuenca,54,1239.6,15,"Cuenta Corriente, Tarjeta de Crédito",15310.5,1054.5,38400.0,359.0,"ATM, App, Branch, POS, Web",2,True,2.7,Food & Supermarket Lover,Supermarket
C000205,Cliente 0205,Affluent,Loja,41,1908.82,11,"Crédito Vehicular, Crédito de Consumo, Tarjeta de Crédito",70876.83,803.0600000000001,23100.0,1101.0,"ATM, Branch, POS, Web",3,True,3.5,Tech Lover,Technology
C000206,Cliente 0206,Mass,Quito,34,1131.13,1,Cuenta de Ahorros,1060.0,0.0,0.0,,Web,1,False,,Sin Perfil de Consumo,N/A
C000207,Cliente 0207,Premium,Cuenca,39,3319.89,13,"Crédito de Consumo, Cuenta de Ahorros, Tarjeta de Crédito",96128.44,1003.76,52800.0,384.0,"App, Branch, POS",3,True,1.9,Education Lover,Education
C000208,Cliente 0208,Joven,Manta,35,436.36,5,"Crédito Vehicular, Crédito de Consumo, Cuenta Corriente",25894.829999999998,0.0,0.0,1403.0,"App, Branch",3,True,,Sin Perfil de Consumo,N/A
C000209,Cliente 0209,Joven,Quito,48,931.16,17,"Crédito Hipotecario, Tarjeta de Crédito",140435.34,1262.58,21000.0,606.0,"ATM, App, Branch, POS, Web",2,True,6.0,Health & Wellness Lover,Health
C000210,Cliente 0210,PyME,Quito,54,3174.97,4,"Crédito de Consumo, Cuenta Corriente",57535.75,0.0,0.0,494.0,"App, Branch, Web",2,True,,Sin Perfil de Consumo,N/A
C000211,Cliente 0211,Mass,Manta,37,1203.0,6,"Crédito de Consumo, Tarjeta de Crédito",11077.18,324.98,7500.0,178.0,"App, POS, Web",2,True,4.3,Food & Supermarket Lover,Food
C000212,Cliente 0212,Premium,Guayaquil,41,7047.97,14,"Crédito Hipotecario, Cuenta Corriente, Tarjeta de Crédito",330994.2,3392.74,167000.0,93.0,"App, Branch, POS, Web",3,True,2.0,Lifestyle Lover,Others
C000213,Cliente 0213,Affluent,Guayaquil,39,4846.13,15,"Crédito Vehicular, Crédito de Consumo, Tarjeta de Crédito",69760.67,4063.0,64900.0,1279.0,"App, Branch, POS, Web",3,True,6.3,Food & Supermarket Lover,Supermarket
C000214,Cliente 0214,Mass,Guayaquil,32,872.35,8,"Crédito Vehicular, Tarjeta de Crédito",32950.479999999996,358.93,14400.0,103.0,"Branch, POS, Web",2,True,2.5,Food & Supermarket Lover,Supermarket
C000215,Cliente 0215,Mass,Cuenca,35,826.91,7,"Crédito Hipotecario, Cuenta Corriente, Tarjeta de Crédito",54599.1,298.1,5000.0,1049.0,"App, Branch, POS",3,True,6.0,Travel Lover,Travel
C000216,Cliente 0216,PyME,Guayaquil,43,2895.72,9,"Crédito de Consumo, Tarjeta de Crédito",37061.61,2527.45,23100.0,367.0,"App, Branch, POS",2,True,10.9,Food & Supermarket Lover,Food
C000217,Cliente 0217,Affluent,Cuenca,40,1401.83,12,"Crédito de Consumo, Tarjeta de Crédito",61660.2,831.1,37800.0,94.0,"App, Branch, POS, Web",2,True,2.2,Food & Supermarket Lover,Food
C000218,Cliente 0218,Joven,Guayaquil,27,567.27,13,"Crédito Hipotecario, Crédito de Consumo, Tarjeta de Crédito",306125.63,363.22,8400.0,270.0,"ATM, App, Branch, POS, Web",3,True,4.3,Entertainment & Streaming Lover,Streaming
C000219,Cliente 0219,PyME,Guayaquil,38,4107.32,2,Crédito de Consumo,33453.14,0.0,0.0,626.0,"ATM, Branch",1,False,,Sin Perfil de Consumo,N/A
C000220,Cliente 0220,Mass,Guayaquil,35,713.47,17,"Crédito Hipotecario, Cuenta de Ahorros, Tarjeta de Crédito",187717.82,295.82,18700.0,163.0,"ATM, App, POS, Web",3,True,1.6,Travel Lover,Travel
C000221,Cliente 0221,Mass,Guayaquil,46,1075.39,17,"Crédito de Consumo, Cuenta Corriente, Tarjeta de Crédito",16679.89,884.53,32500.0,192.0,"App, Branch, POS, Web",3,True,2.7,Tech Lover,Technology
C000222,Cliente 0222,Mass,Quito,45,933.02,20,"Crédito de Consumo, Cuenta Corriente, Tarjeta de Crédito",16145.16,864.84,25200.0,1111.0,"ATM, Branch, POS, Web",3,True,3.4,Entertainment & Streaming Lover,Entertainment
C000223,Cliente 0223,Mass,Quito,44,804.31,19,"Crédito Hipotecario, Crédito de Consumo, Cuenta de Ahorros, Tarjeta de Crédito",55072.33,315.31,22800.0,64.0,"ATM, App, Branch, POS, Web",4,True,1.4,Travel Lover,Travel
C000224,Cliente 0224,Joven,Quito,29,503.52,19,"Crédito de Consumo, Cuenta de Ahorros, Tarjeta de Crédito",16421.51,509.51,14000.0,1139.0,"ATM, App, Branch, POS, Web",3,True,3.6,Food & Supermarket Lover,Supermarket
C000225,Cliente 0225,PyME,Quito,46,2189.29,4,"Crédito Vehicular, Cuenta Corriente",52075.65000000001,0.0,0.0,1502.0,"ATM, Branch, Web",2,True,,Sin Perfil de Consumo,N/A
C000226,Cliente 0226,Mass,Cuenca,42,897.82,14,"Crédito Vehicular, Tarjeta de Crédito",31636.510000000002,903.7,19500.0,528.0,"App, Branch, POS, Web",2,True,4.6,Food & Supermarket Lover,Supermarket
C000227,Cliente 0227,Mass,Cuenca,23,1267.59,7,"Crédito Vehicular, Tarjeta de Crédito",24288.29,286.31,18000.0,780.0,"ATM, App, Branch, POS, Web",2,True,1.6,Food & Supermarket Lover,Food
C000228,Cliente 0228,Affluent,Quito,31,2041.5,3,Crédito Hipotecario,214960.65000000002,0.0,0.0,400.0,"App, Web",1,False,,Sin Perfil de Consumo,N/A
C000229,Cliente 0229,Mass,Manta,34,710.86,2,Cuenta de Ahorros,8109.28,0.0,0.0,,"Branch, POS",1,False,,Sin Perfil de Consumo,N/A
C000230,Cliente 0230,Mass,Manta,45,722.09,5,"Cuenta Corriente, Tarjeta de Crédito",5625.66,174.43,8400.0,510.0,"App, POS, Web",2,True,2.1,Health & Wellness Lover,Health
C000231,Cliente 0231,Mass,Quito,23,1263.81,3,"Crédito Vehicular, Crédito de Consumo",51024.06,0.0,0.0,1681.0,"App, Branch, Web",2,True,,Sin Perfil de Consumo,N/A
C000232,Cliente 0232,Affluent,Quito,34,1953.34,14,"Cuenta Corriente, Cuenta de Ahorros, Tarjeta de Crédito",35314.61,1100.52,31900.0,824.0,"ATM, App, Branch, POS, Web",3,True,3.4,Food & Supermarket Lover,Food
C000233,Cliente 0233,Mass,Guayaquil,40,846.93,17,"Crédito de Consumo, Cuenta Corriente, Tarjeta de Crédito",17797.010000000002,478.58,26000.0,708.0,"ATM, App, Branch, POS, Web",3,True,1.8,Health & Wellness Lover,Health
C000234,Cliente 0234,Joven,Manta,36,638.49,9,Tarjeta de Crédito,3586.9500000000003,376.52,16200.0,1440.0,"App, Branch, POS, Web",1,False,2.3,Travel Lover,Travel
C000235,Cliente 0235,Mass,Guayaquil,21,2087.63,1,Crédito de Consumo,1535.0,0.0,0.0,1513.0,App,1,False,,Sin Perfil de Consumo,N/A
C000236,Cliente 0236,Mass,Guayaquil,44,896.24,1,Crédito Hipotecario,59039.72,0.0,0.0,1863.0,Branch,1,False,,Sin Perfil de Consumo,N/A
C000237,Cliente 0237,Premium,Quito,58,3209.19,12,Tarjeta de Crédito,25960.44,3947.42,106800.0,498.0,"ATM, POS, Web",1,False,3.7,Travel Lover,Travel
C000238,Cliente 0238,Premium,Quito,26,6381.3,13,"Crédito Hipotecario, Crédito Vehicular, Cuenta Corriente, Tarjeta de Crédito",282429.69,741.8299999999999,42000.0,497.0,"App, Branch, POS, Web",4,True,1.8,Lifestyle Lover,Others
C000239,Cliente 0239,Premium,Guayaquil,58,5326.97,10,"Crédito Hipotecario, Tarjeta de Crédito",127647.77,2628.7599999999998,40600.0,934.0,"ATM, App, POS, Web",2,True,6.5,Food & Supermarket Lover,Supermarket
C000240,Cliente 0240,Mass,Guayaquil,22,1139.62,13,"Crédito Vehicular, Tarjeta de Crédito",20114.649999999998,1158.02,37200.0,170.0,"App, Branch, POS, Web",2,True,3.1,Travel Lover,Travel
C000241,Cliente 0241,Affluent,Loja,34,2594.07,2,Cuenta de Ahorros,9629.08,0.0,0.0,,"App, Branch",1,False,,Sin Perfil de Consumo,N/A
C000242,Cliente 0242,Mass,Guayaquil,33,831.65,3,Cuenta Corriente,7273.4400000000005,0.0,0.0,,"ATM, Branch, Web",1,False,,Sin Perfil de Consumo,N/A
C000243,Cliente 0243,PyME,Guayaquil,18,1598.36,6,"Crédito Vehicular, Crédito de Consumo, Cuenta Corriente",39354.97,0.0,0.0,1198.0,"App, Branch, Web",3,True,,Sin Perfil de Consumo,N/A
C000244,Cliente 0244,Mass,Guayaquil,39,1317.44,18,"Crédito de Consumo, Cuenta Corriente, Tarjeta de Crédito",28985.23,1720.46,37800.0,135.0,"ATM, App, Branch, POS, Web",3,True,4.6,Entertainment & Streaming Lover,Streaming
C000245,Cliente 0245,Mass,Cuenca,50,1227.75,1,Crédito de Consumo,4840.44,0.0,0.0,1376.0,Web,1,False,,Sin Perfil de Consumo,N/A
C000246,Cliente 0246,Mass,Quito,51,1268.0,7,"Crédito Hipotecario, Tarjeta de Crédito",74618.87999999999,421.29999999999995,11400.0,99.0,"App, Branch, POS",2,True,3.7,Travel Lover,Travel
C000247,Cliente 0247,Premium,Ambato,18,3485.16,6,"Crédito Hipotecario, Crédito Vehicular, Cuenta Corriente",135341.4,0.0,0.0,104.0,"Branch, Web",3,True,,Sin Perfil de Consumo,N/A
C000248,Cliente 0248,Affluent,Manta,27,4412.28,7,"Cuenta Corriente, Tarjeta de Crédito",35819.31,1820.5000000000002,49000.0,1138.0,"App, POS, Web",2,True,3.7,Travel Lover,Travel
C000249,Cliente 0249,Premium,Manta,33,6269.8,11,"Crédito Hipotecario, Tarjeta de Crédito",143192.59,3636.09,187000.0,647.0,"App, Branch, POS, Web",2,True,1.9,Food & Supermarket Lover,Supermarket
C000250,Cliente 0250,Joven,Cuenca,44,661.63,4,Cuenta de Ahorros,-400.0,0.0,0.0,,"ATM, Branch",1,False,,Sin Perfil de Consumo,N/A
C000251,Cliente 0251,Mass,Manta,51,1535.46,15,"Cuenta Corriente, Tarjeta de Crédito",25916.35,1525.14,28000.0,1274.0,"ATM, App, Branch, POS, Web",2,True,5.4,Tech Lover,Technology
C000252,Cliente 0252,Mass,Cuenca,46,1101.33,17,"Crédito Vehicular, Crédito de Consumo, Tarjeta de Crédito",55660.05,1346.2,36000.0,219.0,"ATM, App, Branch, POS, Web",3,True,3.7,Travel Lover,Travel
C000253,Cliente 0253,PyME,Guayaquil,18,785.98,12,"Crédito Vehicular, Cuenta de Ahorros, Tarjeta de Crédito",30435.92,429.74,14000.0,62.0,"App, Branch, POS, Web",3,True,3.1,Education Lover,Education
C000254,Cliente 0254,Premium,Quito,48,5336.0,4,"Crédito Hipotecario, Crédito Vehicular",119140.15,0.0,0.0,1521.0,"ATM, App, Web",2,True,,Sin Perfil de Consumo,N/A
C000255,Cliente 0255,Mass,Cuenca,50,421.85,10,"Crédito Hipotecario, Crédito de Consumo, Tarjeta de Crédito",63547.8,224.84,4200.0,246.0,"App, Branch, POS",3,True,5.4,Travel Lover,Travel
C000256,Cliente 0256,Premium,Guayaquil,44,3492.9,16,"Crédito Vehicular, Tarjeta de Crédito",123350.93000000001,2671.95,66300.0,896.0,"ATM, App, Branch, POS, Web",2,True,4.0,Entertainment & Streaming Lover,Streaming
C000257,Cliente 0257,Mass,Guayaquil,39,651.41,8,"Crédito de Consumo, Cuenta Corriente, Tarjeta de Crédito",14150.849999999999,111.06,4400.0,326.0,"ATM, App, Branch, POS, Web",3,True,2.5,Education Lover,Education
C000258,Cliente 0258,Mass,Quito,48,1405.36,15,"Crédito de Consumo, Tarjeta de Crédito",17255.91,1338.11,39600.0,481.0,"ATM, App, Branch, POS, Web",2,True,3.4,Entertainment & Streaming Lover,Streaming
C000259,Cliente 0259,Affluent,Quito,43,2565.52,10,"Crédito Hipotecario, Crédito de Consumo, Cuenta Corriente, Cuenta de Ahorros",186821.47,0.0,0.0,341.0,"App, Branch, Web",4,True,,Sin Perfil de Consumo,N/A
C000260,Cliente 0260,Joven,Guayaquil,32,516.73,3,Cuenta Corriente,4036.7699999999995,0.0,0.0,,"ATM, Branch, Web",1,False,,Sin Perfil de Consumo,N/A
C000261,Cliente 0261,Affluent,Cuenca,27,1648.15,9,"Crédito Hipotecario, Crédito Vehicular, Tarjeta de Crédito",141833.46,1253.15,28200.0,408.0,"App, Branch, POS, Web",3,True,4.4,Health & Wellness Lover,Health
C000262,Cliente 0262,Joven,Loja,36,423.69,7,"Crédito Hipotecario, Tarjeta de Crédito",235004.09000000003,89.00999999999999,3600.0,344.0,"App, Branch, POS, Web",2,True,2.5,Tech Lover,Technology
C000263,Cliente 0263,Mass,Quito,41,359.78,8,"Crédito Hipotecario, Cuenta de Ahorros, Tarjeta de Crédito",71186.59,81.2,4800.0,378.0,"App, Branch, POS, Web",3,True,1.7,Tech Lover,Technology
C000264,Cliente 0264,PyME,Guayaquil,35,3886.97,1,Cuenta Corriente,209.06,0.0,0.0,,App,1,False,,Sin Perfil de Consumo,N/A
C000265,Cliente 0265,PyME,Quito,41,1785.79,4,Cuenta Corriente,32080.28,0.0,0.0,,"ATM, Branch, Web",1,False,,Sin Perfil de Consumo,N/A
C000266,Cliente 0266,Mass,Quito,37,570.01,9,"Crédito Hipotecario, Tarjeta de Crédito",184201.11000000002,163.21,5400.0,454.0,"App, Branch, POS",2,True,3.0,Travel Lover,Travel
C000267,Cliente 0267,Mass,Manta,37,683.73,11,"Crédito Hipotecario, Crédito de Consumo, Tarjeta de Crédito",143093.93,330.49,10200.0,440.0,"App, Branch, POS, Web",3,True,3.2,Education Lover,Education
C000268,Cliente 0268,Affluent,Guayaquil,54,5040.5,18,"Crédito Hipotecario, Cuenta de Ahorros, Tarjeta de Crédito",114676.56,4040.99,93600.0,290.0,"ATM, App, Branch, POS, Web",3,True,4.3,Entertainment & Streaming Lover,Entertainment
C000269,Cliente 0269,Mass,Cuenca,18,860.71,14,"Crédito Hipotecario, Cuenta de Ahorros, Tarjeta de Crédito",66224.9,511.83000000000004,25200.0,552.0,"App, POS, Web",3,True,2.0,Food & Supermarket Lover,Supermarket
C000270,Cliente 0270,Affluent,Guayaquil,45,3590.44,18,"Crédito de Consumo, Cuenta Corriente, Cuenta de Ahorros, Tarjeta de Crédito",37348.46,3606.5,85000.0,671.0,"ATM, App, Branch, POS, Web",4,True,4.2,Food & Supermarket Lover,Supermarket
C000271,Cliente 0271,PyME,Guayaquil,38,1861.81,12,"Crédito de Consumo, Tarjeta de Crédito",26923.89,1406.44,38500.0,526.0,"App, Branch, POS, Web",2,True,3.7,Food & Supermarket Lover,Supermarket
C000272,Cliente 0272,Joven,Guayaquil,28,1101.71,5,"Crédito Hipotecario, Cuenta Corriente",145986.8,0.0,0.0,488.0,"ATM, App, Branch",2,True,,Sin Perfil de Consumo,N/A
C000273,Cliente 0273,Mass,Loja,37,947.93,17,"Cuenta Corriente, Cuenta de Ahorros, Tarjeta de Crédito",7218.84,704.26,28600.0,1266.0,"ATM, App, Branch, POS, Web",3,True,2.5,Tech Lover,Technology
C000274,Cliente 0274,PyME,Quito,36,3106.39,10,"Crédito Hipotecario, Tarjeta de Crédito",174197.26,1266.39,67200.0,379.0,"ATM, App, POS, Web",2,True,1.9,Education Lover,Education
C000275,Cliente 0275,Mass,Guayaquil,24,1452.64,15,"Crédito Hipotecario, Cuenta Corriente, Tarjeta de Crédito",100970.73999999999,1344.86,51600.0,690.0,"ATM, App, Branch, POS, Web",3,True,2.6,Entertainment & Streaming Lover,Streaming
C000276,Cliente 0276,Mass,Quito,41,647.57,7,"Crédito Vehicular, Tarjeta de Crédito",30437.79,207.9,3500.0,239.0,"App, Branch, POS",2,True,5.9,Entertainment & Streaming Lover,Streaming
C000277,Cliente 0277,Affluent,Quito,43,1261.04,15,"Crédito Hipotecario, Crédito Vehicular, Crédito de Consumo, Tarjeta de Crédito",169273.97999999998,527.15,22500.0,503.0,"ATM, App, Branch, POS",4,True,2.3,Travel Lover,Travel
C000278,Cliente 0278,Mass,Ambato,31,2409.96,4,Cuenta de Ahorros,20001.64,0.0,0.0,,"App, Branch",1,False,,Sin Perfil de Consumo,N/A
C000279,Cliente 0279,Mass,Cuenca,45,762.11,6,"Crédito Hipotecario, Crédito de Consumo",151657.11,0.0,0.0,527.0,"Branch, Web",2,True,,Sin Perfil de Consumo,N/A
C000280,Cliente 0280,Premium,Loja,56,3491.98,6,"Cuenta Corriente, Tarjeta de Crédito",33000.03,1238.32,47000.0,164.0,"App, POS",2,True,2.6,Food & Supermarket Lover,Supermarket
C000281,Cliente 0281,PyME,Quito,45,2112.72,1,Crédito Vehicular,23536.47,0.0,0.0,2082.0,ATM,1,False,,Sin Perfil de Consumo,N/A
C000282,Cliente 0282,Mass,Manta,37,1211.62,17,"Crédito Hipotecario, Crédito de Consumo, Tarjeta de Crédito",277529.57,1317.41,32500.0,1241.0,"App, Branch, POS, Web",3,True,4.1,Entertainment & Streaming Lover,Entertainment
C000283,Cliente 0283,Premium,Cuenca,42,4915.73,3,Crédito de Consumo,51128.19,0.0,0.0,985.0,"ATM, Branch",1,False,,Sin Perfil de Consumo,N/A
C000284,Cliente 0284,Premium,Cuenca,65,8694.58,14,"Crédito Hipotecario, Cuenta Corriente, Tarjeta de Crédito",296789.82999999996,5634.25,229000.0,1211.0,"App, Branch, POS, Web",3,True,2.5,Entertainment & Streaming Lover,Streaming
C000285,Cliente 0285,Mass,Guayaquil,28,841.54,17,"Crédito Hipotecario, Crédito Vehicular, Crédito de Consumo, Tarjeta de Crédito",244260.96999999997,394.46000000000004,15400.0,45.0,"ATM, App, Branch, POS, Web",4,True,2.6,Entertainment & Streaming Lover,Entertainment
C000286,Cliente 0286,PyME,Quito,42,1933.85,10,"Crédito Hipotecario, Cuenta de Ahorros, Tarjeta de Crédito",301396.92,322.84999999999997,22000.0,127.0,"App, Branch, POS",3,True,1.5,Education Lover,Education
C000287,Cliente 0287,Premium,Guayaquil,25,3735.51,13,"Crédito de Consumo, Tarjeta de Crédito",25697.32,3328.41,48400.0,296.0,"App, Branch, POS, Web",2,True,6.9,Tech Lover,Technology
C000288,Cliente 0288,Mass,Guayaquil,25,658.77,17,"Crédito Vehicular, Crédito de Consumo, Cuenta de Ahorros, Tarjeta de Crédito",25290.1,928.04,16500.0,380.0,"App, Branch, POS, Web",4,True,5.6,Health & Wellness Lover,Health
C000289,Cliente 0289,Joven,Loja,26,545.63,11,Tarjeta de Crédito,3903.57,446.33000000000004,6600.0,841.0,"App, Branch, POS, Web",1,False,6.8,Lifestyle Lover,Others
C000290,Cliente 0290,Mass,Ambato,47,1427.0,15,"Crédito Hipotecario, Tarjeta de Crédito",204093.41,1574.47,50700.0,1222.0,"ATM, App, POS, Web",2,True,3.1,Tech Lover,Technology
C000291,Cliente 0291,Mass,Quito,35,1079.76,12,"Crédito Vehicular, Tarjeta de Crédito",23245.57,1150.32,14300.0,577.0,"App, Branch, POS, Web",2,True,8.0,Entertainment & Streaming Lover,Entertainment
C000292,Cliente 0292,Mass,Cuenca,33,366.3,18,"Cuenta de Ahorros, Tarjeta de Crédito",8938.18,411.68,9800.0,315.0,"ATM, App, Branch, POS, Web",2,True,4.2,Health & Wellness Lover,Health
C000293,Cliente 0293,Mass,Guayaquil,48,751.24,14,"Crédito de Consumo, Cuenta Corriente, Tarjeta de Crédito",22809.329999999998,387.96,14400.0,54.0,"App, Branch, POS, Web",3,True,2.7,Food & Supermarket Lover,Food
C000294,Cliente 0294,Joven,Guayaquil,42,544.7,10,"Crédito Vehicular, Cuenta de Ahorros, Tarjeta de Crédito",14796.91,170.48000000000002,9800.0,639.0,"ATM, App, Branch, POS, Web",3,True,1.7,Lifestyle Lover,Others
C000295,Cliente 0295,Mass,Ambato,48,610.83,8,"Crédito de Consumo, Cuenta Corriente, Tarjeta de Crédito",19366.850000000002,95.94,4400.0,100.0,"Branch, POS",3,True,2.2,Tech Lover,Technology
C000296,Cliente 0296,Premium,Quito,24,3755.33,8,"Crédito Vehicular, Crédito de Consumo, Cuenta Corriente",101988.29000000001,0.0,0.0,1551.0,"App, Branch",3,True,,Sin Perfil de Consumo,N/A
C000297,Cliente 0297,Premium,Manta,23,3243.76,12,"Crédito de Consumo, Tarjeta de Crédito",13427.0,3337.0299999999997,35000.0,390.0,"App, Branch, POS, Web",2,True,9.5,Food & Supermarket Lover,Food
C000298,Cliente 0298,Joven,Manta,18,785.54,1,Crédito Hipotecario,81245.93,0.0,0.0,1151.0,App,1,False,,Sin Perfil de Consumo,N/A
C000299,Cliente 0299,Premium,Guayaquil,29,4386.72,20,"Crédito de Consumo, Cuenta Corriente, Cuenta de Ahorros, Tarjeta de Crédito",87915.06999999999,5062.84,113400.0,319.0,"App, Branch, POS, Web",4,True,4.5,Entertainment & Streaming Lover,Entertainment
C000300,Cliente 0300,Mass,Quito,34,743.79,13,"Crédito de Consumo, Tarjeta de Crédito",28385.78,486.07,8000.0,957.0,"App, Branch, POS, Web",2,True,6.1,Lifestyle Lover,Others
C000301,Cliente 0301,Joven,Cuenca,59,365.79,15,"Crédito Vehicular, Tarjeta de Crédito",51395.08,294.27,10400.0,1242.0,"App, Branch, POS, Web",2,True,2.8,Food & Supermarket Lover,Food
C000302,Cliente 0302,Mass,Guayaquil,51,1101.08,1,Crédito de Consumo,6309.13,0.0,0.0,916.0,Branch,1,False,,Sin Perfil de Consumo,N/A
C000303,Cliente 0303,Affluent,Guayaquil,46,2031.33,5,"Crédito Vehicular, Tarjeta de Crédito",29179.949999999997,467.27,19200.0,284.0,"App, POS",2,True,2.4,Health & Wellness Lover,Health
C000304,Cliente 0304,Joven,Guayaquil,40,606.73,9,Tarjeta de Crédito,1564.83,361.23,6300.0,432.0,"App, POS, Web",1,False,5.7,Food & Supermarket Lover,Food
C000305,Cliente 0305,Mass,Guayaquil,60,941.84,17,"Cuenta Corriente, Cuenta de Ahorros, Tarjeta de Crédito",8554.96,913.89,16800.0,341.0,"ATM, App, Branch, POS, Web",3,True,5.4,Food & Supermarket Lover,Food
C000306,Cliente 0306,Premium,Quito,42,3837.12,16,"Crédito de Consumo, Tarjeta de Crédito",65474.740000000005,2337.11,93800.0,109.0,"App, Branch, POS, Web",2,True,2.5,Food & Supermarket Lover,Supermarket
C000307,Cliente 0307,Premium,Guayaquil,58,4532.63,5,"Cuenta de Ahorros, Tarjeta de Crédito",35372.71,1245.08,44400.0,89.0,"App, POS, Web",2,True,2.8,Food & Supermarket Lover,Supermarket
C000308,Cliente 0308,Affluent,Guayaquil,35,2728.0,10,"Crédito Hipotecario, Crédito Vehicular, Crédito de Consumo, Cuenta de Ahorros",216265.8,0.0,0.0,508.0,"ATM, App, Branch, POS, Web",4,True,,Sin Perfil de Consumo,N/A
C000309,Cliente 0309,Affluent,Quito,35,3795.65,3,Crédito de Consumo,12628.949999999999,0.0,0.0,1686.0,"ATM, App, Web",1,False,,Sin Perfil de Consumo,N/A
C000310,Cliente 0310,Mass,Cuenca,46,668.95,2,Crédito Hipotecario,151687.94,0.0,0.0,44.0,"Branch, Web",1,False,,Sin Perfil de Consumo,N/A
C000311,Cliente 0311,Affluent,Guayaquil,39,1966.45,15,"Crédito Vehicular, Cuenta Corriente, Tarjeta de Crédito",36966.07,1842.9699999999998,26000.0,862.0,"ATM, App, Branch, POS, Web",3,True,7.1,Health & Wellness Lover,Health
C000312,Cliente 0312,Mass,Quito,21,901.93,19,"Crédito Vehicular, Crédito de Consumo, Cuenta Corriente, Tarjeta de Crédito",101975.19,532.4,22000.0,25.0,"ATM, App, Branch, POS, Web",4,True,2.4,Food & Supermarket Lover,Supermarket
C000313,Cliente 0313,Mass,Quito,60,925.4,15,"Cuenta Corriente, Cuenta de Ahorros, Tarjeta de Crédito",16976.76,726.07,23400.0,922.0,"ATM, App, Branch, POS, Web",3,True,3.1,Lifestyle Lover,Others
C000314,Cliente 0314,Premium,Loja,18,3769.96,2,Cuenta Corriente,6593.1,0.0,0.0,,"ATM, Web",1,False,,Sin Perfil de Consumo,N/A
C000315,Cliente 0315,Mass,Quito,33,992.6,2,Crédito Hipotecario,200667.58,0.0,0.0,1229.0,Web,1,False,,Sin Perfil de Consumo,N/A
C000316,Cliente 0316,Mass,Quito,34,984.58,7,"Cuenta Corriente, Tarjeta de Crédito",6592.71,272.87,6800.0,1227.0,"Branch, POS, Web",2,True,4.0,Tech Lover,Technology
C000317,Cliente 0317,Premium,Guayaquil,50,2356.15,9,Tarjeta de Crédito,23598.99,1152.35,57600.0,1035.0,"Branch, POS, Web",1,False,2.0,Food & Supermarket Lover,Food
C000318,Cliente 0318,Mass,Ambato,42,1264.31,11,"Cuenta de Ahorros, Tarjeta de Crédito",10750.73,683.03,24000.0,633.0,"App, Branch, POS, Web",2,True,2.8,Travel Lover,Travel
C000319,Cliente 0319,Mass,Guayaquil,34,552.26,20,"Crédito Hipotecario, Crédito Vehicular, Crédito de Consumo, Tarjeta de Crédito",181421.24,543.17,16800.0,1363.0,"App, Branch, POS, Web",4,True,3.2,Lifestyle Lover,Fuel
C000320,Cliente 0320,Mass,Guayaquil,22,1914.69,5,Tarjeta de Crédito,4588.2,1646.33,12000.0,827.0,"App, Branch, POS, Web",1,False,13.7,Tech Lover,Technology
C000321,Cliente 0321,Mass,Guayaquil,51,751.8,16,"Crédito Hipotecario, Tarjeta de Crédito",268146.38,629.23,11700.0,480.0,"App, Branch, POS, Web",2,True,5.4,Food & Supermarket Lover,Food
C000322,Cliente 0322,Affluent,Quito,40,1897.67,21,"Crédito Vehicular, Cuenta de Ahorros, Tarjeta de Crédito",92292.81,1882.28,44800.0,863.0,"ATM, App, Branch, POS, Web",3,True,4.2,Travel Lover,Travel
C000323,Cliente 0323,Joven,Guayaquil,22,627.83,3,Crédito Vehicular,60275.13,0.0,0.0,190.0,"ATM, App, Web",1,False,,Sin Perfil de Consumo,N/A
C000324,Cliente 0324,Mass,Manta,38,719.65,11,"Crédito de Consumo, Tarjeta de Crédito",27524.199999999997,245.35999999999999,6400.0,624.0,"App, Branch, POS, Web",2,True,3.8,Food & Supermarket Lover,Food
C000325,Cliente 0325,Joven,Quito,35,459.53,13,"Crédito Hipotecario, Crédito de Consumo, Tarjeta de Crédito",102625.26,157.9,7200.0,558.0,"App, Branch, POS, Web",3,True,2.2,Entertainment & Streaming Lover,Streaming
C000326,Cliente 0326,Affluent,Quito,39,2323.5,14,"Crédito Hipotecario, Cuenta de Ahorros, Tarjeta de Crédito",80949.57,1848.81,39600.0,645.0,"ATM, App, Branch, POS, Web",3,True,4.7,Lifestyle Lover,Fuel
C000327,Cliente 0327,Mass,Cuenca,45,1028.7,14,"Cuenta Corriente, Tarjeta de Crédito",3124.93,860.32,23400.0,75.0,"Branch, POS, Web",2,True,3.7,Travel Lover,Travel
C000328,Cliente 0328,Joven,Cuenca,35,603.41,4,"Crédito Hipotecario, Crédito Vehicular, Cuenta Corriente",41294.9,0.0,0.0,1520.0,"App, Branch, Web",3,True,,Sin Perfil de Consumo,N/A
C000329,Cliente 0329,Mass,Guayaquil,27,843.23,8,"Crédito de Consumo, Cuenta Corriente, Cuenta de Ahorros",19926.559999999998,0.0,0.0,1832.0,"Branch, Web",3,True,,Sin Perfil de Consumo,N/A
C000330,Cliente 0330,Mass,Quito,45,413.57,7,"Crédito Vehicular, Tarjeta de Crédito",13418.92,154.76,7200.0,305.0,"App, Branch, POS, Web",2,True,2.1,Travel Lover,Travel
C000331,Cliente 0331,Mass,Guayaquil,34,968.27,16,"Crédito Vehicular, Cuenta Corriente, Cuenta de Ahorros, Tarjeta de Crédito",48931.71,595.25,10000.0,117.0,"App, Branch, POS, Web",4,True,6.0,Food & Supermarket Lover,Food
C000332,Cliente 0332,Affluent,Guayaquil,47,2804.31,19,"Crédito Hipotecario, Crédito de Consumo, Cuenta de Ahorros, Tarjeta de Crédito",437206.93999999994,2702.69,40800.0,594.0,"ATM, App, Branch, POS, Web",4,True,6.6,Health & Wellness Lover,Health
C000333,Cliente 0333,Mass,Cuenca,34,5129.15,14,"Crédito Vehicular, Cuenta Corriente, Tarjeta de Crédito",119385.47,1978.64,125100.0,658.0,"App, Branch, POS, Web",3,True,1.6,Education Lover,Education
C000334,Cliente 0334,Mass,Guayaquil,48,788.87,10,Tarjeta de Crédito,4349.5,290.87,18000.0,360.0,"ATM, App, Branch, POS",1,False,1.6,Food & Supermarket Lover,Food
C000335,Cliente 0335,PyME,Cuenca,43,3355.55,14,"Crédito Vehicular, Crédito de Consumo, Tarjeta de Crédito",111458.39,2244.4300000000003,45900.0,760.0,"ATM, App, Branch, POS, Web",3,True,4.9,Tech Lover,Technology
C000336,Cliente 0336,Mass,Guayaquil,37,835.43,11,"Crédito Hipotecario, Cuenta de Ahorros, Tarjeta de Crédito",127074.06,229.01,9100.0,1189.0,"ATM, App, Branch, POS, Web",3,True,2.5,Food & Supermarket Lover,Supermarket
C000337,Cliente 0337,Affluent,Quito,41,1778.52,12,"Crédito de Consumo, Tarjeta de Crédito",40762.89,802.67,21600.0,166.0,"ATM, App, Branch, POS, Web",2,True,3.7,Food & Supermarket Lover,Supermarket
C000338,Cliente 0338,Mass,Quito,34,1337.42,18,"Cuenta de Ahorros, Tarjeta de Crédito",38516.96,1113.7,48100.0,707.0,"ATM, App, Branch, POS, Web",2,True,2.3,Entertainment & Streaming Lover,Entertainment
C000339,Cliente 0339,Premium,Quito,38,4009.34,10,"Cuenta Corriente, Cuenta de Ahorros, Tarjeta de Crédito",34612.36,492.02,38800.0,359.0,"App, Branch, POS, Web",3,True,1.3,Travel Lover,Travel
C000340,Cliente 0340,Affluent,Guayaquil,40,1902.78,14,"Crédito Vehicular, Tarjeta de Crédito",23215.51,2284.77,28600.0,716.0,"App, Branch, POS, Web",2,True,8.0,Lifestyle Lover,Others
C000341,Cliente 0341,Mass,Ambato,31,860.36,7,"Cuenta de Ahorros, Tarjeta de Crédito",4421.820000000001,150.57,9600.0,867.0,"App, Web",2,True,1.6,Entertainment & Streaming Lover,Entertainment
C000342,Cliente 0342,Mass,Cuenca,37,705.84,10,"Cuenta Corriente, Tarjeta de Crédito",4662.99,297.17,9900.0,1104.0,"ATM, App, Branch, POS, Web",2,True,3.0,Entertainment & Streaming Lover,Streaming
C000343,Cliente 0343,PyME,Quito,33,5926.01,13,"Cuenta Corriente, Cuenta de Ahorros, Tarjeta de Crédito",146859.85,2138.8,116200.0,473.0,"App, Branch, POS, Web",3,True,1.8,Tech Lover,Technology
C000344,Cliente 0344,PyME,Cuenca,41,4594.33,11,"Crédito Hipotecario, Cuenta Corriente, Tarjeta de Crédito",250649.03,3956.23,58100.0,505.0,"App, Branch, POS, Web",3,True,6.8,Lifestyle Lover,Others
C000345,Cliente 0345,PyME,Quito,36,1694.63,15,"Crédito de Consumo, Cuenta Corriente, Tarjeta de Crédito",76317.29,1663.16,44000.0,161.0,"App, Branch, POS, Web",3,True,3.8,Lifestyle Lover,Fuel
C000346,Cliente 0346,Mass,Guayaquil,55,1309.99,5,"Crédito de Consumo, Tarjeta de Crédito",7715.2,514.22,6800.0,564.0,"ATM, App, Branch, POS",2,True,7.6,Lifestyle Lover,Fuel
C000347,Cliente 0347,Mass,Guayaquil,40,588.77,12,"Crédito Hipotecario, Cuenta Corriente, Tarjeta de Crédito",97402.55,253.62,7200.0,1419.0,"ATM, App, Branch, POS, Web",3,True,3.5,Lifestyle Lover,Fuel
C000348,Cliente 0348,Affluent,Guayaquil,43,4111.28,13,"Cuenta Corriente, Tarjeta de Crédito",68090.17,2037.3700000000001,73700.0,1139.0,"App, Branch, POS, Web",2,True,2.8,Food & Supermarket Lover,Food
C000349,Cliente 0349,Mass,Guayaquil,26,1247.85,15,"Crédito Vehicular, Tarjeta de Crédito",57482.79,938.3100000000001,26400.0,1171.0,"App, Branch, POS, Web",2,True,3.6,Lifestyle Lover,Others
C000350,Cliente 0350,Joven,Ambato,51,633.22,3,"Crédito Vehicular, Cuenta de Ahorros",5912.92,0.0,0.0,1485.0,"ATM, Branch, Web",2,True,,Sin Perfil de Consumo,N/A
C000351,Cliente 0351,Mass,Loja,60,629.39,12,"Cuenta de Ahorros, Tarjeta de Crédito",7824.719999999999,474.62,5600.0,110.0,"ATM, App, Branch, POS, Web",2,True,8.5,Tech Lover,Technology
C000352,Cliente 0352,Mass,Cuenca,39,1364.83,10,"Crédito Hipotecario, Crédito Vehicular, Cuenta de Ahorros",217945.19,0.0,0.0,503.0,"ATM, App, Branch, POS, Web",3,True,,Sin Perfil de Consumo,N/A
C000353,Cliente 0353,PyME,Guayaquil,18,1420.51,2,Crédito de Consumo,25293.5,0.0,0.0,96.0,"ATM, Branch",1,False,,Sin Perfil de Consumo,N/A
C000354,Cliente 0354,Affluent,Loja,32,1703.34,8,"Crédito Vehicular, Cuenta Corriente, Cuenta de Ahorros",58152.9,0.0,0.0,322.0,"ATM, App, Branch, Web",3,True,,Sin Perfil de Consumo,N/A
C000355,Cliente 0355,Joven,Guayaquil,40,798.77,3,Crédito de Consumo,10060.92,0.0,0.0,1612.0,"App, Web",1,False,,Sin Perfil de Consumo,N/A
C000356,Cliente 0356,Mass,Manta,38,559.96,15,"Crédito Hipotecario, Crédito de Consumo, Tarjeta de Crédito",117882.55,393.21,10400.0,54.0,"ATM, App, Branch, POS, Web",3,True,3.8,Food & Supermarket Lover,Food
C000357,Cliente 0357,Mass,Ambato,41,530.21,5,Tarjeta de Crédito,3001.6000000000004,185.75,6500.0,1307.0,"App, Web",1,False,2.9,Entertainment & Streaming Lover,Entertainment
C000358,Cliente 0358,Premium,Guayaquil,42,2072.26,17,"Crédito Hipotecario, Crédito Vehicular, Tarjeta de Crédito",281285.91,1367.26,39600.0,504.0,"App, Branch, POS, Web",3,True,3.5,Food & Supermarket Lover,Food
C000359,Cliente 0359,Mass,Quito,43,851.19,18,"Crédito Hipotecario, Crédito Vehicular, Tarjeta de Crédito",245334.91,610.25,19500.0,80.0,"App, Branch, POS, Web",3,True,3.1,Health & Wellness Lover,Health
C000360,Cliente 0360,Mass,Guayaquil,24,599.1,13,"Crédito Hipotecario, Cuenta Corriente, Cuenta de Ahorros, Tarjeta de Crédito",96971.13,160.64,14400.0,691.0,"App, Branch, POS, Web",4,True,1.1,Travel Lover,Travel
C000361,Cliente 0361,Premium,Guayaquil,55,2979.86,17,"Crédito Vehicular, Tarjeta de Crédito",54679.78999999999,2512.2799999999997,82500.0,598.0,"App, Branch, POS, Web",2,True,3.0,Lifestyle Lover,Others
C000362,Cliente 0362,Affluent,Guayaquil,47,2527.46,14,"Crédito de Consumo, Cuenta de Ahorros, Tarjeta de Crédito",47444.38,654.66,47200.0,99.0,"ATM, App, Branch, POS",3,True,1.4,Entertainment & Streaming Lover,Entertainment
C000363,Cliente 0363,Affluent,Guayaquil,42,1872.54,3,"Crédito Vehicular, Crédito de Consumo",45005.619999999995,0.0,0.0,1742.0,"App, Branch, Web",2,True,,Sin Perfil de Consumo,N/A
C000364,Cliente 0364,Mass,Quito,29,1063.68,11,"Crédito Vehicular, Crédito de Consumo, Tarjeta de Crédito",68582.13,828.13,14000.0,302.0,"ATM, App, Branch, POS, Web",3,True,5.9,Travel Lover,Travel
C000365,Cliente 0365,Mass,Quito,29,1128.69,3,Crédito de Consumo,12074.64,0.0,0.0,882.0,"ATM, App, Web",1,False,,Sin Perfil de Consumo,N/A
C000366,Cliente 0366,Mass,Guayaquil,34,840.88,3,Crédito Hipotecario,229213.56,0.0,0.0,136.0,"App, Branch",1,False,,Sin Perfil de Consumo,N/A
C000367,Cliente 0367,Joven,Quito,22,785.39,20,"Crédito de Consumo, Cuenta de Ahorros, Tarjeta de Crédito",14254.56,849.32,30800.0,611.0,"ATM, App, Branch, POS, Web",3,True,2.8,Entertainment & Streaming Lover,Entertainment
C000368,Cliente 0368,Mass,Loja,30,653.21,16,"Crédito Hipotecario, Crédito de Consumo, Cuenta de Ahorros, Tarjeta de Crédito",179434.26,414.78,8100.0,188.0,"ATM, App, Branch, POS, Web",4,True,5.1,Education Lover,Education
C000369,Cliente 0369,Affluent,Cuenca,42,2964.95,3,Crédito de Consumo,28565.129999999997,0.0,0.0,548.0,"ATM, Branch, POS",1,False,,Sin Perfil de Consumo,N/A
C000370,Cliente 0370,PyME,Guayaquil,58,3180.36,11,"Cuenta Corriente, Tarjeta de Crédito",57505.46,1548.34,66500.0,814.0,"App, Branch, POS, Web",2,True,2.3,Entertainment & Streaming Lover,Streaming
C000371,Cliente 0371,Mass,Guayaquil,19,1332.89,12,"Crédito Hipotecario, Tarjeta de Crédito",90100.45999999999,767.31,19800.0,381.0,"App, POS, Web",2,True,3.9,Food & Supermarket Lover,Food
C000372,Cliente 0372,Affluent,Guayaquil,40,1688.49,2,"Cuenta Corriente, Cuenta de Ahorros",12692.16,0.0,0.0,,"ATM, Web",2,True,,Sin Perfil de Consumo,N/A
C000373,Cliente 0373,Mass,Guayaquil,32,1150.24,1,Crédito de Consumo,6015.18,0.0,0.0,832.0,Web,1,False,,Sin Perfil de Consumo,N/A
C000374,Cliente 0374,Mass,Cuenca,43,719.0,9,"Crédito Hipotecario, Tarjeta de Crédito",345219.15,170.85,4200.0,675.0,"ATM, App, Web",2,True,4.1,Travel Lover,Travel
C000375,Cliente 0375,Mass,Quito,48,671.4,15,"Crédito Vehicular, Tarjeta de Crédito",44582.92,630.52,14300.0,617.0,"ATM, App, Branch, POS, Web",2,True,4.4,Food & Supermarket Lover,Food
C000376,Cliente 0376,Premium,Guayaquil,46,1741.64,15,"Cuenta de Ahorros, Tarjeta de Crédito",26991.84,1763.15,65800.0,409.0,"ATM, App, Branch, POS, Web",2,True,2.7,Health & Wellness Lover,Health
C000377,Cliente 0377,Premium,Quito,27,4698.34,14,"Crédito Vehicular, Tarjeta de Crédito",47833.42,2976.56,107900.0,471.0,"App, Branch, POS, Web",2,True,2.8,Lifestyle Lover,Fuel
C000378,Cliente 0378,Joven,Cuenca,37,553.56,7,"Cuenta de Ahorros, Tarjeta de Crédito",6194.52,180.16,6500.0,1218.0,"ATM, App, POS, Web",2,True,2.8,Lifestyle Lover,Others
C000379,Cliente 0379,Mass,Ambato,41,663.09,8,"Crédito Vehicular, Crédito de Consumo, Tarjeta de Crédito",24625.35,70.66,4800.0,170.0,"ATM, App, Branch, POS, Web",3,True,1.5,Tech Lover,Technology
C000380,Cliente 0380,Mass,Cuenca,22,1214.19,12,"Crédito Vehicular, Tarjeta de Crédito",74807.22,692.4000000000001,23400.0,1294.0,"App, Branch, POS, Web",2,True,3.0,Travel Lover,Travel
C000381,Cliente 0381,Affluent,Guayaquil,26,1530.46,7,"Crédito Vehicular, Tarjeta de Crédito",85298.12,474.65,13200.0,75.0,"App, Branch, POS, Web",2,True,3.6,Entertainment & Streaming Lover,Streaming
C000382,Cliente 0382,Premium,Loja,39,4263.31,11,"Crédito Hipotecario, Crédito Vehicular, Cuenta de Ahorros, Tarjeta de Crédito",176981.64,1895.44,48800.0,464.0,"ATM, App, Branch, POS, Web",4,True,3.9,Education Lover,Education
C000383,Cliente 0383,Mass,Desconocida,31,1038.79,10,Tarjeta de Crédito,15173.4,604.8,29000.0,8.0,"ATM, App, POS, Web",1,False,2.1,Food & Supermarket Lover,Supermarket
C000384,Cliente 0384,Mass,Guayaquil,39,769.73,14,"Crédito Vehicular, Cuenta de Ahorros, Tarjeta de Crédito",103963.81000000001,188.96,19800.0,176.0,"App, Branch, POS, Web",3,True,1.0,Food & Supermarket Lover,Supermarket
C000385,Cliente 0385,Affluent,Guayaquil,42,3141.0,12,"Crédito de Consumo, Cuenta Corriente, Tarjeta de Crédito",47379.3,1411.3400000000001,34300.0,711.0,"App, Branch, POS, Web",3,True,4.1,Travel Lover,Travel
C000386,Cliente 0386,Premium,Guayaquil,27,4837.81,4,Cuenta de Ahorros,33280.24,0.0,0.0,,"ATM, App, Web",1,False,,Sin Perfil de Consumo,N/A
C000387,Cliente 0387,Mass,Guayaquil,24,1337.39,13,"Crédito Vehicular, Tarjeta de Crédito",52322.44,1018.4399999999999,20900.0,508.0,"ATM, App, Branch, POS, Web",2,True,4.9,Food & Supermarket Lover,Supermarket
C000388,Cliente 0388,Mass,Quito,46,853.29,8,"Crédito Vehicular, Tarjeta de Crédito",58116.649999999994,172.72,7500.0,690.0,"ATM, App, Branch, POS, Web",2,True,2.3,Education Lover,Education
C000389,Cliente 0389,PyME,Ambato,32,3594.14,10,"Crédito Hipotecario, Cuenta de Ahorros, Tarjeta de Crédito",180881.02000000002,3258.79,28000.0,56.0,"ATM, App, Branch, POS, Web",3,True,11.6,Travel Lover,Travel
C000390,Cliente 0390,Affluent,Cuenca,46,1620.32,13,"Crédito de Consumo, Tarjeta de Crédito",30222.749999999996,1045.41,43200.0,56.0,"App, Branch, POS, Web",2,True,2.4,Travel Lover,Travel
C000391,Cliente 0391,Mass,Ambato,25,1490.78,16,"Crédito Hipotecario, Cuenta Corriente, Tarjeta de Crédito",272976.72,504.96999999999997,15300.0,64.0,"App, Branch, POS, Web",3,True,3.3,Travel Lover,Travel
C000392,Cliente 0392,PyME,Cuenca,25,1756.96,15,"Crédito de Consumo, Cuenta Corriente, Cuenta de Ahorros, Tarjeta de Crédito",29061.38,898.0600000000001,31500.0,53.0,"ATM, App, Branch, POS, Web",4,True,2.9,Entertainment & Streaming Lover,Streaming
C000393,Cliente 0393,Mass,Guayaquil,30,1408.42,15,"Crédito Hipotecario, Cuenta Corriente, Cuenta de Ahorros, Tarjeta de Crédito",66631.18,1616.52,23000.0,148.0,"App, Branch, POS, Web",4,True,7.0,Health & Wellness Lover,Health
C000394,Cliente 0394,Affluent,Quito,33,2583.03,16,"Cuenta de Ahorros, Tarjeta de Crédito",26157.86,3053.26,82600.0,123.0,"App, Branch, POS, Web",2,True,3.7,Travel Lover,Travel
C000395,Cliente 0395,Joven,Cuenca,47,594.63,18,"Crédito Hipotecario, Crédito de Consumo, Tarjeta de Crédito",288855.6,566.19,18000.0,337.0,"ATM, App, Branch, POS, Web",3,True,3.1,Entertainment & Streaming Lover,Streaming
C000396,Cliente 0396,Affluent,Guayaquil,63,2016.23,12,"Crédito Vehicular, Cuenta Corriente, Tarjeta de Crédito",29144.899999999998,917.33,28000.0,1289.0,"App, Branch, POS, Web",3,True,3.3,Tech Lover,Technology
C000397,Cliente 0397,Premium,Guayaquil,67,3278.61,13,"Crédito de Consumo, Cuenta de Ahorros, Tarjeta de Crédito",85211.35,1661.72,58800.0,1157.0,"App, Branch, POS, Web",3,True,2.8,Food & Supermarket Lover,Supermarket
C000398,Cliente 0398,Affluent,Guayaquil,51,3645.09,7,Tarjeta de Crédito,29477.28,2107.81,74900.0,16.0,"App, Branch, POS, Web",1,False,2.8,Entertainment & Streaming Lover,Streaming
C000399,Cliente 0399,Mass,Quito,55,796.69,11,"Crédito Hipotecario, Cuenta de Ahorros, Tarjeta de Crédito",92069.17,575.7,15200.0,171.0,"ATM, App, POS, Web",3,True,3.8,Entertainment & Streaming Lover,Streaming
C000400,Cliente 0400,Mass,Manta,40,1001.77,16,"Crédito Hipotecario, Tarjeta de Crédito",242601.58,1267.21,36400.0,263.0,"ATM, App, Branch, POS, Web",2,True,3.5,Entertainment & Streaming Lover,Streaming
C000401,Cliente 0401,Premium,Guayaquil,32,4211.19,18,"Cuenta Corriente, Cuenta de Ahorros, Tarjeta de Crédito",100250.4,4085.28,107900.0,1225.0,"ATM, App, Branch, POS, Web",3,True,3.8,Travel Lover,Travel
C000402,Cliente 0402,PyME,Guayaquil,42,3125.81,14,"Crédito Hipotecario, Crédito de Consumo, Cuenta Corriente, Tarjeta de Crédito",121765.12,2113.19,41400.0,1155.0,"App, Branch, POS, Web",4,True,5.1,Food & Supermarket Lover,Supermarket
C000403,Cliente 0403,PyME,Quito,38,3338.95,7,"Crédito Hipotecario, Tarjeta de Crédito",62479.55,811.05,31000.0,303.0,"App, Branch, POS, Web",2,True,2.6,Travel Lover,Travel
C000404,Cliente 0404,Premium,Quito,38,2533.56,2,Cuenta de Ahorros,6605.4,0.0,0.0,,"ATM, Web",1,False,,Sin Perfil de Consumo,N/A
C000405,Cliente 0405,Mass,Guayaquil,35,1172.73,7,"Crédito de Consumo, Tarjeta de Crédito",13977.86,245.44,13600.0,530.0,"App, Branch, POS, Web",2,True,1.8,Entertainment & Streaming Lover,Entertainment
C000406,Cliente 0406,Affluent,Guayaquil,68,2173.31,13,"Crédito Hipotecario, Crédito de Consumo, Tarjeta de Crédito",126519.17,1568.83,64000.0,371.0,"ATM, App, Branch, POS, Web",3,True,2.5,Food & Supermarket Lover,Food
C000407,Cliente 0407,Joven,Guayaquil,40,803.94,11,"Crédito de Consumo, Cuenta de Ahorros, Tarjeta de Crédito",16558.9,443.15999999999997,10500.0,402.0,"App, Branch, POS, Web",3,True,4.2,Food & Supermarket Lover,Supermarket
C000408,Cliente 0408,Mass,Quito,43,1026.42,9,"Crédito Hipotecario, Tarjeta de Crédito",213685.90000000002,250.8,21000.0,760.0,"ATM, App, Branch, POS, Web",2,True,1.2,Travel Lover,Travel
C000409,Cliente 0409,Mass,Quito,48,1408.52,12,"Crédito Hipotecario, Tarjeta de Crédito",351660.72000000003,730.97,18000.0,250.0,"ATM, App, Branch, POS, Web",2,True,4.1,Food & Supermarket Lover,Supermarket
C000410,Cliente 0410,Mass,Manta,41,956.06,11,"Crédito Vehicular, Cuenta Corriente, Tarjeta de Crédito",28616.510000000002,514.82,24300.0,1279.0,"ATM, App, Branch, POS, Web",3,True,2.1,Education Lover,Education
C000411,Cliente 0411,Joven,Quito,31,611.88,7,"Crédito Vehicular, Cuenta de Ahorros",46081.75,0.0,0.0,1529.0,"ATM, App, Branch, Web",2,True,,Sin Perfil de Consumo,N/A
C000412,Cliente 0412,Joven,Quito,18,538.75,17,"Crédito de Consumo, Cuenta Corriente, Tarjeta de Crédito",22696.18,347.67,10800.0,499.0,"ATM, App, Branch, POS, Web",3,True,3.2,Lifestyle Lover,Fuel
C000413,Cliente 0413,Premium,Guayaquil,36,1720.9,6,"Crédito de Consumo, Cuenta Corriente",61433.46000000001,0.0,0.0,1629.0,"ATM, Branch, Web",2,True,,Sin Perfil de Consumo,N/A
C000414,Cliente 0414,Joven,Manta,37,350.0,22,"Cuenta Corriente, Cuenta de Ahorros, Tarjeta de Crédito",8640.03,411.48,11200.0,73.0,"ATM, App, Branch, POS, Web",3,True,3.7,Food & Supermarket Lover,Supermarket
C000415,Cliente 0415,Joven,Desconocida,56,1008.25,11,"Cuenta Corriente, Cuenta de Ahorros, Tarjeta de Crédito",12128.59,299.55,7700.0,144.0,"App, Branch, POS, Web",3,True,3.9,Travel Lover,Travel
C000416,Cliente 0416,Mass,Quito,31,909.53,14,"Crédito de Consumo, Cuenta de Ahorros, Tarjeta de Crédito",14999.08,306.2,16000.0,1077.0,"ATM, App, Branch, POS, Web",3,True,1.9,Entertainment & Streaming Lover,Streaming
C000417,Cliente 0417,Mass,Manta,35,1009.22,16,"Crédito Hipotecario, Tarjeta de Crédito",414191.56000000006,490.77,31200.0,252.0,"App, Branch, POS, Web",2,True,1.6,Tech Lover,Technology
C000418,Cliente 0418,Affluent,Ambato,61,2544.37,7,"Crédito Vehicular, Crédito de Consumo, Tarjeta de Crédito",46719.09,759.14,26400.0,139.0,"Branch, Web",3,True,2.9,Travel Lover,Travel
C000419,Cliente 0419,Mass,Ambato,23,1341.78,3,Crédito de Consumo,19952.88,0.0,0.0,587.0,"ATM, Branch",1,False,,Sin Perfil de Consumo,N/A
C000420,Cliente 0420,Mass,Guayaquil,44,523.23,15,"Crédito Hipotecario, Crédito Vehicular, Cuenta de Ahorros, Tarjeta de Crédito",133520.85,214.7,9900.0,1209.0,"ATM, App, Branch, POS, Web",4,True,2.2,Tech Lover,Technology
C000421,Cliente 0421,Joven,Guayaquil,41,904.42,21,"Crédito de Consumo, Cuenta Corriente, Tarjeta de Crédito",22648.41,581.53,28600.0,1037.0,"App, Branch, POS, Web",3,True,2.0,Entertainment & Streaming Lover,Entertainment
C000422,Cliente 0422,Affluent,Ambato,63,1264.45,14,"Crédito Hipotecario, Crédito de Consumo, Cuenta Corriente, Tarjeta de Crédito",288175.2,553.38,21700.0,721.0,"ATM, App, Branch, POS, Web",4,True,2.6,Tech Lover,Technology
C000423,Cliente 0423,Affluent,Guayaquil,24,2401.35,14,"Crédito Vehicular, Cuenta Corriente, Tarjeta de Crédito",87248.93,841.53,39200.0,1100.0,"ATM, App, Branch, POS, Web",3,True,2.1,Entertainment & Streaming Lover,Entertainment
C000424,Cliente 0424,Mass,Loja,53,744.95,13,"Crédito Hipotecario, Tarjeta de Crédito",100033.56000000001,393.13,26400.0,643.0,"App, Branch, POS, Web",2,True,1.5,Food & Supermarket Lover,Supermarket
C000425,Cliente 0425,Premium,Guayaquil,54,3745.05,16,"Cuenta de Ahorros, Tarjeta de Crédito",60052.6,3620.12,116400.0,1368.0,"App, Branch, POS, Web",2,True,3.1,Entertainment & Streaming Lover,Entertainment
C000426,Cliente 0426,Joven,Guayaquil,29,804.88,7,"Crédito Hipotecario, Tarjeta de Crédito",107443.11,260.09000000000003,10800.0,360.0,"POS, Web",2,True,2.4,Lifestyle Lover,Fuel
C000427,Cliente 0427,Affluent,Guayaquil,28,2069.57,10,Tarjeta de Crédito,12613.699999999999,1846.74,60000.0,539.0,"App, POS, Web",1,False,3.1,Travel Lover,Travel
C000428,Cliente 0428,Mass,Guayaquil,25,490.9,13,Tarjeta de Crédito,7667.660000000001,922.88,15600.0,479.0,"App, Branch, POS, Web",1,False,5.9,Entertainment & Streaming Lover,Entertainment
C000429,Cliente 0429,Mass,Quito,19,877.47,15,"Crédito Vehicular, Crédito de Consumo, Tarjeta de Crédito",69540.5,667.54,27500.0,173.0,"App, Branch, POS, Web",3,True,2.4,Food & Supermarket Lover,Supermarket
C000430,Cliente 0430,Premium,Guayaquil,18,4528.06,18,"Crédito Hipotecario, Crédito Vehicular, Tarjeta de Crédito",459222.5,2412.85,113100.0,803.0,"ATM, App, Branch, POS, Web",3,True,2.1,Food & Supermarket Lover,Food
C000431,Cliente 0431,Mass,Guayaquil,46,943.23,13,"Cuenta Corriente, Tarjeta de Crédito",16460.16,962.26,33600.0,1300.0,"App, Branch, POS",2,True,2.9,Tech Lover,Technology
C000432,Cliente 0432,Mass,Guayaquil,39,1061.42,17,"Crédito Hipotecario, Crédito Vehicular, Tarjeta de Crédito",151838.29,1207.34,16800.0,288.0,"App, Branch, POS, Web",3,True,7.2,Food & Supermarket Lover,Supermarket
C000433,Cliente 0433,Joven,Guayaquil,22,927.25,15,"Crédito Vehicular, Cuenta Corriente, Tarjeta de Crédito",74489.19,573.18,15400.0,951.0,"App, Branch, POS, Web",3,True,3.7,Lifestyle Lover,Fuel
C000434,Cliente 0434,Mass,Quito,33,1499.55,10,"Cuenta Corriente, Tarjeta de Crédito",17927.66,431.17,13300.0,1257.0,"ATM, App, Branch, POS, Web",2,True,3.2,Travel Lover,Travel
C000435,Cliente 0435,Mass,Manta,32,862.79,8,"Crédito Hipotecario, Tarjeta de Crédito",154045.68,423.2,6000.0,588.0,"ATM, App, POS, Web",2,True,7.1,Food & Supermarket Lover,Food
C000436,Cliente 0436,Joven,Quito,66,494.76,8,"Cuenta de Ahorros, Tarjeta de Crédito",11665.36,179.94,4000.0,329.0,"ATM, App, Branch, POS, Web",2,True,4.5,Health & Wellness Lover,Health
C000437,Cliente 0437,Joven,Manta,52,1256.27,12,"Crédito Hipotecario, Tarjeta de Crédito",164333.84000000003,785.78,33300.0,232.0,"ATM, App, Branch, POS, Web",2,True,2.4,Travel Lover,Travel
C000438,Cliente 0438,Affluent,Guayaquil,22,4394.06,12,"Crédito Vehicular, Cuenta Corriente, Tarjeta de Crédito",90672.3,1100.42,46200.0,166.0,"App, Branch, POS, Web",3,True,2.4,Food & Supermarket Lover,Supermarket
C000439,Cliente 0439,Mass,Guayaquil,41,828.51,15,"Crédito de Consumo, Tarjeta de Crédito",6280.6900000000005,436.45,21000.0,435.0,"App, Branch, POS, Web",2,True,2.1,Travel Lover,Travel
C000440,Cliente 0440,Mass,Cuenca,48,754.17,15,"Crédito Hipotecario, Cuenta Corriente, Tarjeta de Crédito",262168.77,305.06,12000.0,96.0,"ATM, App, POS, Web",3,True,2.5,Education Lover,Education
C000441,Cliente 0441,Mass,Guayaquil,59,960.53,2,Crédito de Consumo,11672.8,0.0,0.0,520.0,ATM,1,False,,Sin Perfil de Consumo,N/A
C000442,Cliente 0442,Mass,Quito,52,550.99,7,"Crédito Hipotecario, Cuenta Corriente, Cuenta de Ahorros",192877.44,0.0,0.0,343.0,"ATM, App, Branch, Web",3,True,,Sin Perfil de Consumo,N/A
C000443,Cliente 0443,Mass,Loja,36,510.61,2,Crédito Vehicular,40476.8,0.0,0.0,1290.0,"App, Web",1,False,,Sin Perfil de Consumo,N/A
C000444,Cliente 0444,Affluent,Guayaquil,78,1084.38,12,"Crédito Vehicular, Cuenta Corriente, Tarjeta de Crédito",40557.6,428.66,22400.0,832.0,"ATM, App, Branch, POS, Web",3,True,1.9,Food & Supermarket Lover,Food
C000445,Cliente 0445,Mass,Quito,50,1295.28,14,"Crédito Hipotecario, Crédito Vehicular, Tarjeta de Crédito",118085.4,875.48,14300.0,125.0,"App, Branch, POS, Web",3,True,6.1,Food & Supermarket Lover,Supermarket
C000446,Cliente 0446,Joven,Manta,40,659.14,3,Cuenta Corriente,-300.0,0.0,0.0,,"Branch, Web",1,False,,Sin Perfil de Consumo,N/A
C000447,Cliente 0447,Mass,Quito,44,770.13,11,"Crédito Hipotecario, Cuenta Corriente, Tarjeta de Crédito",217246.94,280.62,5500.0,249.0,"App, Branch, POS, Web",3,True,5.1,Health & Wellness Lover,Health
C000448,Cliente 0448,Affluent,Guayaquil,40,5077.41,16,"Crédito Hipotecario, Tarjeta de Crédito",217956.72,7275.02,151200.0,1283.0,"ATM, App, Branch, POS, Web",2,True,4.8,Health & Wellness Lover,Health
C000449,Cliente 0449,Mass,Quito,18,1004.83,18,"Crédito Hipotecario, Cuenta Corriente, Tarjeta de Crédito",227988.36000000002,880.07,30000.0,897.0,"App, Branch, POS, Web",3,True,2.9,Lifestyle Lover,Others
C000450,Cliente 0450,Joven,Quito,34,350.0,2,Cuenta de Ahorros,517.66,0.0,0.0,,Branch,1,False,,Sin Perfil de Consumo,N/A
C000451,Cliente 0451,Affluent,Guayaquil,35,2421.47,12,"Cuenta Corriente, Cuenta de Ahorros, Tarjeta de Crédito",30148.120000000003,816.52,16200.0,611.0,"App, Branch, POS, Web",3,True,5.0,Food & Supermarket Lover,Food
C000452,Cliente 0452,Joven,Quito,39,1218.74,9,"Crédito de Consumo, Tarjeta de Crédito",17613.87,553.0999999999999,17400.0,459.0,"App, Branch, POS",2,True,3.2,Education Lover,Education
C000453,Cliente 0453,Joven,Manta,39,445.25,4,Cuenta de Ahorros,4130.04,0.0,0.0,,"App, Branch",1,False,,Sin Perfil de Consumo,N/A
C000454,Cliente 0454,Mass,Cuenca,36,930.4,5,"Crédito Vehicular, Cuenta Corriente",44265.43,0.0,0.0,1844.0,"App, Branch, Web",2,True,,Sin Perfil de Consumo,N/A
C000455,Cliente 0455,Joven,Cuenca,54,460.22,16,"Crédito Hipotecario, Crédito de Consumo, Cuenta Corriente, Tarjeta de Crédito",166161.84,305.32,10800.0,1153.0,"App, Branch, POS, Web",4,True,2.8,Entertainment & Streaming Lover,Entertainment
C000456,Cliente 0456,Mass,Manta,25,1534.2,7,"Crédito Hipotecario, Tarjeta de Crédito",53890.41,901.73,18000.0,221.0,"ATM, Branch, POS, Web",2,True,5.0,Food & Supermarket Lover,Supermarket
C000457,Cliente 0457,Mass,Manta,35,485.51,10,"Crédito de Consumo, Tarjeta de Crédito",6635.64,322.51,6300.0,537.0,"App, Branch, POS, Web",2,True,5.1,Lifestyle Lover,Fuel
C000458,Cliente 0458,PyME,Quito,20,3840.77,13,"Crédito Hipotecario, Tarjeta de Crédito",353134.25,1337.07,77000.0,394.0,"App, Branch, POS, Web",2,True,1.7,Lifestyle Lover,Fuel
C000459,Cliente 0459,Joven,Guayaquil,47,838.89,9,Tarjeta de Crédito,2439.63,925.06,16200.0,532.0,"App, POS, Web",1,False,5.7,Entertainment & Streaming Lover,Streaming
C000460,Cliente 0460,Premium,Loja,53,4476.51,10,"Crédito de Consumo, Cuenta de Ahorros, Tarjeta de Crédito",93153.63999999998,1376.0,35400.0,324.0,"ATM, App, Branch, POS",3,True,3.9,Lifestyle Lover,Others
C000461,Cliente 0461,Mass,Quito,28,1410.84,11,"Crédito Vehicular, Tarjeta de Crédito",46190.71,702.97,37800.0,369.0,"App, Branch, POS",2,True,1.9,Travel Lover,Travel
C000462,Cliente 0462,Joven,Quito,36,746.86,10,"Crédito Hipotecario, Cuenta Corriente, Tarjeta de Crédito",72863.39000000001,517.22,10400.0,1411.0,"ATM, App, POS",3,True,5.0,Tech Lover,Technology
C000463,Cliente 0463,Mass,Quito,35,1258.62,14,"Cuenta Corriente, Cuenta de Ahorros, Tarjeta de Crédito",16590.579999999998,1084.01,17100.0,349.0,"Branch, POS, Web",3,True,6.3,Food & Supermarket Lover,Supermarket
C000464,Cliente 0464,Premium,Quito,38,4388.54,18,"Cuenta Corriente, Tarjeta de Crédito",126450.4,3257.04,147000.0,847.0,"ATM, App, Branch, POS, Web",2,True,2.2,Education Lover,Education
C000465,Cliente 0465,Mass,Guayaquil,45,863.89,7,Tarjeta de Crédito,7468.93,354.97,17500.0,1197.0,"App, POS, Web",1,False,2.0,Lifestyle Lover,Others
C000466,Cliente 0466,Mass,Guayaquil,36,766.85,1,Crédito de Consumo,5963.83,0.0,0.0,2037.0,Web,1,False,,Sin Perfil de Consumo,N/A
C000467,Cliente 0467,Affluent,Guayaquil,61,3237.81,11,"Crédito Hipotecario, Cuenta Corriente, Cuenta de Ahorros, Tarjeta de Crédito",195985.7,684.81,39000.0,614.0,"App, Branch, POS, Web",4,True,1.8,Lifestyle Lover,Others
C000468,Cliente 0468,Mass,Quito,42,1276.38,1,Crédito Hipotecario,61562.8,0.0,0.0,708.0,Branch,1,False,,Sin Perfil de Consumo,N/A
C000469,Cliente 0469,Mass,Quito,29,1250.19,1,Crédito Vehicular,22568.18,0.0,0.0,1406.0,App,1,False,,Sin Perfil de Consumo,N/A
C000470,Cliente 0470,Mass,Quito,47,1118.19,1,Cuenta de Ahorros,2702.54,0.0,0.0,,App,1,False,,Sin Perfil de Consumo,N/A
C000471,Cliente 0471,Affluent,Desconocida,37,2505.03,13,"Crédito de Consumo, Tarjeta de Crédito",43465.409999999996,1640.39,46200.0,550.0,"ATM, App, POS, Web",2,True,3.6,Lifestyle Lover,Others
C000472,Cliente 0472,Affluent,Ambato,48,2995.63,6,"Crédito Vehicular, Tarjeta de Crédito",52072.32,897.69,28400.0,569.0,"ATM, App, Branch, Web",2,True,3.2,Entertainment & Streaming Lover,Streaming
C000473,Cliente 0473,Affluent,Loja,56,1984.74,10,"Cuenta Corriente, Tarjeta de Crédito",22680.23,1051.98,34200.0,152.0,"ATM, App, POS, Web",2,True,3.1,Food & Supermarket Lover,Supermarket
C000474,Cliente 0474,Premium,Quito,56,4641.96,1,Crédito Vehicular,12906.73,0.0,0.0,254.0,Branch,1,False,,Sin Perfil de Consumo,N/A
C000475,Cliente 0475,Mass,Cuenca,36,1236.69,12,"Crédito Vehicular, Cuenta Corriente, Tarjeta de Crédito",49082.68,490.8,21600.0,62.0,"App, Branch, POS, Web",3,True,2.3,Travel Lover,Travel
C000476,Cliente 0476,Mass,Quito,36,989.44,4,"Crédito Vehicular, Crédito de Consumo",33818.65,0.0,0.0,169.0,"App, Branch",2,True,,Sin Perfil de Consumo,N/A
C000477,Cliente 0477,Premium,Cuenca,64,3107.36,6,"Cuenta de Ahorros, Tarjeta de Crédito",29839.46,1979.21,42000.0,1160.0,"App, POS, Web",2,True,4.7,Entertainment & Streaming Lover,Streaming
C000478,Cliente 0478,Mass,Manta,53,1092.95,1,Cuenta Corriente,4408.76,0.0,0.0,,ATM,1,False,,Sin Perfil de Consumo,N/A
C000479,Cliente 0479,PyME,Cuenca,35,1033.6,5,"Cuenta Corriente, Cuenta de Ahorros",6323.45,0.0,0.0,,"App, Branch, Web",2,True,,Sin Perfil de Consumo,N/A
C000480,Cliente 0480,Mass,Cuenca,41,430.22,11,"Crédito Hipotecario, Cuenta de Ahorros, Tarjeta de Crédito",61732.219999999994,242.93,4500.0,769.0,"ATM, App, Branch, POS, Web",3,True,5.4,Travel Lover,Travel
C000481,Cliente 0481,PyME,Quito,36,2467.61,6,"Cuenta de Ahorros, Tarjeta de Crédito",3378.36,297.62,34500.0,83.0,"App, POS, Web",2,True,0.9,Entertainment & Streaming Lover,Streaming
C000482,Cliente 0482,Affluent,Quito,32,1254.56,8,"Crédito de Consumo, Cuenta Corriente, Tarjeta de Crédito",42693.92,280.92,8400.0,834.0,"ATM, App, Branch, POS, Web",3,True,3.3,Food & Supermarket Lover,Food
C000483,Cliente 0483,Affluent,Quito,31,3260.26,15,"Crédito de Consumo, Cuenta Corriente, Cuenta de Ahorros, Tarjeta de Crédito",90317.5,885.49,35000.0,370.0,"ATM, App, Branch, POS, Web",4,True,2.5,Lifestyle Lover,Fuel
C000484,Cliente 0484,Premium,Guayaquil,39,7416.87,22,"Crédito Hipotecario, Crédito Vehicular, Cuenta Corriente, Tarjeta de Crédito",221455.56999999998,9161.22,162400.0,328.0,"ATM, App, Branch, POS, Web",4,True,5.6,Entertainment & Streaming Lover,Streaming
C000485,Cliente 0485,Mass,Loja,18,789.07,4,"Crédito Vehicular, Crédito de Consumo",43199.76,0.0,0.0,1500.0,"Branch, POS, Web",2,True,,Sin Perfil de Consumo,N/A
C000486,Cliente 0486,Premium,Guayaquil,53,3805.37,8,"Crédito Hipotecario, Crédito de Consumo, Cuenta de Ahorros",245637.58000000002,0.0,0.0,171.0,"ATM, App, Branch, Web",3,True,,Sin Perfil de Consumo,N/A
C000487,Cliente 0487,Mass,Quito,23,484.15,14,"Crédito Hipotecario, Tarjeta de Crédito",200342.30000000002,568.3000000000001,13200.0,335.0,"App, Branch, POS, Web",2,True,4.3,Entertainment & Streaming Lover,Streaming
C000488,Cliente 0488,Joven,Manta,47,648.72,14,"Crédito Vehicular, Tarjeta de Crédito",95717.87,529.02,19800.0,425.0,"App, Branch, POS, Web",2,True,2.7,Entertainment & Streaming Lover,Streaming
C000489,Cliente 0489,Mass,Loja,43,1056.6,5,"Crédito Hipotecario, Crédito Vehicular",309026.99,0.0,0.0,887.0,"App, Branch",2,True,,Sin Perfil de Consumo,N/A
C000490,Cliente 0490,Mass,Quito,52,1212.76,7,"Crédito de Consumo, Cuenta de Ahorros",29183.37,0.0,0.0,1489.0,"App, Branch",2,True,,Sin Perfil de Consumo,N/A
C000491,Cliente 0491,Mass,Quito,41,1105.28,14,"Cuenta Corriente, Tarjeta de Crédito",21245.539999999997,1212.66,42900.0,473.0,"App, Branch, POS, Web",2,True,2.8,Lifestyle Lover,Others
C000492,Cliente 0492,Joven,Cuenca,40,784.97,8,Tarjeta de Crédito,4797.36,522.74,16800.0,1183.0,"Branch, POS, Web",1,False,3.1,Food & Supermarket Lover,Supermarket
C000493,Cliente 0493,Affluent,Cuenca,26,835.28,17,"Crédito Vehicular, Crédito de Consumo, Tarjeta de Crédito",76165.75,726.22,19500.0,206.0,"App, Branch, POS, Web",3,True,3.7,Entertainment & Streaming Lover,Streaming
C000494,Cliente 0494,Affluent,Manta,51,2246.88,11,"Crédito Hipotecario, Crédito de Consumo, Tarjeta de Crédito",257893.33000000002,1405.03,37800.0,1217.0,"ATM, App, Branch, POS",3,True,3.7,Food & Supermarket Lover,Food
C000495,Cliente 0495,Affluent,Guayaquil,36,1759.52,5,"Crédito Hipotecario, Crédito Vehicular",81650.29000000001,0.0,0.0,265.0,"ATM, App, Branch",2,True,,Sin Perfil de Consumo,N/A
C000496,Cliente 0496,Joven,Cuenca,28,1540.09,7,Tarjeta de Crédito,1627.71,1262.66,11900.0,107.0,"POS, Web",1,False,10.6,Travel Lover,Travel
C000497,Cliente 0497,Affluent,Manta,35,2406.38,5,"Crédito Hipotecario, Crédito Vehicular",258932.99,0.0,0.0,1200.0,"Branch, Web",2,True,,Sin Perfil de Consumo,N/A
C000498,Cliente 0498,PyME,Guayaquil,57,2783.68,6,"Crédito de Consumo, Cuenta de Ahorros",35993.82,0.0,0.0,1848.0,"App, Branch, Web",2,True,,Sin Perfil de Consumo,N/A
C000499,Cliente 0499,Premium,Quito,20,4277.03,7,"Crédito Hipotecario, Crédito Vehicular, Crédito de Consumo, Cuenta Corriente",189480.13,0.0,0.0,533.0,"App, Branch, Web",4,True,,Sin Perfil de Consumo,N/A
C000500,Cliente 0500,Mass,Guayaquil,34,1206.86,8,"Cuenta de Ahorros, Tarjeta de Crédito",11815.01,1147.71,8400.0,744.0,"App, Branch, POS, Web",2,True,13.7,Health & Wellness Lover,Health
C000501,Cliente 0501,Premium,Guayaquil,41,6577.22,12,"Cuenta Corriente, Cuenta de Ahorros, Tarjeta de Crédito",121216.85,1885.06,115500.0,898.0,"ATM, App, Branch, POS, Web",3,True,1.6,Entertainment & Streaming Lover,Entertainment
C000502,Cliente 0502,Mass,Guayaquil,49,631.7,12,"Cuenta Corriente, Cuenta de Ahorros, Tarjeta de Crédito",16012.16,167.97,7200.0,457.0,"ATM, App, Branch, POS, Web",3,True,2.3,Tech Lover,Technology
C000503,Cliente 0503,PyME,Ambato,45,3104.87,8,"Crédito Vehicular, Tarjeta de Crédito",71282.52,459.26,30500.0,274.0,"ATM, App, Branch, POS, Web",2,True,1.5,Health & Wellness Lover,Health
C000504,Cliente 0504,Mass,Quito,55,686.35,7,"Crédito de Consumo, Tarjeta de Crédito",9710.77,188.07,7800.0,1475.0,"Branch, POS",2,True,2.4,Lifestyle Lover,Fuel
C000505,Cliente 0505,Premium,Quito,50,3095.13,14,"Cuenta Corriente, Tarjeta de Crédito",21949.15,2322.15,81900.0,574.0,"App, Branch, POS, Web",2,True,2.8,Entertainment & Streaming Lover,Entertainment
C000506,Cliente 0506,Mass,Quito,34,535.2,4,Tarjeta de Crédito,2493.96,116.37,2800.0,1243.0,"App, Branch, POS",1,False,4.2,Food & Supermarket Lover,Food
C000507,Cliente 0507,Mass,Cuenca,56,1921.08,17,"Crédito de Consumo, Tarjeta de Crédito",41408.53,1556.42,51800.0,1368.0,"ATM, App, Branch, POS, Web",2,True,3.0,Travel Lover,Travel
C000508,Cliente 0508,Affluent,Quito,35,1331.37,10,"Crédito Hipotecario, Tarjeta de Crédito",150489.62000000002,514.81,16000.0,722.0,"App, Branch, POS, Web",2,True,3.2,Food & Supermarket Lover,Food
C000509,Cliente 0509,Mass,Cuenca,51,727.42,1,Cuenta de Ahorros,1647.53,0.0,0.0,,Branch,1,False,,Sin Perfil de Consumo,N/A
C000510,Cliente 0510,Mass,Quito,29,880.46,12,"Crédito Vehicular, Tarjeta de Crédito",45950.44,620.05,26000.0,51.0,"ATM, App, POS, Web",2,True,2.4,Food & Supermarket Lover,Food
C000511,Cliente 0511,Mass,Guayaquil,42,859.97,13,"Crédito de Consumo, Tarjeta de Crédito",11774.69,1039.57,24200.0,726.0,"ATM, App, Branch, POS, Web",2,True,4.3,Food & Supermarket Lover,Supermarket
C000512,Cliente 0512,PyME,Quito,53,2532.18,7,Tarjeta de Crédito,20656.789999999997,923.13,46200.0,955.0,"POS, Web",1,False,2.0,Food & Supermarket Lover,Supermarket
C000513,Cliente 0513,Affluent,Quito,41,2200.13,8,"Crédito Vehicular, Cuenta Corriente, Tarjeta de Crédito",43066.5,510.75,10000.0,506.0,"ATM, App, Branch, POS, Web",3,True,5.1,Travel Lover,Travel
C000514,Cliente 0514,Mass,Quito,29,710.62,8,"Crédito de Consumo, Tarjeta de Crédito",10480.56,543.3,8400.0,883.0,"ATM, Branch, POS, Web",2,True,6.5,Food & Supermarket Lover,Food
C000515,Cliente 0515,Joven,Ambato,42,428.68,14,"Crédito Hipotecario, Crédito de Consumo, Tarjeta de Crédito",140969.5,270.02,9000.0,820.0,"App, Branch, POS, Web",3,True,3.0,Food & Supermarket Lover,Food
C000516,Cliente 0516,Mass,Guayaquil,29,762.38,17,"Crédito Vehicular, Cuenta de Ahorros, Tarjeta de Crédito",33817.67,853.76,15600.0,74.0,"App, Branch, POS, Web",3,True,5.5,Travel Lover,Travel
C000517,Cliente 0517,Joven,Quito,36,542.35,16,"Cuenta Corriente, Tarjeta de Crédito",13667.97,492.76,19500.0,556.0,"ATM, App, Branch, POS, Web",2,True,2.5,Lifestyle Lover,Others
C000518,Cliente 0518,Mass,Guayaquil,30,428.44,15,"Cuenta Corriente, Cuenta de Ahorros, Tarjeta de Crédito",13354.78,172.8,7000.0,703.0,"App, Branch, POS, Web",3,True,2.5,Lifestyle Lover,Fuel
C000519,Cliente 0519,Joven,Manta,38,627.12,9,"Cuenta de Ahorros, Tarjeta de Crédito",9951.09,94.92,6000.0,293.0,"ATM, Branch, POS, Web",2,True,1.6,Travel Lover,Travel
C000520,Cliente 0520,Mass,Cuenca,40,928.56,8,"Crédito de Consumo, Tarjeta de Crédito",20841.73,229.29,12000.0,371.0,"App, Branch, POS, Web",2,True,1.9,Education Lover,Education
C000521,Cliente 0521,Premium,Guayaquil,55,4631.87,6,"Crédito Hipotecario, Crédito Vehicular, Cuenta de Ahorros",145532.71,0.0,0.0,801.0,"App, Branch, Web",3,True,,Sin Perfil de Consumo,N/A
C000522,Cliente 0522,Mass,Cuenca,41,853.05,5,"Cuenta Corriente, Cuenta de Ahorros",20517.6,0.0,0.0,,"ATM, App, Branch, Web",2,True,,Sin Perfil de Consumo,N/A
C000523,Cliente 0523,Mass,Quito,45,839.22,13,Tarjeta de Crédito,3782.22,1270.05,22100.0,491.0,"ATM, App, Branch, POS, Web",1,False,5.7,Travel Lover,Travel
C000524,Cliente 0524,PyME,Guayaquil,35,1382.36,16,"Crédito Vehicular, Cuenta de Ahorros, Tarjeta de Crédito",75747.92,1151.1599999999999,32000.0,1235.0,"App, Branch, POS, Web",3,True,3.6,Entertainment & Streaming Lover,Streaming
C000525,Cliente 0525,Mass,Guayaquil,44,809.82,14,"Crédito de Consumo, Tarjeta de Crédito",22677.260000000002,542.65,9900.0,386.0,"App, Branch, POS, Web",2,True,5.5,Food & Supermarket Lover,Supermarket
C000526,Cliente 0526,Mass,Quito,32,525.02,15,"Crédito Hipotecario, Cuenta Corriente, Tarjeta de Crédito",143707.09,243.3,18000.0,1073.0,"App, Branch, POS, Web",3,True,1.4,Education Lover,Education
C000527,Cliente 0527,Mass,Quito,18,568.56,8,"Crédito de Consumo, Cuenta de Ahorros, Tarjeta de Crédito",4107.86,360.05,4200.0,181.0,"App, POS, Web",3,True,8.6,Lifestyle Lover,Others
C000528,Cliente 0528,Affluent,Quito,59,2353.61,10,"Crédito Hipotecario, Cuenta Corriente, Tarjeta de Crédito",124078.14,669.63,40800.0,1251.0,"App, Branch, POS, Web",3,True,1.6,Tech Lover,Technology
C000529,Cliente 0529,Affluent,Guayaquil,57,1497.26,13,"Cuenta Corriente, Cuenta de Ahorros, Tarjeta de Crédito",24600.600000000002,698.0,37000.0,363.0,"App, Branch, POS, Web",3,True,1.9,Travel Lover,Travel
C000530,Cliente 0530,Mass,Quito,29,1482.02,2,"Crédito Hipotecario, Cuenta Corriente",42275.59,0.0,0.0,2135.0,"App, Branch",2,True,,Sin Perfil de Consumo,N/A
C000531,Cliente 0531,Joven,Quito,56,670.99,3,"Crédito Hipotecario, Cuenta de Ahorros",64901.01000000001,0.0,0.0,1439.0,"ATM, App, Branch",2,True,,Sin Perfil de Consumo,N/A
C000532,Cliente 0532,Joven,Guayaquil,20,730.45,2,"Crédito de Consumo, Cuenta Corriente",3937.38,0.0,0.0,1720.0,"App, Branch",2,True,,Sin Perfil de Consumo,N/A
C000533,Cliente 0533,Mass,Quito,45,766.22,11,"Crédito Hipotecario, Crédito Vehicular, Tarjeta de Crédito",223947.44999999998,235.16000000000003,5500.0,795.0,"ATM, App, Branch, POS, Web",3,True,4.3,Food & Supermarket Lover,Food
C000534,Cliente 0534,Mass,Manta,22,1135.26,8,"Crédito Hipotecario, Crédito de Consumo, Tarjeta de Crédito",85684.5,568.28,16500.0,495.0,"ATM, App, Web",3,True,3.4,Health & Wellness Lover,Health
C000535,Cliente 0535,Affluent,Quito,18,2732.78,7,"Crédito de Consumo, Cuenta de Ahorros, Tarjeta de Crédito",32399.23,286.78999999999996,20000.0,142.0,"App, Branch, POS, Web",3,True,1.4,Entertainment & Streaming Lover,Streaming
C000536,Cliente 0536,Mass,Manta,36,643.63,6,"Crédito Hipotecario, Crédito Vehicular",406646.73,0.0,0.0,913.0,"ATM, App, Branch, Web",2,True,,Sin Perfil de Consumo,N/A
C000537,Cliente 0537,Mass,Loja,27,837.67,9,Tarjeta de Crédito,3396.06,527.01,10800.0,524.0,"App, Branch, POS, Web",1,False,4.9,Food & Supermarket Lover,Food
C000538,Cliente 0538,Mass,Guayaquil,44,773.91,7,"Crédito de Consumo, Cuenta de Ahorros",23446.53,0.0,0.0,696.0,"Branch, Web",2,True,,Sin Perfil de Consumo,N/A
C000539,Cliente 0539,Mass,Guayaquil,25,1124.8,4,"Crédito Hipotecario, Cuenta de Ahorros",137342.58,0.0,0.0,410.0,"ATM, App, POS, Web",2,True,,Sin Perfil de Consumo,N/A
C000540,Cliente 0540,Mass,Guayaquil,41,756.61,12,"Crédito de Consumo, Tarjeta de Crédito",18472.13,351.09000000000003,24200.0,1035.0,"ATM, App, Branch, POS",2,True,1.5,Entertainment & Streaming Lover,Entertainment
C000541,Cliente 0541,Mass,Cuenca,53,882.92,7,"Crédito Hipotecario, Tarjeta de Crédito",242143.88999999998,361.53,5000.0,143.0,"App, Branch, POS, Web",2,True,7.2,Lifestyle Lover,Fuel
C000542,Cliente 0542,Mass,Cuenca,43,1125.96,12,"Crédito Hipotecario, Crédito Vehicular, Tarjeta de Crédito",153708.44,1186.13,21600.0,225.0,"App, Branch, POS, Web",3,True,5.5,Travel Lover,Travel
C000543,Cliente 0543,Mass,Guayaquil,36,778.05,16,"Crédito de Consumo, Cuenta Corriente, Tarjeta de Crédito",17908.64,469.71999999999997,10800.0,525.0,"ATM, App, Branch, POS, Web",3,True,4.3,Food & Supermarket Lover,Supermarket
C000544,Cliente 0544,PyME,Cuenca,43,1371.56,10,"Crédito de Consumo, Tarjeta de Crédito",59966.479999999996,691.81,12600.0,1235.0,"App, Branch, POS, Web",2,True,5.5,Education Lover,Education
C000545,Cliente 0545,Mass,Guayaquil,46,1194.51,17,"Crédito Hipotecario, Crédito de Consumo, Tarjeta de Crédito",217980.8,887.18,32400.0,906.0,"App, Branch, POS, Web",3,True,2.7,Food & Supermarket Lover,Supermarket
C000546,Cliente 0546,Mass,Manta,48,916.39,5,"Crédito de Consumo, Tarjeta de Crédito",2215.43,178.48,9600.0,143.0,"App, Branch, POS",2,True,1.9,Tech Lover,Technology
C000547,Cliente 0547,Mass,Guayaquil,34,1212.24,3,Crédito de Consumo,12407.52,0.0,0.0,751.0,"Branch, POS, Web",1,False,,Sin Perfil de Consumo,N/A
C000548,Cliente 0548,Premium,Guayaquil,33,2792.79,16,"Crédito Hipotecario, Crédito de Consumo, Cuenta de Ahorros, Tarjeta de Crédito",254100.13,1928.3400000000001,72000.0,654.0,"ATM, App, Branch, POS, Web",4,True,2.7,Food & Supermarket Lover,Food
C000549,Cliente 0549,Mass,Cuenca,47,1141.13,17,"Cuenta Corriente, Cuenta de Ahorros, Tarjeta de Crédito",45444.590000000004,553.1,33000.0,63.0,"App, Branch, POS, Web",3,True,1.7,Food & Supermarket Lover,Food
C000550,Cliente 0550,PyME,Manta,18,1666.88,1,Crédito de Consumo,12579.91,0.0,0.0,525.0,ATM,1,False,,Sin Perfil de Consumo,N/A
C000551,Cliente 0551,Mass,Cuenca,47,479.36,11,"Crédito Hipotecario, Tarjeta de Crédito",33513.58,255.70000000000002,14000.0,1150.0,"App, POS, Web",2,True,1.8,Travel Lover,Travel
C000552,Cliente 0552,Affluent,Guayaquil,35,1993.66,7,"Cuenta de Ahorros, Tarjeta de Crédito",15134.99,410.27,10500.0,168.0,"App, Branch, POS, Web",2,True,3.9,Education Lover,Education
C000553,Cliente 0553,Joven,Ambato,43,469.47,1,Crédito de Consumo,4526.09,0.0,0.0,1791.0,Branch,1,False,,Sin Perfil de Consumo,N/A
C000554,Cliente 0554,Affluent,Manta,23,2445.71,17,"Cuenta Corriente, Tarjeta de Crédito",48392.72,1834.1299999999999,50700.0,351.0,"App, Branch, POS, Web",2,True,3.6,Tech Lover,Technology
C000555,Cliente 0555,Joven,Quito,42,539.48,1,Crédito Vehicular,24358.65,0.0,0.0,1929.0,Web,1,False,,Sin Perfil de Consumo,N/A
C000556,Cliente 0556,Mass,Ambato,27,881.1,13,"Cuenta Corriente, Tarjeta de Crédito",20513.19,720.83,15300.0,915.0,"ATM, App, Branch, POS, Web",2,True,4.7,Entertainment & Streaming Lover,Streaming
C000557,Cliente 0557,Premium,Guayaquil,50,5055.6,11,"Cuenta de Ahorros, Tarjeta de Crédito",55942.020000000004,3424.71,119000.0,1453.0,"App, Branch, POS, Web",2,True,2.9,Food & Supermarket Lover,Supermarket
C000558,Cliente 0558,Mass,Guayaquil,38,932.23,12,"Crédito Hipotecario, Tarjeta de Crédito",211417.35,437.16999999999996,13500.0,782.0,"ATM, App, POS, Web",2,True,3.2,Food & Supermarket Lover,Food
C000559,Cliente 0559,Mass,Quito,43,852.91,10,"Crédito de Consumo, Tarjeta de Crédito",10695.8,535.5699999999999,17100.0,339.0,"App, POS, Web",2,True,3.1,Entertainment & Streaming Lover,Streaming
C000560,Cliente 0560,Joven,Quito,40,884.71,12,"Cuenta Corriente, Tarjeta de Crédito",12650.080000000002,593.96,8000.0,1403.0,"App, Branch, POS, Web",2,True,7.4,Education Lover,Education
C000561,Cliente 0561,Affluent,Quito,50,2103.11,8,"Crédito Hipotecario, Crédito de Consumo, Cuenta Corriente",335245.69,0.0,0.0,46.0,"App, Branch, Web",3,True,,Sin Perfil de Consumo,N/A
C000562,Cliente 0562,Mass,Manta,22,963.67,14,"Cuenta de Ahorros, Tarjeta de Crédito",14841.61,916.0799999999999,23400.0,381.0,"ATM, App, Branch, POS, Web",2,True,3.9,Entertainment & Streaming Lover,Streaming
C000563,Cliente 0563,Premium,Guayaquil,59,5012.14,16,"Crédito Hipotecario, Cuenta de Ahorros, Tarjeta de Crédito",150840.07,2977.35,111100.0,892.0,"App, Branch, POS, Web",3,True,2.7,Food & Supermarket Lover,Supermarket
C000564,Cliente 0564,Joven,Guayaquil,24,845.79,1,Cuenta Corriente,1345.93,0.0,0.0,,App,1,False,,Sin Perfil de Consumo,N/A
C000565,Cliente 0565,Mass,Quito,38,1201.96,18,"Crédito Vehicular, Crédito de Consumo, Cuenta de Ahorros, Tarjeta de Crédito",41600.34,1011.0,30000.0,125.0,"ATM, App, Branch, POS, Web",4,True,3.4,Entertainment & Streaming Lover,Entertainment
C000566,Cliente 0566,Joven,Guayaquil,42,735.71,10,"Crédito Vehicular, Tarjeta de Crédito",42282.62,261.37,12600.0,275.0,"ATM, App, POS, Web",2,True,2.1,Entertainment & Streaming Lover,Streaming
C000567,Cliente 0567,Mass,Guayaquil,50,1103.12,12,"Crédito Hipotecario, Cuenta Corriente, Tarjeta de Crédito",88368.71,414.33000000000004,24800.0,339.0,"App, Branch, POS, Web",3,True,1.7,Entertainment & Streaming Lover,Streaming
C000568,Cliente 0568,Mass,Cuenca,44,751.6,15,"Crédito Vehicular, Cuenta Corriente, Tarjeta de Crédito",78657.27,827.45,24200.0,495.0,"ATM, App, Branch, POS, Web",3,True,3.4,Entertainment & Streaming Lover,Entertainment
C000569,Cliente 0569,Mass,Guayaquil,25,820.48,3,Crédito Hipotecario,250605.72000000003,0.0,0.0,1471.0,"App, Branch, Web",1,False,,Sin Perfil de Consumo,N/A
C000570,Cliente 0570,Mass,Quito,36,1227.75,17,"Cuenta Corriente, Tarjeta de Crédito",17800.15,1686.49,19500.0,762.0,"App, Branch, POS, Web",2,True,8.6,Food & Supermarket Lover,Food
C000571,Cliente 0571,Premium,Guayaquil,52,9931.98,14,"Crédito Vehicular, Cuenta de Ahorros, Tarjeta de Crédito",150711.72,4307.49,200700.0,1023.0,"ATM, App, Branch, POS, Web",3,True,2.1,Food & Supermarket Lover,Food
C000572,Cliente 0572,Mass,Ambato,52,896.11,4,"Crédito Hipotecario, Crédito de Consumo",274878.82,0.0,0.0,219.0,"Branch, Web",2,True,,Sin Perfil de Consumo,N/A
C000573,Cliente 0573,Premium,Cuenca,18,5486.83,6,"Crédito Hipotecario, Tarjeta de Crédito",64796.14,1973.3500000000001,62000.0,414.0,"ATM, App, Branch, POS, Web",2,True,3.2,Travel Lover,Travel
C000574,Cliente 0574,Affluent,Quito,45,3953.96,9,"Cuenta de Ahorros, Tarjeta de Crédito",2339.81,1895.6,30100.0,400.0,"ATM, App, POS, Web",2,True,6.3,Entertainment & Streaming Lover,Streaming
C000575,Cliente 0575,Mass,Guayaquil,25,484.83,11,"Cuenta Corriente, Tarjeta de Crédito",7722.19,247.4,8000.0,1106.0,"ATM, App, Branch, POS, Web",2,True,3.1,Food & Supermarket Lover,Supermarket
C000576,Cliente 0576,Affluent,Cuenca,39,3245.47,8,"Crédito Hipotecario, Crédito de Consumo, Cuenta Corriente",241640.53999999998,0.0,0.0,1290.0,"ATM, App, Branch, Web",3,True,,Sin Perfil de Consumo,N/A
C000577,Cliente 0577,Affluent,Guayaquil,36,1925.81,15,Tarjeta de Crédito,9799.05,1664.59,39000.0,1036.0,"App, Branch, POS, Web",1,False,4.3,Lifestyle Lover,Fuel
C000578,Cliente 0578,Affluent,Manta,47,2798.85,2,Cuenta de Ahorros,26171.72,0.0,0.0,,"Branch, Web",1,False,,Sin Perfil de Consumo,N/A
C000579,Cliente 0579,Premium,Guayaquil,18,5599.58,14,"Crédito Hipotecario, Crédito de Consumo, Cuenta de Ahorros, Tarjeta de Crédito",221517.87,3404.0,86400.0,938.0,"ATM, App, Branch, POS, Web",4,True,3.9,Travel Lover,Travel
C000580,Cliente 0580,Joven,Guayaquil,56,575.5,20,"Crédito Vehicular, Crédito de Consumo, Cuenta de Ahorros, Tarjeta de Crédito",48571.659999999996,621.6,12000.0,148.0,"ATM, App, Branch, POS, Web",4,True,5.2,Tech Lover,Technology
C000581,Cliente 0581,PyME,Guayaquil,36,2946.73,17,"Crédito Hipotecario, Crédito de Consumo, Cuenta Corriente, Tarjeta de Crédito",101853.69,2489.26,75600.0,77.0,"ATM, App, Branch, POS, Web",4,True,3.3,Food & Supermarket Lover,Food
C000582,Cliente 0582,Mass,Guayaquil,46,1230.41,7,"Crédito Vehicular, Cuenta Corriente, Tarjeta de Crédito",20360.68,484.7,7000.0,35.0,"App, POS, Web",3,True,6.9,Entertainment & Streaming Lover,Streaming
C000583,Cliente 0583,Affluent,Loja,36,1577.87,16,"Cuenta de Ahorros, Tarjeta de Crédito",33654.73,2006.7800000000002,28600.0,730.0,"ATM, App, Branch, POS, Web",2,True,7.0,Food & Supermarket Lover,Food
C000584,Cliente 0584,Affluent,Guayaquil,47,6325.61,9,"Crédito de Consumo, Tarjeta de Crédito",39446.55,1656.35,75000.0,1324.0,"App, POS, Web",2,True,2.2,Entertainment & Streaming Lover,Streaming
C000585,Cliente 0585,PyME,Quito,40,5513.05,4,Cuenta de Ahorros,62247.36,0.0,0.0,,"App, Branch, POS, Web",1,False,,Sin Perfil de Consumo,N/A
C000586,Cliente 0586,Premium,Quito,42,3325.94,12,"Crédito Vehicular, Cuenta Corriente, Cuenta de Ahorros, Tarjeta de Crédito",80891.58,2117.63,33600.0,932.0,"App, Branch, POS, Web",4,True,6.3,Travel Lover,Travel
C000587,Cliente 0587,Affluent,Quito,27,2112.97,1,Cuenta Corriente,2833.05,0.0,0.0,,Branch,1,False,,Sin Perfil de Consumo,N/A
C000588,Cliente 0588,Mass,Loja,19,1098.82,2,Cuenta Corriente,5958.96,0.0,0.0,,"App, Branch",1,False,,Sin Perfil de Consumo,N/A
C000589,Cliente 0589,PyME,Loja,56,2534.15,13,"Cuenta de Ahorros, Tarjeta de Crédito",36310.869999999995,1726.0,39600.0,706.0,"App, Branch, POS, Web",2,True,4.4,Travel Lover,Travel
C000590,Cliente 0590,Affluent,Quito,22,1567.1,11,"Crédito Vehicular, Cuenta Corriente, Cuenta de Ahorros",70336.3,0.0,0.0,223.0,"ATM, App, Branch, Web",3,True,,Sin Perfil de Consumo,N/A
C000591,Cliente 0591,Mass,Guayaquil,37,1044.72,10,"Crédito Vehicular, Crédito de Consumo, Cuenta Corriente",89798.59,0.0,0.0,448.0,"App, Branch, Web",3,True,,Sin Perfil de Consumo,N/A
C000592,Cliente 0592,Mass,Guayaquil,39,563.77,9,"Crédito Vehicular, Tarjeta de Crédito",9027.96,380.15999999999997,12800.0,626.0,"Branch, POS, Web",2,True,3.0,Travel Lover,Travel
C000593,Cliente 0593,PyME,Guayaquil,40,1276.29,1,Crédito de Consumo,2549.63,0.0,0.0,36.0,Web,1,False,,Sin Perfil de Consumo,N/A
C000594,Cliente 0594,Mass,Guayaquil,49,973.26,11,"Cuenta Corriente, Cuenta de Ahorros, Tarjeta de Crédito",6854.34,639.36,17500.0,1397.0,"App, POS, Web",3,True,3.7,Travel Lover,Travel
C000595,Cliente 0595,Mass,Quito,29,1173.43,18,"Crédito de Consumo, Cuenta de Ahorros, Tarjeta de Crédito",25714.24,792.47,23100.0,17.0,"ATM, App, Branch, POS, Web",3,True,3.4,Tech Lover,Technology
C000596,Cliente 0596,Mass,Guayaquil,18,661.13,18,"Crédito de Consumo, Cuenta de Ahorros, Tarjeta de Crédito",12145.15,606.93,9100.0,1212.0,"ATM, App, Branch, POS, Web",3,True,6.7,Food & Supermarket Lover,Supermarket
C000597,Cliente 0597,Affluent,Guayaquil,61,3321.62,13,"Crédito Vehicular, Cuenta Corriente, Tarjeta de Crédito",93425.39,1225.51,49000.0,284.0,"App, Branch, POS, Web",3,True,2.5,Entertainment & Streaming Lover,Streaming
C000598,Cliente 0598,Premium,Quito,38,6821.75,10,"Crédito de Consumo, Tarjeta de Crédito",105100.70000000001,3697.44,145600.0,1339.0,"App, Branch, POS, Web",2,True,2.5,Entertainment & Streaming Lover,Entertainment
C000599,Cliente 0599,Mass,Cuenca,23,1038.01,4,"Crédito de Consumo, Cuenta de Ahorros",12521.62,0.0,0.0,316.0,"ATM, App, Web",2,True,,Sin Perfil de Consumo,N/A
C000600,Cliente 0600,Joven,Guayaquil,28,350.0,16,"Crédito Vehicular, Cuenta Corriente, Cuenta de Ahorros, Tarjeta de Crédito",42348.82,209.56,6300.0,15.0,"ATM, App, Branch, POS, Web",4,True,3.3,Entertainment & Streaming Lover,Entertainment
C000601,Cliente 0601,Joven,Guayaquil,37,833.98,15,"Crédito Hipotecario, Crédito Vehicular, Tarjeta de Crédito",103461.56999999999,435.77,18900.0,1324.0,"ATM, App, Branch, POS, Web",3,True,2.3,Food & Supermarket Lover,Food
C000602,Cliente 0602,Affluent,Loja,28,1891.75,4,"Crédito Hipotecario, Cuenta de Ahorros",301528.95,0.0,0.0,2018.0,"App, Branch, Web",2,True,,Sin Perfil de Consumo,N/A
C000603,Cliente 0603,Joven,Quito,29,350.0,13,"Cuenta de Ahorros, Tarjeta de Crédito",4059.9999999999995,258.43,12000.0,1320.0,"App, POS, Web",2,True,2.2,Tech Lover,Technology
C000604,Cliente 0604,Premium,Ambato,28,4163.61,10,"Crédito de Consumo, Cuenta Corriente, Cuenta de Ahorros, Tarjeta de Crédito",71147.35,1619.79,38400.0,578.0,"App, Branch, POS, Web",4,True,4.2,Food & Supermarket Lover,Food
C000605,Cliente 0605,Joven,Quito,23,828.68,13,"Crédito de Consumo, Cuenta de Ahorros, Tarjeta de Crédito",18897.48,667.02,19800.0,94.0,"ATM, App, Branch, POS, Web",3,True,3.4,Education Lover,Education
C000606,Cliente 0606,Mass,Quito,37,1097.71,9,"Crédito Vehicular, Cuenta Corriente, Cuenta de Ahorros",76487.8,0.0,0.0,1032.0,"App, Branch, Web",3,True,,Sin Perfil de Consumo,N/A
C000607,Cliente 0607,Affluent,Ambato,18,2513.53,14,"Cuenta Corriente, Cuenta de Ahorros, Tarjeta de Crédito",39361.67,2249.63,32200.0,167.0,"ATM, App, Branch, POS, Web",3,True,7.0,Lifestyle Lover,Others
C000608,Cliente 0608,Mass,Guayaquil,26,553.49,15,"Cuenta de Ahorros, Tarjeta de Crédito",2509.11,566.3,14000.0,35.0,"App, Branch, POS, Web",2,True,4.0,Food & Supermarket Lover,Food
C000609,Cliente 0609,Mass,Cuenca,23,786.95,10,"Crédito Hipotecario, Tarjeta de Crédito",309750.83999999997,390.12,15400.0,1009.0,"App, Branch, POS, Web",2,True,2.5,Food & Supermarket Lover,Food
C000610,Cliente 0610,Mass,Quito,25,810.71,14,"Crédito Hipotecario, Cuenta de Ahorros, Tarjeta de Crédito",105275.31000000001,886.78,15400.0,249.0,"App, Branch, POS, Web",3,True,5.8,Food & Supermarket Lover,Food
C000611,Cliente 0611,Premium,Quito,34,6658.78,10,"Crédito Hipotecario, Cuenta Corriente, Tarjeta de Crédito",165690.82,2651.2200000000003,83400.0,820.0,"ATM, Branch, POS, Web",3,True,3.2,Food & Supermarket Lover,Food
C000612,Cliente 0612,Premium,Manta,57,3765.71,14,"Crédito Vehicular, Tarjeta de Crédito",58364.88,1719.71,62700.0,28.0,"App, Branch, POS, Web",2,True,2.7,Entertainment & Streaming Lover,Entertainment
C000613,Cliente 0613,Mass,Guayaquil,39,1064.77,11,"Crédito de Consumo, Tarjeta de Crédito",10882.67,331.5,10400.0,297.0,"Branch, POS, Web",2,True,3.2,Food & Supermarket Lover,Supermarket
C000614,Cliente 0614,Premium,Quito,46,8425.25,12,"Cuenta Corriente, Tarjeta de Crédito",62265.439999999995,5667.67,237000.0,1175.0,"ATM, POS, Web",2,True,2.4,Food & Supermarket Lover,Food
C000615,Cliente 0615,Mass,Loja,31,580.94,15,"Crédito de Consumo, Tarjeta de Crédito",17717.74,470.84999999999997,15600.0,343.0,"App, POS, Web",2,True,3.0,Tech Lover,Technology
C000616,Cliente 0616,Joven,Quito,41,893.25,22,"Crédito Vehicular, Crédito de Consumo, Cuenta de Ahorros, Tarjeta de Crédito",86200.86,522.55,16800.0,836.0,"ATM, App, Branch, POS, Web",4,True,3.1,Food & Supermarket Lover,Supermarket
C000617,Cliente 0617,Premium,Guayaquil,18,3236.15,18,"Crédito Vehicular, Crédito de Consumo, Tarjeta de Crédito",126085.41999999998,2745.05,100100.0,111.0,"ATM, App, Branch, POS, Web",3,True,2.7,Food & Supermarket Lover,Supermarket
C000618,Cliente 0618,Mass,Guayaquil,52,1159.75,10,Tarjeta de Crédito,1265.4,550.91,27000.0,1234.0,"App, POS, Web",1,False,2.0,Entertainment & Streaming Lover,Entertainment
C000619,Cliente 0619,Premium,Guayaquil,38,6522.81,9,"Crédito de Consumo, Tarjeta de Crédito",91628.52,1529.37,93600.0,905.0,"ATM, App, Branch, POS, Web",2,True,1.6,Travel Lover,Travel
C000620,Cliente 0620,Premium,Quito,48,5739.22,15,"Crédito de Consumo, Tarjeta de Crédito",93944.51,5356.07,121800.0,16.0,"App, Branch, POS, Web",2,True,4.4,Entertainment & Streaming Lover,Streaming
C000621,Cliente 0621,PyME,Manta,18,2782.77,10,"Crédito Hipotecario, Tarjeta de Crédito",210545.30000000005,1443.93,21700.0,1099.0,"App, Branch, POS, Web",2,True,6.7,Entertainment & Streaming Lover,Entertainment
C000622,Cliente 0622,Mass,Quito,42,1018.94,8,"Cuenta de Ahorros, Tarjeta de Crédito",3329.97,442.01,15400.0,1391.0,"App, Branch, POS, Web",2,True,2.9,Food & Supermarket Lover,Supermarket
C000623,Cliente 0623,Mass,Ambato,29,706.93,5,"Crédito de Consumo, Tarjeta de Crédito",6663.0,135.02999999999997,4400.0,661.0,"App, Branch, POS",2,True,3.1,Lifestyle Lover,Fuel
C000624,Cliente 0624,Affluent,Cuenca,54,2030.65,13,"Cuenta de Ahorros, Tarjeta de Crédito",41784.69,993.5500000000001,38000.0,329.0,"ATM, App, Branch, POS, Web",2,True,2.6,Food & Supermarket Lover,Supermarket
C000625,Cliente 0625,Mass,Guayaquil,23,649.62,8,"Crédito Hipotecario, Tarjeta de Crédito",82240.62,427.99,13300.0,686.0,"App, Branch, POS, Web",2,True,3.2,Food & Supermarket Lover,Supermarket
C000626,Cliente 0626,Affluent,Quito,51,3523.58,18,"Crédito Hipotecario, Cuenta Corriente, Tarjeta de Crédito",309543.96,2591.79,94600.0,452.0,"ATM, App, Branch, POS, Web",3,True,2.7,Travel Lover,Travel
C000627,Cliente 0627,Affluent,Loja,36,2964.96,10,"Crédito de Consumo, Tarjeta de Crédito",36425.5,2110.6400000000003,41400.0,463.0,"App, POS, Web",2,True,5.1,Food & Supermarket Lover,Food
C000628,Cliente 0628,PyME,Quito,60,700.19,3,"Crédito Vehicular, Crédito de Consumo",27197.730000000003,0.0,0.0,504.0,"App, Branch, Web",2,True,,Sin Perfil de Consumo,N/A
C000629,Cliente 0629,Mass,Guayaquil,32,1784.58,8,"Crédito de Consumo, Tarjeta de Crédito",16564.510000000002,386.4,12000.0,950.0,"ATM, App, Branch, POS, Web",2,True,3.2,Travel Lover,Travel
C000630,Cliente 0630,Affluent,Quito,49,2733.71,8,"Crédito Hipotecario, Crédito Vehicular, Tarjeta de Crédito",93001.24,1527.6100000000001,37200.0,153.0,"ATM, POS, Web",3,True,4.1,Lifestyle Lover,Fuel
C000631,Cliente 0631,Mass,Cuenca,47,1307.68,13,"Cuenta de Ahorros, Tarjeta de Crédito",29524.24,823.89,38000.0,235.0,"App, Branch, POS, Web",2,True,2.2,Lifestyle Lover,Fuel
C000632,Cliente 0632,Mass,Manta,56,570.62,7,"Crédito Vehicular, Tarjeta de Crédito",46327.409999999996,177.01,5000.0,958.0,"ATM, App, Branch, POS",2,True,3.5,Entertainment & Streaming Lover,Streaming
C000633,Cliente 0633,Joven,Quito,55,483.47,6,"Crédito Vehicular, Cuenta Corriente",68379.66,0.0,0.0,1541.0,"ATM, App, Branch",2,True,,Sin Perfil de Consumo,N/A
C000634,Cliente 0634,Joven,Guayaquil,25,1043.27,15,"Cuenta Corriente, Tarjeta de Crédito",32282.260000000002,707.03,39000.0,910.0,"App, Branch, POS, Web",2,True,1.8,Lifestyle Lover,Others
C000635,Cliente 0635,Mass,Guayaquil,38,533.9,6,"Cuenta de Ahorros, Tarjeta de Crédito",2761.85,154.24,6500.0,770.0,"App, POS, Web",2,True,2.4,Entertainment & Streaming Lover,Streaming
C000636,Cliente 0636,Mass,Guayaquil,41,1096.03,9,"Crédito Vehicular, Tarjeta de Crédito",19929.11,764.97,25600.0,606.0,"ATM, POS, Web",2,True,3.0,Health & Wellness Lover,Health
C000637,Cliente 0637,Affluent,Guayaquil,47,2940.24,15,"Crédito Hipotecario, Crédito de Consumo, Tarjeta de Crédito",208465.71000000002,2434.16,59400.0,628.0,"ATM, App, Branch, POS, Web",3,True,4.1,Entertainment & Streaming Lover,Entertainment
C000638,Cliente 0638,Mass,Guayaquil,26,1604.64,5,"Crédito Hipotecario, Tarjeta de Crédito",62539.88999999999,437.41,15200.0,383.0,"ATM, App, Branch, POS, Web",2,True,2.9,Entertainment & Streaming Lover,Streaming
C000639,Cliente 0639,Joven,Guayaquil,64,400.05,9,"Crédito Vehicular, Tarjeta de Crédito",13631.26,203.72,3500.0,591.0,"App, Branch, POS, Web",2,True,5.8,Entertainment & Streaming Lover,Entertainment
C000640,Cliente 0640,Affluent,Guayaquil,29,1048.61,11,"Crédito Hipotecario, Crédito Vehicular, Cuenta de Ahorros, Tarjeta de Crédito",140871.93,276.76,8000.0,513.0,"ATM, App, Branch, POS, Web",4,True,3.5,Tech Lover,Technology
C000641,Cliente 0641,Joven,Cuenca,46,650.58,14,"Crédito de Consumo, Cuenta Corriente, Tarjeta de Crédito",14075.97,681.24,9900.0,682.0,"App, Branch, POS, Web",3,True,6.9,Food & Supermarket Lover,Food
C000642,Cliente 0642,Mass,Guayaquil,43,876.35,1,Crédito Vehicular,18320.1,0.0,0.0,1168.0,Web,1,False,,Sin Perfil de Consumo,N/A
C000643,Cliente 0643,Joven,Guayaquil,29,713.25,11,"Cuenta de Ahorros, Tarjeta de Crédito",8583.25,468.67,7200.0,625.0,"ATM, App, Branch, POS",2,True,6.5,Travel Lover,Travel
C000644,Cliente 0644,PyME,Manta,45,5561.48,3,Cuenta de Ahorros,30816.03,0.0,0.0,,"ATM, Branch",1,False,,Sin Perfil de Consumo,N/A
C000645,Cliente 0645,Joven,Loja,43,466.62,11,"Crédito de Consumo, Tarjeta de Crédito",13425.06,184.0,7200.0,1035.0,"ATM, App, Branch, POS, Web",2,True,2.6,Entertainment & Streaming Lover,Streaming
C000646,Cliente 0646,Mass,Guayaquil,21,972.71,13,"Crédito Hipotecario, Cuenta de Ahorros, Tarjeta de Crédito",204745.33,404.73,10800.0,476.0,"ATM, App, Branch, POS, Web",3,True,3.7,Travel Lover,Travel
C000647,Cliente 0647,Mass,Guayaquil,30,2328.96,17,"Crédito de Consumo, Cuenta de Ahorros, Tarjeta de Crédito",58533.26,1685.3799999999999,30800.0,331.0,"ATM, App, Branch, POS, Web",3,True,5.5,Food & Supermarket Lover,Supermarket
C000648,Cliente 0648,Mass,Ambato,39,1465.69,12,"Crédito Vehicular, Tarjeta de Crédito",40774.06,729.78,42000.0,43.0,"ATM, App, Branch, POS, Web",2,True,1.7,Health & Wellness Lover,Health
C000649,Cliente 0649,Joven,Cuenca,50,393.85,11,"Crédito Hipotecario, Tarjeta de Crédito",254757.78,160.85000000000002,9900.0,104.0,"App, Branch, POS, Web",2,True,1.6,Education Lover,Education
C000650,Cliente 0650,Premium,Manta,22,2668.41,4,"Crédito Hipotecario, Cuenta Corriente",111680.37999999999,0.0,0.0,1108.0,"App, Branch, Web",2,True,,Sin Perfil de Consumo,N/A
C000651,Cliente 0651,Joven,Cuenca,49,1023.6,14,"Cuenta de Ahorros, Tarjeta de Crédito",22994.829999999998,617.58,29900.0,615.0,"App, Branch, POS, Web",2,True,2.1,Entertainment & Streaming Lover,Streaming
C000652,Cliente 0652,Affluent,Guayaquil,45,3141.08,15,"Crédito de Consumo, Cuenta Corriente, Cuenta de Ahorros, Tarjeta de Crédito",106535.16,947.46,45000.0,717.0,"ATM, App, Branch, POS, Web",4,True,2.1,Food & Supermarket Lover,Food
C000653,Cliente 0653,Affluent,Quito,25,2368.46,14,"Crédito Hipotecario, Tarjeta de Crédito",69802.4,1987.71,81600.0,563.0,"ATM, App, Branch, POS, Web",2,True,2.4,Food & Supermarket Lover,Supermarket
C000654,Cliente 0654,Mass,Manta,26,1505.26,16,"Crédito de Consumo, Tarjeta de Crédito",11587.1,1257.71,26600.0,492.0,"App, Branch, POS, Web",2,True,4.7,Travel Lover,Travel
C000655,Cliente 0655,Affluent,Guayaquil,28,1154.13,8,"Cuenta de Ahorros, Tarjeta de Crédito",4580.47,442.43,8500.0,118.0,"ATM, App, Branch, POS, Web",2,True,5.2,Tech Lover,Technology
C000656,Cliente 0656,Mass,Quito,26,1107.83,13,"Cuenta de Ahorros, Tarjeta de Crédito",4519.98,1203.6000000000001,19000.0,52.0,"ATM, App, Branch, POS, Web",2,True,6.3,Food & Supermarket Lover,Food
C000657,Cliente 0657,Mass,Cuenca,30,1386.36,18,"Crédito de Consumo, Cuenta de Ahorros, Tarjeta de Crédito",55109.82,752.15,39600.0,106.0,"App, Branch, POS, Web",3,True,1.9,Entertainment & Streaming Lover,Entertainment
C000658,Cliente 0658,Mass,Guayaquil,49,985.86,13,"Cuenta de Ahorros, Tarjeta de Crédito",5312.1,716.65,12100.0,64.0,"ATM, App, Branch, POS, Web",2,True,5.9,Food & Supermarket Lover,Food
C000659,Cliente 0659,Joven,Guayaquil,29,1033.6,3,Crédito de Consumo,6182.67,0.0,0.0,1754.0,"App, Branch, Web",1,False,,Sin Perfil de Consumo,N/A
C000660,Cliente 0660,PyME,Manta,40,2081.18,14,"Crédito Vehicular, Crédito de Consumo, Tarjeta de Crédito",50467.840000000004,1404.42,23100.0,42.0,"ATM, App, Branch, POS",3,True,6.1,Tech Lover,Technology
C000661,Cliente 0661,Mass,Cuenca,44,931.41,13,"Crédito de Consumo, Cuenta Corriente, Cuenta de Ahorros, Tarjeta de Crédito",13281.79,144.03,12000.0,26.0,"ATM, App, Branch, POS, Web",4,True,1.2,Travel Lover,Travel
C000662,Cliente 0662,PyME,Manta,62,4204.98,13,"Crédito de Consumo, Cuenta Corriente, Cuenta de Ahorros, Tarjeta de Crédito",69560.98,1692.16,52500.0,118.0,"App, Branch, POS, Web",4,True,3.2,Lifestyle Lover,Fuel
C000663,Cliente 0663,Affluent,Guayaquil,41,2268.42,11,"Crédito de Consumo, Cuenta Corriente, Tarjeta de Crédito",43656.36,1217.77,42000.0,405.0,"ATM, App, POS, Web",3,True,2.9,Food & Supermarket Lover,Food
C000664,Cliente 0664,Affluent,Manta,51,1861.92,9,"Cuenta Corriente, Tarjeta de Crédito",21956.710000000003,1291.89,28000.0,632.0,"App, Branch, POS, Web",2,True,4.6,Health & Wellness Lover,Health
C000665,Cliente 0665,Premium,Quito,42,533.87,21,"Crédito Vehicular, Crédito de Consumo, Cuenta Corriente, Tarjeta de Crédito",46452.52,444.26,16800.0,318.0,"ATM, App, Branch, POS, Web",4,True,2.6,Health & Wellness Lover,Health
C000666,Cliente 0666,PyME,Quito,27,2216.17,2,Crédito de Consumo,23200.16,0.0,0.0,1356.0,"App, Branch",1,False,,Sin Perfil de Consumo,N/A
C000667,Cliente 0667,Mass,Ambato,61,912.99,6,"Crédito Vehicular, Crédito de Consumo",73551.03,0.0,0.0,797.0,"ATM, App, Branch, POS, Web",2,True,,Sin Perfil de Consumo,N/A
C000668,Cliente 0668,PyME,Guayaquil,49,1523.88,2,Crédito de Consumo,26619.22,0.0,0.0,367.0,Branch,1,False,,Sin Perfil de Consumo,N/A
C000669,Cliente 0669,Joven,Guayaquil,40,636.48,13,"Crédito Hipotecario, Tarjeta de Crédito",68976.93,680.38,22800.0,1210.0,"App, Branch, POS, Web",2,True,3.0,Food & Supermarket Lover,Food
C000670,Cliente 0670,Mass,Guayaquil,58,802.67,14,"Crédito Vehicular, Tarjeta de Crédito",40462.0,668.22,22800.0,899.0,"ATM, App, Branch, POS, Web",2,True,2.9,Tech Lover,Technology
C000671,Cliente 0671,Premium,Cuenca,22,3177.69,9,"Cuenta Corriente, Cuenta de Ahorros, Tarjeta de Crédito",32458.82,535.74,15200.0,348.0,"App, Branch, POS, Web",3,True,3.5,Entertainment & Streaming Lover,Streaming
C000672,Cliente 0672,Affluent,Guayaquil,44,2131.21,1,Crédito Vehicular,6645.5,0.0,0.0,1298.0,Branch,1,False,,Sin Perfil de Consumo,N/A
C000673,Cliente 0673,Premium,Quito,30,5597.19,10,"Crédito Hipotecario, Crédito de Consumo, Tarjeta de Crédito",215066.22,3542.7200000000003,98400.0,51.0,"App, Branch, POS, Web",3,True,3.6,Food & Supermarket Lover,Food
C000674,Cliente 0674,Mass,Quito,43,1518.72,11,"Crédito Vehicular, Tarjeta de Crédito",29515.98,1161.55,27000.0,69.0,"App, POS, Web",2,True,4.3,Entertainment & Streaming Lover,Entertainment
C000675,Cliente 0675,Mass,Quito,56,1227.07,12,"Crédito Hipotecario, Cuenta Corriente, Cuenta de Ahorros, Tarjeta de Crédito",197846.18000000002,233.58999999999997,8400.0,111.0,"App, Branch, POS, Web",4,True,2.8,Tech Lover,Technology
C000676,Cliente 0676,Mass,Guayaquil,40,824.59,2,Cuenta de Ahorros,5251.74,0.0,0.0,,"ATM, Web",1,False,,Sin Perfil de Consumo,N/A
C000677,Cliente 0677,Mass,Guayaquil,39,1213.01,11,"Cuenta de Ahorros, Tarjeta de Crédito",17401.84,860.1800000000001,18200.0,919.0,"ATM, App, Branch, POS, Web",2,True,4.7,Travel Lover,Travel
C000678,Cliente 0678,Affluent,Quito,39,2492.72,14,"Crédito Hipotecario, Cuenta Corriente, Cuenta de Ahorros, Tarjeta de Crédito",100785.06,1210.1100000000001,34300.0,1115.0,"App, Branch, POS, Web",4,True,3.5,Entertainment & Streaming Lover,Streaming
C000679,Cliente 0679,Affluent,Guayaquil,26,3199.44,14,"Crédito Hipotecario, Crédito Vehicular, Crédito de Consumo, Tarjeta de Crédito",172200.0,1355.52,34300.0,344.0,"App, Branch, POS, Web",4,True,4.0,Entertainment & Streaming Lover,Streaming
C000680,Cliente 0680,PyME,Cuenca,42,2679.05,15,"Cuenta Corriente, Tarjeta de Crédito",62551.26,2064.75,96000.0,818.0,"App, Branch, POS, Web",2,True,2.2,Travel Lover,Travel
C000681,Cliente 0681,Affluent,Quito,41,2182.48,7,"Crédito de Consumo, Tarjeta de Crédito",13163.88,652.53,25800.0,276.0,"App, Branch, POS",2,True,2.5,Food & Supermarket Lover,Food
C000682,Cliente 0682,Affluent,Quito,31,1482.52,13,"Crédito Hipotecario, Tarjeta de Crédito",93111.84,921.71,51600.0,936.0,"ATM, App, Branch, POS, Web",2,True,1.8,Tech Lover,Technology
C000683,Cliente 0683,Affluent,Quito,18,1454.15,12,"Cuenta Corriente, Tarjeta de Crédito",16308.97,882.82,29700.0,512.0,"App, Branch, POS, Web",2,True,3.0,Tech Lover,Technology
C000684,Cliente 0684,Mass,Manta,51,1066.23,4,"Crédito de Consumo, Cuenta Corriente, Cuenta de Ahorros",8174.83,0.0,0.0,1213.0,"App, Branch, Web",3,True,,Sin Perfil de Consumo,N/A
C000685,Cliente 0685,Mass,Guayaquil,35,3012.44,3,"Crédito Hipotecario, Crédito de Consumo",201129.67,0.0,0.0,35.0,"ATM, App, Branch",2,True,,Sin Perfil de Consumo,N/A
C000686,Cliente 0686,Mass,Guayaquil,40,829.25,17,"Crédito Hipotecario, Cuenta de Ahorros, Tarjeta de Crédito",300439.08999999997,435.40000000000003,15600.0,107.0,"App, Branch, POS, Web",3,True,2.8,Food & Supermarket Lover,Supermarket
C000687,Cliente 0687,Premium,Quito,18,6306.81,5,"Crédito de Consumo, Cuenta Corriente, Cuenta de Ahorros",69389.54,0.0,0.0,1656.0,"App, Branch, Web",3,True,,Sin Perfil de Consumo,N/A
C000688,Cliente 0688,Affluent,Quito,25,2435.13,4,"Crédito Vehicular, Crédito de Consumo",55786.880000000005,0.0,0.0,1159.0,"ATM, App, Branch, POS",2,True,,Sin Perfil de Consumo,N/A
C000689,Cliente 0689,PyME,Quito,18,2457.93,6,"Crédito Vehicular, Crédito de Consumo",107628.51000000001,0.0,0.0,522.0,"ATM, Branch, Web",2,True,,Sin Perfil de Consumo,N/A
C000690,Cliente 0690,Premium,Cuenca,53,3287.27,14,"Crédito Hipotecario, Tarjeta de Crédito",91529.65,1759.1899999999998,105300.0,131.0,"App, POS, Web",2,True,1.7,Entertainment & Streaming Lover,Streaming
C000691,Cliente 0691,Mass,Loja,46,1021.09,8,"Crédito Hipotecario, Tarjeta de Crédito",33334.35,274.40999999999997,19600.0,719.0,"ATM, App, Branch, POS, Web",2,True,1.4,Health & Wellness Lover,Health
C000692,Cliente 0692,Mass,Ambato,18,938.15,3,Crédito de Consumo,21728.07,0.0,0.0,739.0,"App, Web",1,False,,Sin Perfil de Consumo,N/A
C000693,Cliente 0693,Affluent,Guayaquil,51,3424.44,3,Cuenta Corriente,16466.37,0.0,0.0,,"App, Web",1,False,,Sin Perfil de Consumo,N/A
C000694,Cliente 0694,Premium,Guayaquil,43,4619.61,15,"Crédito Hipotecario, Cuenta Corriente, Tarjeta de Crédito",284978.74,4040.6,105000.0,1471.0,"App, Branch, POS, Web",3,True,3.8,Travel Lover,Travel
C000695,Cliente 0695,Mass,Manta,29,587.07,3,"Crédito Vehicular, Cuenta de Ahorros",11109.03,0.0,0.0,2055.0,"ATM, Branch",2,True,,Sin Perfil de Consumo,N/A
C000696,Cliente 0696,Mass,Guayaquil,42,1264.9,2,Cuenta Corriente,5755.44,0.0,0.0,,"App, Branch",1,False,,Sin Perfil de Consumo,N/A
C000697,Cliente 0697,Premium,Quito,23,3312.77,14,"Crédito de Consumo, Tarjeta de Crédito",56654.55,2092.9700000000003,62400.0,476.0,"App, Branch, POS, Web",2,True,3.4,Health & Wellness Lover,Health
C000698,Cliente 0698,PyME,Manta,40,1599.74,8,"Crédito Vehicular, Crédito de Consumo, Tarjeta de Crédito",34252.73,484.86,18000.0,23.0,"App, Branch, POS, Web",3,True,2.7,Lifestyle Lover,Others
C000699,Cliente 0699,Mass,Quito,18,620.29,12,"Crédito Hipotecario, Tarjeta de Crédito",131630.74,401.72,12000.0,85.0,"App, Branch, POS",2,True,3.3,Health & Wellness Lover,Health
C000700,Cliente 0700,Mass,Manta,48,1501.49,16,"Crédito de Consumo, Tarjeta de Crédito",36369.14,1614.21,35000.0,295.0,"App, Branch, POS, Web",2,True,4.6,Entertainment & Streaming Lover,Entertainment
C000701,Cliente 0701,Mass,Quito,53,1291.36,14,Tarjeta de Crédito,1695.82,1633.27,18200.0,133.0,"App, Branch, POS, Web",1,False,9.0,Travel Lover,Travel
C000702,Cliente 0702,Premium,Quito,26,3542.06,8,"Crédito Hipotecario, Tarjeta de Crédito",65048.13,831.05,48300.0,428.0,"App, Branch, POS, Web",2,True,1.7,Education Lover,Education
C000703,Cliente 0703,Premium,Manta,41,3746.18,21,"Crédito Vehicular, Crédito de Consumo, Cuenta de Ahorros, Tarjeta de Crédito",100144.4,3896.27,137200.0,38.0,"App, Branch, POS, Web",4,True,2.8,Health & Wellness Lover,Health
C000704,Cliente 0704,Mass,Ambato,37,1294.74,13,"Crédito Hipotecario, Cuenta Corriente, Tarjeta de Crédito",87105.32,716.32,18700.0,1215.0,"ATM, App, Branch, POS, Web",3,True,3.8,Education Lover,Education
C000705,Cliente 0705,Mass,Guayaquil,60,1002.42,18,"Crédito Hipotecario, Crédito Vehicular, Tarjeta de Crédito",202018.5,1262.68,15600.0,623.0,"ATM, App, Branch, POS, Web",3,True,8.1,Food & Supermarket Lover,Supermarket
C000706,Cliente 0706,Mass,Quito,59,1388.79,11,"Crédito Hipotecario, Crédito de Consumo, Tarjeta de Crédito",226643.49999999997,626.35,21000.0,409.0,"ATM, App, Branch, POS, Web",3,True,3.0,Food & Supermarket Lover,Supermarket
C000707,Cliente 0707,Mass,Manta,39,841.09,5,Tarjeta de Crédito,3504.5,344.39,12500.0,594.0,"App, POS, Web",1,False,2.8,Entertainment & Streaming Lover,Streaming
C000708,Cliente 0708,Mass,Ambato,51,482.04,14,"Crédito Hipotecario, Cuenta de Ahorros, Tarjeta de Crédito",139016.73,205.51,6300.0,32.0,"App, Branch, POS, Web",3,True,3.3,Entertainment & Streaming Lover,Streaming
C000709,Cliente 0709,Mass,Quito,25,598.15,16,"Crédito de Consumo, Tarjeta de Crédito",19105.129999999997,616.07,23400.0,678.0,"App, Branch, POS, Web",2,True,2.6,Food & Supermarket Lover,Food
C000710,Cliente 0710,Mass,Guayaquil,38,1177.05,10,"Cuenta Corriente, Tarjeta de Crédito",10009.58,495.84999999999997,19800.0,164.0,"App, Branch, POS, Web",2,True,2.5,Tech Lover,Technology
C000711,Cliente 0711,PyME,Guayaquil,42,2943.75,13,"Crédito Hipotecario, Crédito de Consumo, Tarjeta de Crédito",335638.98,1387.8899999999999,55200.0,27.0,"ATM, App, Branch, POS, Web",3,True,2.5,Lifestyle Lover,Fuel
C000712,Cliente 0712,Joven,Guayaquil,53,770.09,13,"Cuenta de Ahorros, Tarjeta de Crédito",1037.27,1179.49,13200.0,923.0,"App, Branch, POS, Web",2,True,8.9,Food & Supermarket Lover,Supermarket
C000713,Cliente 0713,Premium,Guayaquil,29,3583.01,2,Cuenta Corriente,42101.1,0.0,0.0,,"App, Web",1,False,,Sin Perfil de Consumo,N/A
C000714,Cliente 0714,Joven,Guayaquil,37,1047.4,14,"Crédito Vehicular, Cuenta de Ahorros, Tarjeta de Crédito",45436.159999999996,534.41,13600.0,358.0,"ATM, App, Branch, POS, Web",3,True,3.9,Food & Supermarket Lover,Supermarket
C000715,Cliente 0715,Affluent,Guayaquil,39,2515.17,15,"Cuenta Corriente, Tarjeta de Crédito",17581.600000000002,2263.9,44800.0,1307.0,"App, Branch, POS, Web",2,True,5.1,Lifestyle Lover,Fuel
C000716,Cliente 0716,Mass,Guayaquil,19,913.03,6,"Crédito Hipotecario, Tarjeta de Crédito",169935.24,193.42000000000002,5600.0,149.0,"App, Branch, POS",2,True,3.5,Entertainment & Streaming Lover,Streaming
C000717,Cliente 0717,Mass,Quito,28,539.88,7,"Crédito Hipotecario, Cuenta de Ahorros, Tarjeta de Crédito",71095.09000000001,286.71,5500.0,714.0,"App, POS, Web",3,True,5.2,Food & Supermarket Lover,Food
C000718,Cliente 0718,Mass,Guayaquil,55,1898.2,18,"Cuenta de Ahorros, Tarjeta de Crédito",37242.1,1604.3799999999999,47600.0,1199.0,"App, Branch, POS, Web",2,True,3.4,Food & Supermarket Lover,Food
C000719,Cliente 0719,PyME,Quito,40,2582.43,15,"Cuenta Corriente, Tarjeta de Crédito",45401.649999999994,2112.77,79300.0,864.0,"ATM, App, Branch, POS, Web",2,True,2.7,Health & Wellness Lover,Health
C000720,Cliente 0720,Mass,Guayaquil,26,1146.08,12,"Cuenta Corriente, Tarjeta de Crédito",6665.37,683.75,12600.0,919.0,"App, Branch, POS, Web",2,True,5.4,Food & Supermarket Lover,Food
C000721,Cliente 0721,Mass,Guayaquil,28,1225.46,9,"Crédito Vehicular, Tarjeta de Crédito",68524.92,465.15,17400.0,916.0,"ATM, App, Branch, POS, Web",2,True,2.7,Education Lover,Education
C000722,Cliente 0722,Affluent,Guayaquil,47,2116.37,15,"Crédito Hipotecario, Tarjeta de Crédito",123230.82999999999,1648.1799999999998,71400.0,466.0,"ATM, App, POS, Web",2,True,2.3,Food & Supermarket Lover,Food
C000723,Cliente 0723,Mass,Guayaquil,38,1325.87,14,"Cuenta de Ahorros, Tarjeta de Crédito",17178.61,1006.3,44200.0,220.0,"App, Branch, POS, Web",2,True,2.3,Entertainment & Streaming Lover,Streaming
C000724,Cliente 0724,PyME,Guayaquil,33,2884.28,4,"Crédito Hipotecario, Crédito de Consumo",112176.4,0.0,0.0,349.0,"App, Branch, Web",2,True,,Sin Perfil de Consumo,N/A
C000725,Cliente 0725,Joven,Guayaquil,30,703.23,10,"Cuenta Corriente, Tarjeta de Crédito",3501.2,287.06,11200.0,679.0,"App, POS, Web",2,True,2.6,Food & Supermarket Lover,Food
C000726,Cliente 0726,Mass,Ambato,33,497.7,12,"Crédito Vehicular, Crédito de Consumo, Tarjeta de Crédito",42333.78,228.92,8800.0,623.0,"App, Branch, POS",3,True,2.6,Travel Lover,Travel
C000727,Cliente 0727,Mass,Desconocida,29,1519.48,5,Tarjeta de Crédito,8524.3,417.73,17500.0,448.0,"App, POS, Web",1,False,2.4,Food & Supermarket Lover,Food
C000728,Cliente 0728,Mass,Loja,50,1019.9,8,"Crédito Vehicular, Cuenta de Ahorros, Tarjeta de Crédito",27396.18,166.19,5600.0,1036.0,"Branch, Web",3,True,3.0,Lifestyle Lover,Fuel
C000729,Cliente 0729,Mass,Quito,20,1123.88,2,Crédito de Consumo,1974.1,0.0,0.0,1241.0,"ATM, Web",1,False,,Sin Perfil de Consumo,N/A
C000730,Cliente 0730,Mass,Quito,62,545.17,5,"Crédito Hipotecario, Cuenta Corriente",80932.97,0.0,0.0,384.0,"ATM, App, Branch, Web",2,True,,Sin Perfil de Consumo,N/A
C000731,Cliente 0731,Premium,Cuenca,33,2445.99,8,"Crédito de Consumo, Tarjeta de Crédito",80833.29999999999,1330.2199999999998,30000.0,91.0,"ATM, Branch, POS, Web",2,True,4.4,Travel Lover,Travel
C000732,Cliente 0732,PyME,Quito,48,1448.17,8,"Crédito de Consumo, Tarjeta de Crédito",64136.770000000004,642.49,15500.0,250.0,"App, Branch, POS, Web",2,True,4.1,Entertainment & Streaming Lover,Entertainment
C000733,Cliente 0733,Mass,Quito,52,1981.25,7,Tarjeta de Crédito,10519.39,930.99,20300.0,543.0,"App, POS",1,False,4.6,Travel Lover,Travel
C000734,Cliente 0734,Joven,Manta,39,595.59,1,Crédito Hipotecario,81929.87,0.0,0.0,2040.0,App,1,False,,Sin Perfil de Consumo,N/A
C000735,Cliente 0735,PyME,Quito,47,2493.63,15,"Cuenta de Ahorros, Tarjeta de Crédito",36951.33,1922.1499999999999,71500.0,1227.0,"ATM, App, Branch, POS, Web",2,True,2.7,Travel Lover,Travel
C000736,Cliente 0736,Mass,Quito,42,647.42,8,"Crédito Vehicular, Crédito de Consumo, Tarjeta de Crédito",77909.79999999999,391.32,6000.0,567.0,"App, POS, Web",3,True,6.5,Travel Lover,Travel
C000737,Cliente 0737,Mass,Guayaquil,32,850.5,4,Cuenta Corriente,6143.92,0.0,0.0,,"ATM, App",1,False,,Sin Perfil de Consumo,N/A
C000738,Cliente 0738,Mass,Manta,43,910.72,16,"Crédito Hipotecario, Tarjeta de Crédito",248470.08000000002,599.83,15600.0,1469.0,"App, Branch, POS, Web",2,True,3.8,Education Lover,Education
C000739,Cliente 0739,Premium,Manta,52,3953.64,9,"Cuenta Corriente, Cuenta de Ahorros, Tarjeta de Crédito",59409.64,555.88,45000.0,650.0,"ATM, App, POS, Web",3,True,1.2,Entertainment & Streaming Lover,Streaming
C000740,Cliente 0740,Affluent,Cuenca,40,3428.43,7,"Crédito Vehicular, Cuenta Corriente",91740.31999999999,0.0,0.0,118.0,"ATM, Branch, Web",2,True,,Sin Perfil de Consumo,N/A
C000741,Cliente 0741,PyME,Guayaquil,39,2649.04,5,"Crédito de Consumo, Cuenta Corriente",14438.88,0.0,0.0,1672.0,"ATM, Branch, Web",2,True,,Sin Perfil de Consumo,N/A
C000742,Cliente 0742,Mass,Guayaquil,37,1058.89,11,"Crédito Vehicular, Cuenta Corriente, Tarjeta de Crédito",63678.6,913.81,20800.0,182.0,"ATM, App, Branch, POS",3,True,4.4,Entertainment & Streaming Lover,Streaming
C000743,Cliente 0743,Mass,Guayaquil,39,1318.04,13,Tarjeta de Crédito,5671.900000000001,907.36,19500.0,1049.0,"ATM, App, Branch, POS, Web",1,False,4.7,Health & Wellness Lover,Health
C000744,Cliente 0744,Mass,Guayaquil,18,807.72,12,"Crédito Hipotecario, Crédito Vehicular, Tarjeta de Crédito",193904.34,236.79000000000002,10400.0,236.0,"App, Branch, POS, Web",3,True,2.3,Entertainment & Streaming Lover,Streaming
C000745,Cliente 0745,Mass,Quito,33,1011.19,1,Crédito Vehicular,30300.18,0.0,0.0,133.0,App,1,False,,Sin Perfil de Consumo,N/A
C000746,Cliente 0746,Affluent,Quito,50,2051.18,12,Tarjeta de Crédito,15122.47,1586.54,72000.0,777.0,"App, Branch, POS, Web",1,False,2.2,Food & Supermarket Lover,Food
C000747,Cliente 0747,Joven,Manta,40,2314.43,10,"Crédito Hipotecario, Tarjeta de Crédito",59192.049999999996,1320.81,36900.0,757.0,"App, POS, Web",2,True,3.6,Food & Supermarket Lover,Food
C000748,Cliente 0748,Mass,Quito,50,1065.79,7,"Crédito de Consumo, Tarjeta de Crédito",11010.060000000001,1210.95,13200.0,313.0,"App, Branch, POS, Web",2,True,9.2,Entertainment & Streaming Lover,Streaming
C000749,Cliente 0749,PyME,Quito,46,3548.66,14,"Crédito Vehicular, Crédito de Consumo, Cuenta Corriente, Tarjeta de Crédito",90165.45,1434.56,52500.0,118.0,"ATM, App, Branch, POS, Web",4,True,2.7,Entertainment & Streaming Lover,Streaming
C000750,Cliente 0750,Mass,Guayaquil,22,1311.89,8,"Cuenta de Ahorros, Tarjeta de Crédito",14177.380000000001,590.98,23400.0,267.0,"App, Web",2,True,2.5,Tech Lover,Technology
C000751,Cliente 0751,Mass,Quito,28,666.32,15,"Cuenta de Ahorros, Tarjeta de Crédito",3984.29,679.35,15400.0,312.0,"App, Branch, POS, Web",2,True,4.4,Education Lover,Education
C000752,Cliente 0752,Joven,Cuenca,47,456.6,11,"Cuenta Corriente, Tarjeta de Crédito",4897.6,165.8,5600.0,650.0,"ATM, App, Branch, POS, Web",2,True,3.0,Food & Supermarket Lover,Supermarket
C000753,Cliente 0753,Affluent,Quito,39,1151.51,10,"Crédito Vehicular, Cuenta Corriente, Tarjeta de Crédito",31813.420000000002,483.61,16000.0,225.0,"ATM, App, Branch, POS, Web",3,True,3.0,Lifestyle Lover,Fuel
C000754,Cliente 0754,Mass,Guayaquil,54,1515.54,15,"Crédito Hipotecario, Crédito de Consumo, Tarjeta de Crédito",246199.39,759.32,20000.0,9.0,"ATM, App, Branch, POS, Web",3,True,3.8,Food & Supermarket Lover,Food
C000755,Cliente 0755,Premium,Guayaquil,50,4207.24,12,"Crédito de Consumo, Cuenta de Ahorros, Tarjeta de Crédito",165115.11,1533.57,64800.0,952.0,"ATM, App, Branch, POS, Web",3,True,2.4,Food & Supermarket Lover,Food
C000756,Cliente 0756,Joven,Manta,44,492.59,17,"Cuenta Corriente, Tarjeta de Crédito",4603.96,460.19,10400.0,208.0,"ATM, App, Branch, POS, Web",2,True,4.4,Entertainment & Streaming Lover,Entertainment
C000757,Cliente 0757,Joven,Loja,30,502.95,8,"Cuenta Corriente, Cuenta de Ahorros",5543.04,0.0,0.0,,"ATM, App, Branch, POS, Web",2,True,,Sin Perfil de Consumo,N/A
C000758,Cliente 0758,Mass,Manta,22,1587.05,9,"Crédito Vehicular, Crédito de Consumo, Cuenta de Ahorros",78178.41,0.0,0.0,1129.0,"ATM, App, Branch, Web",3,True,,Sin Perfil de Consumo,N/A
C000759,Cliente 0759,Mass,Guayaquil,37,813.83,15,"Crédito Vehicular, Tarjeta de Crédito",26915.19,722.25,23400.0,489.0,"ATM, App, Branch, POS, Web",2,True,3.1,Travel Lover,Travel
C000760,Cliente 0760,Premium,Guayaquil,46,4056.48,19,"Crédito Hipotecario, Crédito Vehicular, Cuenta Corriente, Tarjeta de Crédito",325168.31,2779.71,115700.0,74.0,"ATM, App, Branch, POS, Web",4,True,2.4,Food & Supermarket Lover,Food
C000761,Cliente 0761,Affluent,Guayaquil,18,3377.92,2,Crédito Hipotecario,140572.24,0.0,0.0,572.0,"App, Branch",1,False,,Sin Perfil de Consumo,N/A
C000762,Cliente 0762,Mass,Quito,61,883.08,5,"Crédito Vehicular, Cuenta Corriente",88350.75,0.0,0.0,1223.0,"App, Branch, Web",2,True,,Sin Perfil de Consumo,N/A
C000763,Cliente 0763,Affluent,Quito,35,2517.46,6,"Cuenta de Ahorros, Tarjeta de Crédito",13513.699999999999,708.37,25000.0,517.0,"App, POS, Web",2,True,2.8,Entertainment & Streaming Lover,Streaming
C000764,Cliente 0764,Mass,Ambato,53,651.5,3,Cuenta de Ahorros,6742.41,0.0,0.0,,"Branch, POS, Web",1,False,,Sin Perfil de Consumo,N/A
C000765,Cliente 0765,Affluent,Manta,54,1643.49,17,"Crédito Hipotecario, Cuenta de Ahorros, Tarjeta de Crédito",137235.44,2636.55,24000.0,764.0,"ATM, App, POS, Web",3,True,11.0,Lifestyle Lover,Others
C000766,Cliente 0766,PyME,Cuenca,31,3262.26,9,"Crédito Vehicular, Crédito de Consumo, Tarjeta de Crédito",85843.59999999999,1222.1100000000001,24000.0,384.0,"ATM, App, Branch, POS",3,True,5.1,Entertainment & Streaming Lover,Streaming
C000767,Cliente 0767,Mass,Guayaquil,55,967.8,16,"Crédito de Consumo, Tarjeta de Crédito",14693.36,847.26,29400.0,37.0,"ATM, App, Branch, POS, Web",2,True,2.9,Travel Lover,Travel
C000768,Cliente 0768,Affluent,Cuenca,28,1303.62,21,"Cuenta Corriente, Cuenta de Ahorros, Tarjeta de Crédito",54680.76,1245.0900000000001,28600.0,479.0,"ATM, App, Branch, POS, Web",3,True,4.4,Entertainment & Streaming Lover,Entertainment
C000769,Cliente 0769,Mass,Quito,45,955.31,17,"Crédito Hipotecario, Crédito Vehicular, Tarjeta de Crédito",123417.53,755.39,16900.0,404.0,"App, Branch, POS, Web",3,True,4.5,Food & Supermarket Lover,Food
C000770,Cliente 0770,PyME,Quito,45,5100.35,13,"Crédito Vehicular, Tarjeta de Crédito",52767.83,3715.36,97900.0,301.0,"App, Branch, POS, Web",2,True,3.8,Travel Lover,Travel
C000771,Cliente 0771,PyME,Guayaquil,41,3317.77,7,"Cuenta de Ahorros, Tarjeta de Crédito",24112.42,1472.45,28800.0,584.0,"App, Branch, POS, Web",2,True,5.1,Entertainment & Streaming Lover,Streaming
C000772,Cliente 0772,Affluent,Desconocida,55,2540.96,3,"Crédito Hipotecario, Crédito Vehicular, Crédito de Consumo",121780.87,0.0,0.0,780.0,"ATM, Branch, Web",3,True,,Sin Perfil de Consumo,N/A
C000773,Cliente 0773,Affluent,Loja,29,2645.17,5,"Crédito Vehicular, Cuenta de Ahorros",91707.95,0.0,0.0,1725.0,"ATM, App, Branch, POS, Web",2,True,,Sin Perfil de Consumo,N/A
C000774,Cliente 0774,Mass,Cuenca,47,1060.22,10,"Cuenta Corriente, Tarjeta de Crédito",8346.17,622.19,19800.0,984.0,"App, Branch, POS, Web",2,True,3.1,Food & Supermarket Lover,Supermarket
C000775,Cliente 0775,Mass,Quito,39,600.3,14,"Cuenta de Ahorros, Tarjeta de Crédito",7712.28,477.49,15600.0,1461.0,"App, Branch, POS, Web",2,True,3.1,Food & Supermarket Lover,Supermarket
C000776,Cliente 0776,Affluent,Guayaquil,32,2432.59,8,"Crédito Hipotecario, Crédito Vehicular, Cuenta de Ahorros",183065.30000000002,0.0,0.0,1765.0,"ATM, App, Branch, Web",3,True,,Sin Perfil de Consumo,N/A
C000777,Cliente 0777,Premium,Quito,43,3548.72,20,"Crédito Vehicular, Crédito de Consumo, Cuenta de Ahorros, Tarjeta de Crédito",146608.80000000002,2281.05,68900.0,624.0,"ATM, App, Branch, POS, Web",4,True,3.3,Food & Supermarket Lover,Supermarket
C000778,Cliente 0778,Mass,Cuenca,44,622.42,8,Tarjeta de Crédito,8441.44,391.4,12000.0,1300.0,"App, Branch, POS, Web",1,False,3.3,Tech Lover,Technology
C000779,Cliente 0779,Mass,Manta,27,603.71,4,"Crédito Hipotecario, Cuenta de Ahorros",142768.15000000002,0.0,0.0,464.0,"ATM, App, Branch",2,True,,Sin Perfil de Consumo,N/A
C000780,Cliente 0780,Mass,Guayaquil,55,830.14,16,"Cuenta de Ahorros, Tarjeta de Crédito",19314.28,825.38,22800.0,1243.0,"App, Branch, POS, Web",2,True,3.6,Entertainment & Streaming Lover,Entertainment
C000781,Cliente 0781,PyME,Guayaquil,43,3667.99,12,Tarjeta de Crédito,24813.48,3180.71,97200.0,1161.0,"App, POS, Web",1,False,3.3,Tech Lover,Technology
C000782,Cliente 0782,Mass,Guayaquil,32,716.11,10,"Crédito Vehicular, Tarjeta de Crédito",23014.3,433.37,9000.0,448.0,"App, Branch, POS, Web",2,True,4.8,Entertainment & Streaming Lover,Entertainment
C000783,Cliente 0783,PyME,Guayaquil,31,2301.42,15,"Cuenta de Ahorros, Tarjeta de Crédito",48162.81,2708.14,79800.0,812.0,"App, Branch, POS, Web",2,True,3.4,Entertainment & Streaming Lover,Streaming
C000784,Cliente 0784,Mass,Quito,43,1591.28,18,"Crédito Hipotecario, Cuenta de Ahorros, Tarjeta de Crédito",103198.85,1054.47,39000.0,658.0,"ATM, App, Branch, POS, Web",3,True,2.7,Food & Supermarket Lover,Food
C000785,Cliente 0785,Mass,Manta,46,735.18,13,"Cuenta Corriente, Tarjeta de Crédito",11458.75,242.76999999999998,16200.0,486.0,"App, POS, Web",2,True,1.5,Education Lover,Education
C000786,Cliente 0786,Premium,Quito,35,4708.36,11,"Crédito de Consumo, Cuenta de Ahorros, Tarjeta de Crédito",108764.67,1734.1599999999999,44400.0,201.0,"App, Branch, POS, Web",3,True,3.9,Food & Supermarket Lover,Food
C000787,Cliente 0787,Joven,Cuenca,41,604.83,11,"Crédito Hipotecario, Crédito Vehicular, Tarjeta de Crédito",25783.82,302.71,8400.0,427.0,"ATM, App, Branch, POS, Web",3,True,3.6,Lifestyle Lover,Fuel
C000788,Cliente 0788,Affluent,Guayaquil,21,2639.21,14,"Crédito Hipotecario, Cuenta de Ahorros, Tarjeta de Crédito",234713.99,1760.36,46800.0,408.0,"ATM, App, Branch, POS, Web",3,True,3.8,Lifestyle Lover,Fuel
C000789,Cliente 0789,Affluent,Ambato,63,2669.15,6,"Crédito Hipotecario, Tarjeta de Crédito",129527.99,1305.54,28000.0,280.0,"App, Branch, POS, Web",2,True,4.7,Tech Lover,Technology
C000790,Cliente 0790,Joven,Desconocida,31,944.69,14,"Crédito de Consumo, Tarjeta de Crédito",22719.46,940.0699999999999,27300.0,1349.0,"App, Branch, POS, Web",2,True,3.4,Tech Lover,Technology
C000791,Cliente 0791,Mass,Quito,34,645.18,12,"Crédito Hipotecario, Tarjeta de Crédito",195323.42,476.24,8000.0,875.0,"App, Branch, POS, Web",2,True,6.0,Tech Lover,Technology
C000792,Cliente 0792,PyME,Quito,47,2947.0,14,"Cuenta Corriente, Tarjeta de Crédito",49421.84,1695.54,65000.0,58.0,"ATM, App, Branch, POS, Web",2,True,2.6,Lifestyle Lover,Fuel
C000793,Cliente 0793,Mass,Quito,48,986.32,12,"Crédito Vehicular, Crédito de Consumo, Tarjeta de Crédito",65493.05,629.61,18400.0,1246.0,"ATM, App, Branch, POS, Web",3,True,3.4,Education Lover,Education
C000794,Cliente 0794,Affluent,Guayaquil,32,1808.61,2,"Crédito Hipotecario, Crédito Vehicular",118313.31999999999,0.0,0.0,48.0,Web,2,True,,Sin Perfil de Consumo,N/A
C000795,Cliente 0795,PyME,Ambato,27,3986.64,5,"Crédito Vehicular, Cuenta Corriente",36342.69,0.0,0.0,1080.0,"App, Branch, Web",2,True,,Sin Perfil de Consumo,N/A
C000796,Cliente 0796,PyME,Quito,45,1784.74,5,"Crédito Hipotecario, Cuenta Corriente",101672.65,0.0,0.0,288.0,"ATM, Branch, Web",2,True,,Sin Perfil de Consumo,N/A
C000797,Cliente 0797,Mass,Ambato,36,1212.29,16,"Crédito Vehicular, Cuenta de Ahorros, Tarjeta de Crédito",20606.670000000002,998.25,44200.0,803.0,"ATM, App, Branch, POS, Web",3,True,2.3,Entertainment & Streaming Lover,Streaming
C000798,Cliente 0798,Mass,Manta,51,820.36,15,"Crédito Hipotecario, Tarjeta de Crédito",97183.47,665.99,18000.0,999.0,"ATM, App, Branch, POS, Web",2,True,3.7,Travel Lover,Travel
C000799,Cliente 0799,Joven,Cuenca,35,420.94,3,Cuenta de Ahorros,3745.71,0.0,0.0,,"ATM, POS, Web",1,False,,Sin Perfil de Consumo,N/A
C000800,Cliente 0800,Joven,Cuenca,31,350.0,16,"Crédito Vehicular, Cuenta de Ahorros, Tarjeta de Crédito",59324.87,289.05,6000.0,296.0,"ATM, App, Branch, POS, Web",3,True,4.8,Entertainment & Streaming Lover,Streaming
C000801,Cliente 0801,Mass,Cuenca,39,1308.02,9,"Crédito de Consumo, Tarjeta de Crédito",3500.9,519.63,17600.0,679.0,"App, Branch, POS, Web",2,True,3.0,Entertainment & Streaming Lover,Streaming
C000802,Cliente 0802,PyME,Cuenca,60,2352.35,11,"Crédito de Consumo, Cuenta Corriente, Cuenta de Ahorros, Tarjeta de Crédito",71846.9,852.67,47600.0,977.0,"App, Branch, POS, Web",4,True,1.8,Food & Supermarket Lover,Supermarket
C000803,Cliente 0803,Mass,Guayaquil,30,703.5,15,"Crédito Hipotecario, Crédito Vehicular, Cuenta de Ahorros, Tarjeta de Crédito",205506.75,560.73,9100.0,50.0,"ATM, App, Branch, POS, Web",4,True,6.2,Entertainment & Streaming Lover,Streaming
C000804,Cliente 0804,Affluent,Quito,25,2511.33,6,"Cuenta Corriente, Cuenta de Ahorros",36861.6,0.0,0.0,,"ATM, App, Branch, Web",2,True,,Sin Perfil de Consumo,N/A
C000805,Cliente 0805,Mass,Guayaquil,42,951.13,14,Tarjeta de Crédito,3918.0699999999997,792.73,36400.0,1108.0,"App, POS, Web",1,False,2.2,Food & Supermarket Lover,Supermarket
C000806,Cliente 0806,Mass,Quito,28,1399.61,9,"Cuenta Corriente, Tarjeta de Crédito",19985.1,370.35,12000.0,48.0,"App, Branch, POS, Web",2,True,3.1,Entertainment & Streaming Lover,Streaming
C000807,Cliente 0807,Affluent,Manta,24,1552.95,11,"Crédito Hipotecario, Cuenta Corriente, Tarjeta de Crédito",85885.26000000001,609.37,28700.0,188.0,"App, Branch, POS, Web",3,True,2.1,Travel Lover,Travel
C000808,Cliente 0808,Joven,Loja,57,797.47,6,"Crédito de Consumo, Tarjeta de Crédito",7125.6900000000005,229.03,6000.0,683.0,"App, Branch, POS",2,True,3.8,Food & Supermarket Lover,Supermarket
C000809,Cliente 0809,Premium,Quito,44,3188.85,14,"Crédito Vehicular, Crédito de Consumo, Tarjeta de Crédito",120188.8,1939.04,105600.0,301.0,"ATM, App, Branch, POS, Web",3,True,1.8,Health & Wellness Lover,Health
C000810,Cliente 0810,Joven,Cuenca,43,882.2,8,"Crédito Hipotecario, Cuenta Corriente, Tarjeta de Crédito",113104.48999999999,278.23,13800.0,538.0,"ATM, App, POS",3,True,2.0,Travel Lover,Travel
C000811,Cliente 0811,Affluent,Guayaquil,27,1784.27,17,"Cuenta Corriente, Tarjeta de Crédito",16707.61,1653.23,27300.0,194.0,"ATM, App, Branch, POS, Web",2,True,6.1,Travel Lover,Travel
C000812,Cliente 0812,Mass,Guayaquil,36,769.62,2,Cuenta de Ahorros,3394.44,0.0,0.0,,"App, Branch",1,False,,Sin Perfil de Consumo,N/A
C000813,Cliente 0813,Joven,Ambato,52,935.02,14,Tarjeta de Crédito,18469.36,1000.49,25200.0,1050.0,"ATM, App, POS, Web",1,False,4.0,Education Lover,Education
C000814,Cliente 0814,Joven,Guayaquil,36,757.25,6,"Crédito de Consumo, Tarjeta de Crédito",1369.06,231.83,11000.0,591.0,"ATM, App, POS, Web",2,True,2.1,Health & Wellness Lover,Health
C000815,Cliente 0815,Mass,Loja,21,1162.66,2,Crédito Vehicular,42969.06,0.0,0.0,1591.0,"App, Branch",1,False,,Sin Perfil de Consumo,N/A
C000816,Cliente 0816,PyME,Quito,53,2868.59,15,"Crédito Vehicular, Tarjeta de Crédito",58536.130000000005,1997.0,49200.0,16.0,"ATM, App, Branch, POS, Web",2,True,4.1,Entertainment & Streaming Lover,Streaming
C000817,Cliente 0817,Premium,Quito,46,6827.21,11,"Crédito de Consumo, Cuenta de Ahorros, Tarjeta de Crédito",134086.33,2427.49,49200.0,127.0,"App, Branch, POS, Web",3,True,4.9,Lifestyle Lover,Others
C000818,Cliente 0818,Mass,Guayaquil,51,548.63,10,"Crédito Vehicular, Tarjeta de Crédito",68000.81999999999,397.26,7700.0,1096.0,"ATM, App, Branch, POS, Web",2,True,5.2,Food & Supermarket Lover,Food
C000819,Cliente 0819,Premium,Quito,32,3839.55,10,Tarjeta de Crédito,10558.4,2599.66,45000.0,914.0,"App, POS, Web",1,False,5.8,Entertainment & Streaming Lover,Streaming
C000820,Cliente 0820,Mass,Loja,32,597.97,11,"Crédito Hipotecario, Tarjeta de Crédito",111166.51000000001,305.15,9000.0,87.0,"App, Branch, POS, Web",2,True,3.4,Entertainment & Streaming Lover,Streaming
C000821,Cliente 0821,Premium,Cuenca,18,5343.34,17,"Crédito Vehicular, Crédito de Consumo, Cuenta Corriente, Tarjeta de Crédito",94133.48,3519.84,182000.0,52.0,"App, Branch, POS, Web",4,True,1.9,Health & Wellness Lover,Health
C000822,Cliente 0822,PyME,Quito,46,1726.48,7,"Crédito Vehicular, Tarjeta de Crédito",34979.94,491.34,10500.0,1182.0,"App, Branch, POS, Web",2,True,4.7,Lifestyle Lover,Fuel
C000823,Cliente 0823,Mass,Cuenca,42,534.08,9,"Crédito Hipotecario, Tarjeta de Crédito",121938.09999999999,292.2,12000.0,666.0,"App, Branch, POS",2,True,2.4,Travel Lover,Travel
C000824,Cliente 0824,Premium,Guayaquil,45,3171.02,5,"Crédito Hipotecario, Cuenta Corriente, Cuenta de Ahorros",120347.33,0.0,0.0,662.0,"App, Branch, Web",3,True,,Sin Perfil de Consumo,N/A
C000825,Cliente 0825,Mass,Cuenca,29,1371.7,12,"Crédito Hipotecario, Tarjeta de Crédito",381137.38,789.89,23400.0,647.0,"App, Branch, POS, Web",2,True,3.4,Food & Supermarket Lover,Supermarket
C000826,Cliente 0826,Joven,Guayaquil,50,596.12,14,"Crédito Hipotecario, Tarjeta de Crédito",239064.33000000002,427.6,13200.0,79.0,"ATM, App, Branch, POS, Web",2,True,3.2,Tech Lover,Technology
C000827,Cliente 0827,PyME,Guayaquil,33,2015.96,12,"Cuenta Corriente, Tarjeta de Crédito",28363.2,1271.6599999999999,46800.0,407.0,"ATM, App, Branch, POS, Web",2,True,2.7,Food & Supermarket Lover,Supermarket
C000828,Cliente 0828,Mass,Loja,28,801.83,7,"Crédito Hipotecario, Tarjeta de Crédito",249308.33000000005,246.4,6800.0,240.0,"Branch, POS, Web",2,True,3.6,Entertainment & Streaming Lover,Streaming
C000829,Cliente 0829,Joven,Guayaquil,36,1120.27,2,"Crédito Vehicular, Cuenta de Ahorros",20319.890000000003,0.0,0.0,349.0,"App, Web",2,True,,Sin Perfil de Consumo,N/A
C000830,Cliente 0830,Joven,Guayaquil,19,653.32,10,Tarjeta de Crédito,0.0,566.5699999999999,10000.0,228.0,"ATM, App, Branch, POS, Web",1,False,5.7,Food & Supermarket Lover,Supermarket
C000831,Cliente 0831,Mass,Guayaquil,25,2279.75,4,Tarjeta de Crédito,2655.4,581.88,21200.0,929.0,"App, Branch, POS",1,False,2.7,Tech Lover,Technology
C000832,Cliente 0832,Mass,Manta,31,1629.63,1,Cuenta Corriente,7407.06,0.0,0.0,,App,1,False,,Sin Perfil de Consumo,N/A
C000833,Cliente 0833,PyME,Quito,28,2227.42,14,"Cuenta de Ahorros, Tarjeta de Crédito",41678.82,1828.44,57200.0,152.0,"App, Branch, POS, Web",2,True,3.2,Food & Supermarket Lover,Food
C000834,Cliente 0834,Mass,Quito,48,1116.19,8,"Cuenta Corriente, Cuenta de Ahorros, Tarjeta de Crédito",14453.48,178.51999999999998,12000.0,955.0,"App, Branch, POS, Web",3,True,1.5,Entertainment & Streaming Lover,Streaming
C000835,Cliente 0835,Joven,Guayaquil,37,623.34,12,"Crédito de Consumo, Cuenta de Ahorros, Tarjeta de Crédito",9706.83,252.03,7200.0,557.0,"ATM, App, POS, Web",3,True,3.5,Travel Lover,Travel
C000836,Cliente 0836,Mass,Guayaquil,38,754.1,9,"Crédito Hipotecario, Tarjeta de Crédito",58148.43,491.48,17600.0,380.0,"App, POS, Web",2,True,2.8,Lifestyle Lover,Fuel
C000837,Cliente 0837,Joven,Quito,42,847.78,6,"Crédito Hipotecario, Cuenta de Ahorros",173264.07,0.0,0.0,833.0,"ATM, App, Web",2,True,,Sin Perfil de Consumo,N/A
C000838,Cliente 0838,Affluent,Loja,39,2497.79,17,"Crédito Hipotecario, Crédito de Consumo, Tarjeta de Crédito",316188.31000000006,2144.9700000000003,42000.0,649.0,"App, Branch, POS, Web",3,True,5.1,Travel Lover,Travel
C000839,Cliente 0839,Premium,Quito,26,3484.24,9,"Crédito de Consumo, Tarjeta de Crédito",90983.92,1268.56,58100.0,1123.0,"ATM, App, POS, Web",2,True,2.2,Food & Supermarket Lover,Supermarket
C000840,Cliente 0840,Premium,Quito,36,5814.32,16,"Crédito Hipotecario, Crédito de Consumo, Tarjeta de Crédito",128234.81,7515.78,185900.0,63.0,"App, POS, Web",3,True,4.0,Entertainment & Streaming Lover,Entertainment
C000841,Cliente 0841,Mass,Manta,30,1155.77,6,"Crédito Hipotecario, Crédito de Consumo, Tarjeta de Crédito",49308.380000000005,532.4200000000001,8000.0,1490.0,"ATM, App, Branch, POS",3,True,6.7,Travel Lover,Travel
C000842,Cliente 0842,PyME,Guayaquil,25,5124.11,3,"Crédito Vehicular, Cuenta Corriente",54962.49,0.0,0.0,206.0,"App, Branch",2,True,,Sin Perfil de Consumo,N/A
C000843,Cliente 0843,Affluent,Quito,38,1302.41,9,"Crédito de Consumo, Cuenta Corriente, Tarjeta de Crédito",29666.47,478.03999999999996,17500.0,1073.0,"App, Branch, POS, Web",3,True,2.7,Tech Lover,Technology
C000844,Cliente 0844,Mass,Manta,34,1392.82,14,"Crédito Hipotecario, Crédito de Consumo, Tarjeta de Crédito",90476.46,881.0,35100.0,409.0,"ATM, App, Branch, POS, Web",3,True,2.5,Entertainment & Streaming Lover,Streaming
C000845,Cliente 0845,Mass,Ambato,31,670.03,15,"Crédito Hipotecario, Crédito Vehicular, Cuenta Corriente, Tarjeta de Crédito",269893.7,264.63,10800.0,175.0,"ATM, App, Branch, POS, Web",4,True,2.5,Education Lover,Education
C000846,Cliente 0846,Mass,Quito,47,922.83,13,"Crédito de Consumo, Tarjeta de Crédito",12895.43,660.06,9900.0,535.0,"App, Branch, POS, Web",2,True,6.7,Travel Lover,Travel
C000847,Cliente 0847,Premium,Cuenca,47,5872.56,13,"Crédito Vehicular, Cuenta Corriente, Cuenta de Ahorros, Tarjeta de Crédito",82978.64,2123.29,40800.0,39.0,"ATM, App, Branch, POS, Web",4,True,5.2,Tech Lover,Technology
C000848,Cliente 0848,Mass,Ambato,32,931.47,8,"Crédito Vehicular, Tarjeta de Crédito",70485.68000000001,479.51,4800.0,684.0,"App, Branch, POS",2,True,10.0,Food & Supermarket Lover,Supermarket
C000849,Cliente 0849,Mass,Quito,29,587.26,4,Cuenta Corriente,13830.52,0.0,0.0,,"ATM, Branch, Web",1,False,,Sin Perfil de Consumo,N/A
C000850,Cliente 0850,Premium,Quito,36,3258.71,10,"Crédito de Consumo, Cuenta de Ahorros, Tarjeta de Crédito",37457.18,550.4,20800.0,112.0,"App, Branch, POS, Web",3,True,2.6,Food & Supermarket Lover,Supermarket
C000851,Cliente 0851,Joven,Quito,24,1043.27,18,"Crédito Vehicular, Cuenta de Ahorros, Tarjeta de Crédito",35683.38,687.03,14300.0,197.0,"ATM, App, Branch, POS, Web",3,True,4.8,Travel Lover,Travel
C000852,Cliente 0852,Affluent,Quito,38,2885.47,13,"Cuenta de Ahorros, Tarjeta de Crédito",29404.74,1859.43,34000.0,753.0,"ATM, App, Branch, POS, Web",2,True,5.5,Travel Lover,Travel
C000853,Cliente 0853,Mass,Quito,42,1028.61,1,Crédito Hipotecario,93483.28,0.0,0.0,1467.0,App,1,False,,Sin Perfil de Consumo,N/A
C000854,Cliente 0854,Affluent,Ambato,62,2505.5,20,"Crédito Vehicular, Cuenta de Ahorros, Tarjeta de Crédito",109866.14,1787.45,84000.0,532.0,"ATM, App, Branch, POS, Web",3,True,2.1,Entertainment & Streaming Lover,Streaming
C000855,Cliente 0855,PyME,Ambato,31,2741.08,5,"Crédito Hipotecario, Tarjeta de Crédito",77713.27,646.5799999999999,20400.0,215.0,"App, POS",2,True,3.2,Entertainment & Streaming Lover,Streaming
C000856,Cliente 0856,Premium,Quito,36,4550.48,9,"Crédito Hipotecario, Crédito Vehicular, Cuenta Corriente, Tarjeta de Crédito",87281.85,1528.07,43500.0,218.0,"App, Branch, POS, Web",4,True,3.5,Lifestyle Lover,Fuel
C000857,Cliente 0857,Joven,Ambato,22,620.24,3,Crédito Hipotecario,165112.71,0.0,0.0,499.0,"App, Web",1,False,,Sin Perfil de Consumo,N/A
C000858,Cliente 0858,PyME,Guayaquil,35,3547.26,15,"Crédito Hipotecario, Crédito Vehicular, Tarjeta de Crédito",310302.04,2397.2,99000.0,1102.0,"App, Branch, POS, Web",3,True,2.4,Food & Supermarket Lover,Food
C000859,Cliente 0859,Mass,Cuenca,46,1072.28,1,Crédito de Consumo,6490.35,0.0,0.0,1986.0,App,1,False,,Sin Perfil de Consumo,N/A
C000860,Cliente 0860,Joven,Guayaquil,44,1770.34,18,"Crédito Hipotecario, Crédito Vehicular, Cuenta Corriente, Tarjeta de Crédito",145074.82,1715.1799999999998,44000.0,64.0,"ATM, App, Branch, POS, Web",4,True,3.9,Lifestyle Lover,Fuel
C000861,Cliente 0861,Mass,Quito,29,470.88,10,"Crédito Hipotecario, Tarjeta de Crédito",327157.91,298.91999999999996,9800.0,1249.0,"App, Branch, POS, Web",2,True,3.1,Food & Supermarket Lover,Food
C000862,Cliente 0862,Affluent,Cuenca,44,1780.04,17,"Cuenta Corriente, Tarjeta de Crédito",24504.09,1734.1499999999999,35100.0,886.0,"ATM, App, Branch, POS, Web",2,True,4.9,Food & Supermarket Lover,Food
C000863,Cliente 0863,Mass,Ambato,55,1021.6,15,"Crédito Vehicular, Tarjeta de Crédito",62954.67,662.46,14400.0,544.0,"ATM, App, POS, Web",2,True,4.6,Food & Supermarket Lover,Supermarket
C000864,Cliente 0864,Mass,Loja,18,852.05,1,Cuenta de Ahorros,996.78,0.0,0.0,,Branch,1,False,,Sin Perfil de Consumo,N/A
C000865,Cliente 0865,PyME,Quito,52,1682.33,6,"Crédito de Consumo, Tarjeta de Crédito",3275.12,411.96000000000004,9600.0,174.0,"ATM, App, Branch, POS, Web",2,True,4.3,Food & Supermarket Lover,Supermarket
C000866,Cliente 0866,Mass,Loja,40,770.15,3,"Cuenta Corriente, Cuenta de Ahorros",4401.76,0.0,0.0,,"App, Branch",2,True,,Sin Perfil de Consumo,N/A
C000867,Cliente 0867,Mass,Quito,41,834.01,4,Cuenta Corriente,1667.24,0.0,0.0,,"ATM, Branch, Web",1,False,,Sin Perfil de Consumo,N/A
C000868,Cliente 0868,Mass,Quito,39,626.9,4,Cuenta Corriente,5413.0,0.0,0.0,,"App, Branch, Web",1,False,,Sin Perfil de Consumo,N/A
C000869,Cliente 0869,Mass,Guayaquil,28,963.59,4,"Crédito Hipotecario, Cuenta Corriente",171371.56000000003,0.0,0.0,1341.0,"ATM, App, Branch, Web",2,True,,Sin Perfil de Consumo,N/A
C000870,Cliente 0870,Premium,Quito,66,7977.34,12,"Crédito Hipotecario, Tarjeta de Crédito",195849.42,6224.87,181000.0,348.0,"App, Branch, POS, Web",2,True,3.4,Lifestyle Lover,Fuel
C000871,Cliente 0871,Mass,Ambato,47,904.2,8,"Crédito de Consumo, Tarjeta de Crédito",8056.03,494.18,7700.0,234.0,"App, Branch, POS, Web",2,True,6.4,Food & Supermarket Lover,Supermarket
C000872,Cliente 0872,Joven,Loja,38,1141.47,5,"Cuenta Corriente, Cuenta de Ahorros",7706.54,0.0,0.0,,"ATM, Branch, Web",2,True,,Sin Perfil de Consumo,N/A
C000873,Cliente 0873,Mass,Guayaquil,53,599.16,12,"Crédito Hipotecario, Crédito Vehicular, Tarjeta de Crédito",168418.12,350.72,11200.0,251.0,"ATM, App, Branch, POS, Web",3,True,3.1,Tech Lover,Technology
C000874,Cliente 0874,Affluent,Quito,49,1313.62,21,"Crédito Vehicular, Cuenta Corriente, Cuenta de Ahorros, Tarjeta de Crédito",76671.45,963.26,26000.0,963.0,"ATM, App, Branch, POS, Web",4,True,3.7,Travel Lover,Travel
C000875,Cliente 0875,PyME,Guayaquil,33,3585.4,15,"Crédito Hipotecario, Cuenta Corriente, Tarjeta de Crédito",222695.65000000002,2912.61,68200.0,909.0,"App, Branch, POS, Web",3,True,4.3,Food & Supermarket Lover,Supermarket
C000876,Cliente 0876,Mass,Guayaquil,35,603.29,11,"Crédito Hipotecario, Crédito Vehicular, Tarjeta de Crédito",151290.22999999998,368.49,7200.0,746.0,"App, Branch, POS, Web",3,True,5.1,Food & Supermarket Lover,Supermarket
C000877,Cliente 0877,PyME,Loja,32,1854.11,3,Cuenta Corriente,8071.5,0.0,0.0,,"ATM, Branch, Web",1,False,,Sin Perfil de Consumo,N/A
C000878,Cliente 0878,PyME,Manta,43,2773.93,15,"Crédito Vehicular, Tarjeta de Crédito",87121.77,2235.84,38400.0,327.0,"ATM, App, Branch, POS",2,True,5.8,Food & Supermarket Lover,Food
C000879,Cliente 0879,Mass,Ambato,34,685.55,19,"Crédito de Consumo, Cuenta Corriente, Tarjeta de Crédito",24276.06,611.22,16900.0,493.0,"ATM, App, Branch, POS, Web",3,True,3.6,Entertainment & Streaming Lover,Entertainment
C000880,Cliente 0880,Mass,Guayaquil,27,1036.46,15,"Crédito Hipotecario, Tarjeta de Crédito",184995.5,954.57,24700.0,1049.0,"App, Branch, POS, Web",2,True,3.9,Lifestyle Lover,Others
C000881,Cliente 0881,Affluent,Guayaquil,43,1813.46,1,Crédito Hipotecario,67844.28,0.0,0.0,1697.0,Branch,1,False,,Sin Perfil de Consumo,N/A
C000882,Cliente 0882,Mass,Guayaquil,57,1197.49,1,Crédito Hipotecario,82802.22,0.0,0.0,943.0,Web,1,False,,Sin Perfil de Consumo,N/A
C000883,Cliente 0883,Mass,Guayaquil,53,992.34,3,"Crédito Vehicular, Cuenta Corriente",58424.37,0.0,0.0,1781.0,"ATM, App",2,True,,Sin Perfil de Consumo,N/A
C000884,Cliente 0884,Mass,Manta,39,602.63,5,"Crédito Vehicular, Cuenta de Ahorros",19561.170000000002,0.0,0.0,1437.0,"Branch, Web",2,True,,Sin Perfil de Consumo,N/A
C000885,Cliente 0885,Affluent,Guayaquil,19,1533.26,13,"Crédito Vehicular, Tarjeta de Crédito",53146.12,954.77,19800.0,1220.0,"App, Branch, POS, Web",2,True,4.8,Food & Supermarket Lover,Food
C000886,Cliente 0886,Mass,Guayaquil,29,1029.83,3,Cuenta Corriente,632.64,0.0,0.0,,"App, Web",1,False,,Sin Perfil de Consumo,N/A
C000887,Cliente 0887,Mass,Cuenca,58,759.64,9,"Crédito Hipotecario, Crédito Vehicular, Tarjeta de Crédito",379016.89,222.67,6000.0,276.0,"App, POS, Web",3,True,3.7,Food & Supermarket Lover,Supermarket
C000888,Cliente 0888,Affluent,Guayaquil,44,5559.27,13,"Crédito de Consumo, Cuenta de Ahorros, Tarjeta de Crédito",144622.16,1057.03,42000.0,1074.0,"ATM, App, Branch, POS, Web",3,True,2.5,Food & Supermarket Lover,Supermarket
C000889,Cliente 0889,Mass,Ambato,21,952.71,1,Cuenta de Ahorros,1491.17,0.0,0.0,,Branch,1,False,,Sin Perfil de Consumo,N/A
C000890,Cliente 0890,Mass,Guayaquil,40,1429.48,4,Tarjeta de Crédito,819.6,383.78999999999996,12400.0,844.0,"App, POS, Web",1,False,3.1,Tech Lover,Technology
C000891,Cliente 0891,Mass,Quito,55,674.26,6,"Crédito Vehicular, Tarjeta de Crédito",26334.84,282.13,9000.0,361.0,"App, Branch, POS",2,True,3.1,Entertainment & Streaming Lover,Streaming
C000892,Cliente 0892,Mass,Guayaquil,33,870.02,1,Crédito Hipotecario,61091.27,0.0,0.0,2108.0,Branch,1,False,,Sin Perfil de Consumo,N/A
C000893,Cliente 0893,Mass,Quito,52,1021.95,10,"Crédito Hipotecario, Crédito Vehicular, Cuenta de Ahorros, Tarjeta de Crédito",171664.47999999998,362.65,4400.0,648.0,"ATM, App, Branch, POS, Web",4,True,8.2,Tech Lover,Technology
C000894,Cliente 0894,Mass,Quito,47,1844.76,15,"Crédito Vehicular, Cuenta Corriente, Cuenta de Ahorros, Tarjeta de Crédito",48588.03,1692.62,42300.0,1245.0,"ATM, App, Branch, POS, Web",4,True,4.0,Travel Lover,Travel
C000895,Cliente 0895,Affluent,Guayaquil,18,1758.52,13,"Crédito Hipotecario, Crédito Vehicular, Crédito de Consumo, Tarjeta de Crédito",241522.27000000002,947.56,16800.0,109.0,"App, Branch, POS, Web",4,True,5.6,Food & Supermarket Lover,Supermarket
C000896,Cliente 0896,PyME,Quito,56,1244.41,14,"Crédito Vehicular, Crédito de Consumo, Cuenta Corriente, Tarjeta de Crédito",93291.54000000001,426.42,16800.0,419.0,"ATM, App, Branch, POS, Web",4,True,2.5,Entertainment & Streaming Lover,Streaming
C000897,Cliente 0897,Mass,Guayaquil,39,827.18,3,Crédito Vehicular,34800.33,0.0,0.0,1986.0,"Branch, Web",1,False,,Sin Perfil de Consumo,N/A
C000898,Cliente 0898,Mass,Guayaquil,28,1010.08,14,Tarjeta de Crédito,15920.94,826.14,39200.0,1038.0,"ATM, App, Branch, POS, Web",1,False,2.1,Entertainment & Streaming Lover,Entertainment
C000899,Cliente 0899,Mass,Guayaquil,45,973.05,13,"Crédito Vehicular, Cuenta Corriente, Tarjeta de Crédito",50627.59,1139.5,20000.0,171.0,"ATM, App, Branch, POS, Web",3,True,5.7,Tech Lover,Technology
C000900,Cliente 0900,Joven,Manta,59,350.0,3,"Crédito Vehicular, Cuenta Corriente",42947.77,0.0,0.0,988.0,"App, Branch",2,True,,Sin Perfil de Consumo,N/A
C000901,Cliente 0901,Affluent,Quito,44,1254.37,5,"Crédito Hipotecario, Tarjeta de Crédito",101149.6,406.78,7200.0,153.0,"Branch, POS, Web",2,True,5.6,Food & Supermarket Lover,Supermarket
C000902,Cliente 0902,PyME,Guayaquil,35,4218.2,5,"Crédito Vehicular, Cuenta de Ahorros",51726.52,0.0,0.0,165.0,"ATM, App, Branch",2,True,,Sin Perfil de Consumo,N/A
C000903,Cliente 0903,Mass,Guayaquil,32,1193.53,1,Crédito Vehicular,23422.2,0.0,0.0,1964.0,Web,1,False,,Sin Perfil de Consumo,N/A
C000904,Cliente 0904,Joven,Quito,46,583.06,16,"Crédito Hipotecario, Cuenta de Ahorros, Tarjeta de Crédito",247409.33999999997,481.1,13200.0,854.0,"ATM, App, Branch, POS, Web",3,True,3.6,Lifestyle Lover,Others
C000905,Cliente 0905,Joven,Guayaquil,35,384.85,3,"Crédito Hipotecario, Crédito Vehicular",147454.92,0.0,0.0,147.0,Web,2,True,,Sin Perfil de Consumo,N/A
C000906,Cliente 0906,Mass,Cuenca,44,1584.19,11,"Crédito Hipotecario, Tarjeta de Crédito",327436.42,941.04,20000.0,553.0,"ATM, App, Branch, POS, Web",2,True,4.7,Lifestyle Lover,Others
C000907,Cliente 0907,Mass,Quito,54,655.66,3,Crédito Hipotecario,155158.34999999998,0.0,0.0,1203.0,"App, Branch",1,False,,Sin Perfil de Consumo,N/A
C000908,Cliente 0908,Affluent,Cuenca,18,1339.38,2,Cuenta de Ahorros,1375.98,0.0,0.0,,Web,1,False,,Sin Perfil de Consumo,N/A
C000909,Cliente 0909,Mass,Cuenca,55,1480.84,21,"Crédito Vehicular, Crédito de Consumo, Cuenta Corriente, Tarjeta de Crédito",75177.42,1353.16,42000.0,642.0,"App, Branch, POS, Web",4,True,3.2,Tech Lover,Technology
C000910,Cliente 0910,Joven,Quito,52,445.84,5,Cuenta de Ahorros,7071.900000000001,0.0,0.0,,"App, Branch",1,False,,Sin Perfil de Consumo,N/A
C000911,Cliente 0911,Mass,Guayaquil,25,661.48,9,"Crédito Hipotecario, Crédito Vehicular, Cuenta de Ahorros, Tarjeta de Crédito",97135.23,279.38,5200.0,603.0,"App, Branch, POS, Web",4,True,5.4,Education Lover,Education
C000912,Cliente 0912,Mass,Guayaquil,64,582.78,11,"Crédito Vehicular, Tarjeta de Crédito",18836.82,423.61,9000.0,13.0,"ATM, App, Branch, POS, Web",2,True,4.7,Food & Supermarket Lover,Supermarket
C000913,Cliente 0913,PyME,Guayaquil,27,2091.54,18,"Crédito Hipotecario, Cuenta Corriente, Tarjeta de Crédito",242628.03,3031.89,75600.0,54.0,"App, Branch, POS, Web",3,True,4.0,Food & Supermarket Lover,Food
C000914,Cliente 0914,Affluent,Guayaquil,36,2003.39,4,Tarjeta de Crédito,1751.6,292.06,8000.0,48.0,"Branch, POS",1,False,3.7,Entertainment & Streaming Lover,Streaming
C000915,Cliente 0915,Joven,Quito,33,558.37,15,"Crédito Hipotecario, Cuenta Corriente, Tarjeta de Crédito",210537.36,413.53999999999996,6600.0,300.0,"ATM, App, Branch, POS, Web",3,True,6.3,Tech Lover,Technology
C000916,Cliente 0916,Joven,Manta,61,817.5,5,"Crédito de Consumo, Cuenta Corriente",2328.79,0.0,0.0,410.0,"Branch, Web",2,True,,Sin Perfil de Consumo,N/A
C000917,Cliente 0917,Premium,Cuenca,31,5969.34,13,"Crédito Hipotecario, Crédito Vehicular, Cuenta de Ahorros, Tarjeta de Crédito",394948.38,2298.5299999999997,65400.0,22.0,"ATM, App, Branch, POS, Web",4,True,3.5,Travel Lover,Travel
C000918,Cliente 0918,Affluent,Quito,26,2437.59,16,"Cuenta Corriente, Tarjeta de Crédito",30446.18,2509.5,32500.0,1046.0,"ATM, App, Branch, POS, Web",2,True,7.7,Food & Supermarket Lover,Supermarket
C000919,Cliente 0919,Joven,Quito,46,1045.75,19,"Crédito de Consumo, Cuenta de Ahorros, Tarjeta de Crédito",28645.32,1101.65,28000.0,679.0,"ATM, App, Branch, POS, Web",3,True,3.9,Food & Supermarket Lover,Supermarket
C000920,Cliente 0920,Joven,Guayaquil,35,716.42,6,"Crédito Vehicular, Cuenta Corriente, Cuenta de Ahorros",56973.73,0.0,0.0,1494.0,"Branch, Web",3,True,,Sin Perfil de Consumo,N/A
C000921,Cliente 0921,PyME,Guayaquil,43,3369.31,20,"Crédito Hipotecario, Crédito Vehicular, Cuenta de Ahorros, Tarjeta de Crédito",234417.33000000002,2472.18,62400.0,506.0,"App, Branch, POS, Web",4,True,4.0,Lifestyle Lover,Others
C000922,Cliente 0922,Mass,Quito,48,1593.38,11,"Cuenta Corriente, Tarjeta de Crédito",8891.29,647.57,20300.0,620.0,"App, Branch, POS, Web",2,True,3.2,Food & Supermarket Lover,Food
C000923,Cliente 0923,Joven,Quito,34,886.28,11,Tarjeta de Crédito,9444.16,593.01,28600.0,1189.0,"App, Branch, POS, Web",1,False,2.1,Food & Supermarket Lover,Supermarket
C000924,Cliente 0924,Affluent,Cuenca,34,1404.49,12,"Cuenta de Ahorros, Tarjeta de Crédito",21548.19,806.19,18000.0,1011.0,"App, Branch, POS, Web",2,True,4.5,Entertainment & Streaming Lover,Streaming
C000925,Cliente 0925,Mass,Ambato,44,1638.08,23,"Crédito Vehicular, Cuenta Corriente, Cuenta de Ahorros, Tarjeta de Crédito",83653.46,997.9499999999999,32200.0,625.0,"ATM, App, Branch, POS, Web",4,True,3.1,Food & Supermarket Lover,Supermarket
C000926,Cliente 0926,Mass,Cuenca,26,430.79,2,Crédito Hipotecario,178373.08,0.0,0.0,1357.0,"Branch, Web",1,False,,Sin Perfil de Consumo,N/A
C000927,Cliente 0927,Mass,Cuenca,39,1086.07,14,"Crédito de Consumo, Cuenta de Ahorros, Tarjeta de Crédito",12332.46,484.25999999999993,12000.0,801.0,"ATM, App, Branch, POS, Web",3,True,4.0,Travel Lover,Travel
C000928,Cliente 0928,Joven,Cuenca,35,907.43,14,"Cuenta de Ahorros, Tarjeta de Crédito",7174.200000000001,657.02,14000.0,1176.0,"App, Branch, POS, Web",2,True,4.7,Food & Supermarket Lover,Food
C000929,Cliente 0929,Mass,Ambato,50,833.66,14,"Crédito de Consumo, Cuenta Corriente, Cuenta de Ahorros, Tarjeta de Crédito",10655.96,446.92,8800.0,367.0,"ATM, App, Branch, POS, Web",4,True,5.1,Travel Lover,Travel
C000930,Cliente 0930,Mass,Guayaquil,27,911.57,19,"Crédito de Consumo, Cuenta de Ahorros, Tarjeta de Crédito",21242.149999999998,1135.46,22400.0,809.0,"App, Branch, POS, Web",3,True,5.1,Health & Wellness Lover,Health
C000931,Cliente 0931,Affluent,Quito,34,1638.11,12,"Crédito de Consumo, Tarjeta de Crédito",6581.64,1344.14,39600.0,138.0,"ATM, App, Branch, POS, Web",2,True,3.4,Lifestyle Lover,Others
C000932,Cliente 0932,Premium,Cuenca,46,5686.29,2,Crédito Vehicular,16018.6,0.0,0.0,1270.0,"App, Branch",1,False,,Sin Perfil de Consumo,N/A
C000933,Cliente 0933,Mass,Quito,48,1310.69,15,"Cuenta Corriente, Tarjeta de Crédito",21892.2,1197.29,28800.0,470.0,"ATM, App, Branch, POS, Web",2,True,4.2,Food & Supermarket Lover,Food
C000934,Cliente 0934,Joven,Manta,47,921.54,5,"Crédito Hipotecario, Crédito Vehicular, Cuenta Corriente",79161.82,0.0,0.0,539.0,"App, Branch, Web",3,True,,Sin Perfil de Consumo,N/A
C000935,Cliente 0935,Affluent,Quito,46,2973.95,18,"Crédito Hipotecario, Cuenta de Ahorros, Tarjeta de Crédito",173848.6,1931.51,42000.0,1317.0,"App, Branch, POS, Web",3,True,4.6,Tech Lover,Technology
C000936,Cliente 0936,Mass,Manta,36,977.9,6,"Crédito Vehicular, Tarjeta de Crédito",37941.08,213.82,9200.0,441.0,"App, Branch",2,True,2.3,Entertainment & Streaming Lover,Streaming
C000937,Cliente 0937,Joven,Quito,32,640.37,7,"Crédito Hipotecario, Cuenta de Ahorros",114363.76999999999,0.0,0.0,898.0,"ATM, App, Branch, Web",2,True,,Sin Perfil de Consumo,N/A
C000938,Cliente 0938,Mass,Loja,36,886.8,18,"Crédito Hipotecario, Crédito de Consumo, Tarjeta de Crédito",192279.68,582.14,27300.0,118.0,"App, Branch, POS, Web",3,True,2.1,Tech Lover,Technology
C000939,Cliente 0939,Affluent,Cuenca,33,2923.02,9,"Crédito Hipotecario, Crédito de Consumo, Cuenta de Ahorros, Tarjeta de Crédito",198295.12,787.17,23000.0,314.0,"App, Branch, POS, Web",4,True,3.4,Tech Lover,Technology
C000940,Cliente 0940,Mass,Quito,40,959.22,18,"Crédito de Consumo, Cuenta de Ahorros, Tarjeta de Crédito",16623.2,879.42,19500.0,77.0,"ATM, App, Branch, POS, Web",3,True,4.5,Food & Supermarket Lover,Supermarket
C000941,Cliente 0941,Affluent,Ambato,18,2785.3,11,"Cuenta Corriente, Cuenta de Ahorros, Tarjeta de Crédito",22509.08,731.51,20500.0,878.0,"Branch, POS, Web",3,True,3.6,Entertainment & Streaming Lover,Streaming
C000942,Cliente 0942,Mass,Cuenca,41,695.58,15,"Cuenta Corriente, Cuenta de Ahorros, Tarjeta de Crédito",7878.21,308.67,7200.0,1230.0,"ATM, App, Branch, POS, Web",3,True,4.3,Lifestyle Lover,Fuel
C000943,Cliente 0943,PyME,Loja,44,1213.13,6,"Cuenta Corriente, Tarjeta de Crédito",3431.79,318.83,11500.0,1198.0,"App, Branch, POS",2,True,2.8,Entertainment & Streaming Lover,Entertainment
C000944,Cliente 0944,Premium,Loja,45,4187.12,16,"Cuenta de Ahorros, Tarjeta de Crédito",73087.14,2682.87,141400.0,182.0,"ATM, App, Branch, POS, Web",2,True,1.9,Entertainment & Streaming Lover,Streaming
C000945,Cliente 0945,Premium,Guayaquil,42,4798.45,2,Cuenta Corriente,13973.64,0.0,0.0,,"App, Branch",1,False,,Sin Perfil de Consumo,N/A
C000946,Cliente 0946,Mass,Cuenca,46,1037.27,14,"Crédito Vehicular, Tarjeta de Crédito",33960.89,782.84,15600.0,766.0,"App, POS, Web",2,True,5.0,Food & Supermarket Lover,Food
C000947,Cliente 0947,PyME,Manta,30,2048.06,19,"Crédito de Consumo, Cuenta Corriente, Cuenta de Ahorros, Tarjeta de Crédito",96366.78,1551.45,39600.0,686.0,"App, Branch, POS, Web",4,True,3.9,Food & Supermarket Lover,Food
C000948,Cliente 0948,Mass,Quito,58,544.41,12,"Cuenta de Ahorros, Tarjeta de Crédito",8372.4,178.51,7200.0,1312.0,"App, Branch, POS, Web",2,True,2.5,Food & Supermarket Lover,Supermarket
C000949,Cliente 0949,Premium,Guayaquil,42,3453.01,8,"Crédito de Consumo, Tarjeta de Crédito",42966.89,1234.94,49000.0,584.0,"App, Branch, POS, Web",2,True,2.5,Food & Supermarket Lover,Food
C000950,Cliente 0950,PyME,Guayaquil,33,2530.41,11,"Cuenta de Ahorros, Tarjeta de Crédito",45305.65,2200.68,51000.0,1326.0,"App, Branch, POS, Web",2,True,4.3,Travel Lover,Travel
C000951,Cliente 0951,Affluent,Quito,45,2377.29,10,"Crédito de Consumo, Cuenta de Ahorros, Tarjeta de Crédito",37024.4,1021.0700000000002,23500.0,718.0,"ATM, App, Branch, POS, Web",3,True,4.3,Tech Lover,Technology
C000952,Cliente 0952,Mass,Guayaquil,32,1190.55,14,"Cuenta Corriente, Cuenta de Ahorros, Tarjeta de Crédito",16449.3,1250.97,31200.0,1114.0,"App, Branch, POS, Web",3,True,4.0,Tech Lover,Technology
C000953,Cliente 0953,Mass,Cuenca,33,627.02,7,"Cuenta de Ahorros, Tarjeta de Crédito",6087.9400000000005,153.15,9500.0,417.0,"ATM, App, Branch, POS, Web",2,True,1.6,Health & Wellness Lover,Health
C000954,Cliente 0954,Mass,Quito,29,957.23,1,Crédito Vehicular,18443.52,0.0,0.0,2068.0,Web,1,False,,Sin Perfil de Consumo,N/A
C000955,Cliente 0955,Affluent,Guayaquil,44,4027.47,12,"Crédito Hipotecario, Crédito de Consumo, Tarjeta de Crédito",148385.0,2238.7799999999997,72000.0,506.0,"ATM, App, Branch, POS, Web",3,True,3.1,Health & Wellness Lover,Health
C000956,Cliente 0956,Mass,Loja,34,1109.09,15,"Cuenta de Ahorros, Tarjeta de Crédito",15990.72,888.13,27600.0,918.0,"ATM, App, Branch, POS, Web",2,True,3.2,Entertainment & Streaming Lover,Streaming
C000957,Cliente 0957,Joven,Quito,67,892.29,6,Tarjeta de Crédito,1677.72,561.81,10200.0,10.0,"App, POS",1,False,5.5,Health & Wellness Lover,Health
C000958,Cliente 0958,Mass,Quito,42,1104.1,18,"Cuenta Corriente, Cuenta de Ahorros, Tarjeta de Crédito",3877.08,1423.17,31200.0,819.0,"ATM, App, Branch, POS, Web",3,True,4.6,Travel Lover,Travel
C000959,Cliente 0959,Joven,Manta,38,1401.36,3,"Crédito de Consumo, Cuenta Corriente",5833.12,0.0,0.0,216.0,"App, Branch, Web",2,True,,Sin Perfil de Consumo,N/A
C000960,Cliente 0960,Mass,Guayaquil,37,454.8,12,"Crédito Hipotecario, Crédito de Consumo, Tarjeta de Crédito",124338.7,164.11,7000.0,124.0,"ATM, App, Branch, POS, Web",3,True,2.3,Tech Lover,Technology
C000961,Cliente 0961,Mass,Quito,37,1041.35,13,Tarjeta de Crédito,4096.56,640.99,27300.0,984.0,"App, Branch, POS, Web",1,False,2.3,Lifestyle Lover,Others
C000962,Cliente 0962,Joven,Guayaquil,26,814.83,4,"Cuenta Corriente, Cuenta de Ahorros",13104.5,0.0,0.0,,"ATM, Branch, Web",2,True,,Sin Perfil de Consumo,N/A
C000963,Cliente 0963,Mass,Cuenca,48,1204.81,13,"Crédito Vehicular, Tarjeta de Crédito",5182.08,735.38,15600.0,418.0,"App, Branch, POS, Web",2,True,4.7,Food & Supermarket Lover,Food
C000964,Cliente 0964,Joven,Guayaquil,57,484.33,8,"Cuenta Corriente, Tarjeta de Crédito",6178.27,124.7,6000.0,570.0,"Branch, POS, Web",2,True,2.1,Food & Supermarket Lover,Food
C000965,Cliente 0965,Mass,Ambato,39,1087.12,15,"Crédito Vehicular, Tarjeta de Crédito",25015.9,1529.28,22100.0,397.0,"App, POS, Web",2,True,6.9,Travel Lover,Travel
C000966,Cliente 0966,Affluent,Manta,29,2687.2,11,"Crédito Hipotecario, Tarjeta de Crédito",230048.81,1309.52,72000.0,1166.0,"App, Branch, POS, Web",2,True,1.8,Health & Wellness Lover,Health
C000967,Cliente 0967,Premium,Cuenca,34,5788.66,20,"Cuenta Corriente, Cuenta de Ahorros, Tarjeta de Crédito",159971.8,4910.34,231000.0,1296.0,"ATM, App, Branch, POS, Web",3,True,2.1,Tech Lover,Technology
C000968,Cliente 0968,Mass,Quito,23,851.35,2,Crédito de Consumo,13217.14,0.0,0.0,1958.0,"Branch, Web",1,False,,Sin Perfil de Consumo,N/A
C000969,Cliente 0969,PyME,Guayaquil,33,4931.55,16,"Cuenta Corriente, Cuenta de Ahorros, Tarjeta de Crédito",104633.88,3787.67,74400.0,953.0,"ATM, App, Branch, POS, Web",3,True,5.1,Food & Supermarket Lover,Food
C000970,Cliente 0970,Joven,Quito,46,741.88,11,"Crédito Vehicular, Tarjeta de Crédito",7872.7699999999995,439.16,21000.0,159.0,"App, Branch, POS, Web",2,True,2.1,Food & Supermarket Lover,Supermarket
C000971,Cliente 0971,Mass,Guayaquil,34,813.79,16,"Crédito Hipotecario, Cuenta de Ahorros, Tarjeta de Crédito",197397.12,702.99,23400.0,567.0,"App, POS, Web",3,True,3.0,Food & Supermarket Lover,Food
C000972,Cliente 0972,Mass,Guayaquil,41,621.8,7,"Crédito Hipotecario, Tarjeta de Crédito",66508.65,235.06,9000.0,376.0,"App, POS, Web",2,True,2.6,Food & Supermarket Lover,Supermarket
C000973,Cliente 0973,Mass,Ambato,37,962.65,15,"Crédito de Consumo, Tarjeta de Crédito",10091.67,659.7,35000.0,384.0,"ATM, App, Branch, POS",2,True,1.9,Food & Supermarket Lover,Supermarket
C000974,Cliente 0974,Premium,Guayaquil,58,3002.49,3,"Crédito de Consumo, Cuenta de Ahorros",24589.67,0.0,0.0,961.0,"App, Branch",2,True,,Sin Perfil de Consumo,N/A
C000975,Cliente 0975,Mass,Guayaquil,18,1512.5,6,Tarjeta de Crédito,0.0,872.1500000000001,14400.0,856.0,"App, POS, Web",1,False,6.1,Entertainment & Streaming Lover,Streaming
C000976,Cliente 0976,Premium,Quito,50,4217.65,14,"Cuenta Corriente, Cuenta de Ahorros, Tarjeta de Crédito",54763.9,2713.61,68200.0,1156.0,"ATM, App, Branch, POS, Web",3,True,4.0,Tech Lover,Technology
C000977,Cliente 0977,Mass,Guayaquil,24,1088.0,3,Crédito Vehicular,94462.56,0.0,0.0,350.0,"Branch, Web",1,False,,Sin Perfil de Consumo,N/A
C000978,Cliente 0978,Mass,Guayaquil,40,1066.8,7,"Crédito de Consumo, Cuenta Corriente, Cuenta de Ahorros",21143.97,0.0,0.0,1787.0,"App, Branch, Web",3,True,,Sin Perfil de Consumo,N/A
C000979,Cliente 0979,Mass,Guayaquil,34,1126.86,1,Crédito Hipotecario,118152.38,0.0,0.0,1005.0,Web,1,False,,Sin Perfil de Consumo,N/A
C000980,Cliente 0980,Mass,Cuenca,47,1518.98,15,"Crédito Hipotecario, Tarjeta de Crédito",80759.83,1746.47,40600.0,1420.0,"App, Branch, POS, Web",2,True,4.3,Entertainment & Streaming Lover,Streaming
C000981,Cliente 0981,Mass,Manta,46,1098.41,23,"Crédito de Consumo, Cuenta Corriente, Cuenta de Ahorros, Tarjeta de Crédito",41123.64,628.32,39200.0,649.0,"ATM, App, Branch, POS, Web",4,True,1.6,Tech Lover,Technology
C000982,Cliente 0982,Affluent,Guayaquil,26,3261.21,10,"Crédito de Consumo, Tarjeta de Crédito",42386.66,2154.0499999999997,84600.0,498.0,"Branch, POS, Web",2,True,2.5,Tech Lover,Technology
C000983,Cliente 0983,Mass,Guayaquil,46,1131.08,7,Tarjeta de Crédito,6827.66,612.8,9800.0,430.0,"App, Branch, POS, Web",1,False,6.3,Entertainment & Streaming Lover,Streaming
C000984,Cliente 0984,Joven,Quito,35,425.47,17,"Crédito Hipotecario, Crédito de Consumo, Cuenta Corriente, Tarjeta de Crédito",45202.52,350.03,10800.0,444.0,"ATM, App, Branch, POS, Web",4,True,3.2,Health & Wellness Lover,Health
C000985,Cliente 0985,Joven,Guayaquil,40,552.24,14,"Crédito Vehicular, Tarjeta de Crédito",64794.03999999999,433.06,16800.0,85.0,"App, Branch, POS, Web",2,True,2.6,Tech Lover,Technology
C000986,Cliente 0986,Premium,Quito,31,5764.43,6,"Crédito de Consumo, Tarjeta de Crédito",45444.44,2807.38,41500.0,633.0,"App, Branch, POS, Web",2,True,6.8,Tech Lover,Technology
C000987,Cliente 0987,PyME,Manta,31,2573.11,14,Tarjeta de Crédito,2898.0,2260.4,39200.0,352.0,"ATM, App, Branch, POS, Web",1,False,5.8,Travel Lover,Travel
C000988,Cliente 0988,Mass,Ambato,30,1019.71,15,"Crédito Vehicular, Tarjeta de Crédito",13763.22,1410.1,28000.0,373.0,"ATM, App, POS, Web",2,True,5.0,Travel Lover,Travel
C000989,Cliente 0989,Mass,Guayaquil,18,1409.88,9,"Crédito de Consumo, Cuenta Corriente, Cuenta de Ahorros",23720.3,0.0,0.0,580.0,"ATM, App, Branch, POS, Web",3,True,,Sin Perfil de Consumo,N/A
C000990,Cliente 0990,Mass,Cuenca,51,431.82,5,"Crédito Vehicular, Cuenta Corriente",16216.19,0.0,0.0,1962.0,"ATM, App, Branch",2,True,,Sin Perfil de Consumo,N/A
C000991,Cliente 0991,Affluent,Guayaquil,42,1981.67,13,"Cuenta Corriente, Cuenta de Ahorros, Tarjeta de Crédito",27439.19,2007.71,30600.0,536.0,"ATM, App, Branch, POS, Web",3,True,6.6,Education Lover,Education
C000992,Cliente 0992,Affluent,Guayaquil,37,2331.23,14,"Crédito de Consumo, Cuenta Corriente, Cuenta de Ahorros, Tarjeta de Crédito",49803.82,884.9,28700.0,680.0,"App, Branch, POS",4,True,3.1,Lifestyle Lover,Fuel
C000993,Cliente 0993,Mass,Guayaquil,18,744.71,13,Tarjeta de Crédito,3909.3599999999997,721.34,16900.0,872.0,"ATM, App, POS, Web",1,False,4.3,Tech Lover,Technology
C000994,Cliente 0994,Mass,Quito,40,612.13,15,"Crédito Hipotecario, Cuenta Corriente, Cuenta de Ahorros, Tarjeta de Crédito",85013.7,439.59000000000003,18000.0,948.0,"App, Branch, POS, Web",4,True,2.4,Travel Lover,Travel
C000995,Cliente 0995,Premium,Guayaquil,22,3063.86,1,Cuenta de Ahorros,3604.81,0.0,0.0,,Branch,1,False,,Sin Perfil de Consumo,N/A
C000996,Cliente 0996,Affluent,Ambato,30,1504.74,7,"Crédito de Consumo, Tarjeta de Crédito",33095.04,493.99,10400.0,1296.0,"App, Branch, POS, Web",2,True,4.7,Education Lover,Education
C000997,Cliente 0997,Mass,Quito,33,953.27,3,Crédito Vehicular,45906.090000000004,0.0,0.0,1099.0,"Branch, Web",1,False,,Sin Perfil de Consumo,N/A
C000998,Cliente 0998,Premium,Ambato,47,5225.78,15,"Crédito Hipotecario, Tarjeta de Crédito",69543.02,6405.47,138600.0,760.0,"ATM, App, POS, Web",2,True,4.6,Entertainment & Streaming Lover,Streaming
C000999,Cliente 0999,Mass,Guayaquil,32,1125.07,4,"Crédito Hipotecario, Crédito de Consumo, Cuenta de Ahorros",74227.26,0.0,0.0,484.0,"App, Branch",3,True,,Sin Perfil de Consumo,N/A
C001000,Cliente 1000,Mass,Quito,46,487.69,6,Tarjeta de Crédito,3812.6400000000003,180.56,7200.0,563.0,"App, Branch, POS",1,False,2.5,Entertainment & Streaming Lover,Streaming
C001001,Cliente 1001,Joven,Guayaquil,37,353.12,8,Tarjeta de Crédito,2148.56,100.65,7200.0,720.0,"Branch, POS",1,False,1.4,Tech Lover,Technology
C001002,Cliente 1002,Mass,Guayaquil,39,966.28,19,"Crédito Hipotecario, Crédito Vehicular, Crédito de Consumo, Tarjeta de Crédito",83568.69,1678.03,36000.0,137.0,"ATM, App, Branch, POS, Web",4,True,4.7,Tech Lover,Technology
C001003,Cliente 1003,Mass,Quito,50,1222.3,17,"Crédito Hipotecario, Tarjeta de Crédito",225211.23,1539.79,49000.0,1098.0,"ATM, App, Branch, POS, Web",2,True,3.1,Food & Supermarket Lover,Supermarket
C001004,Cliente 1004,Affluent,Guayaquil,57,3171.47,13,"Cuenta de Ahorros, Tarjeta de Crédito",21988.91,4046.0,74000.0,1073.0,"App, Branch, POS, Web",2,True,5.5,Food & Supermarket Lover,Supermarket
C001005,Cliente 1005,Premium,Guayaquil,43,3893.0,2,Crédito de Consumo,61130.54,0.0,0.0,177.0,"Branch, Web",1,False,,Sin Perfil de Consumo,N/A
C001006,Cliente 1006,Mass,Quito,18,865.82,12,Tarjeta de Crédito,0.0,899.08,28800.0,485.0,"App, POS, Web",1,False,3.1,Travel Lover,Travel
C001007,Cliente 1007,Mass,Guayaquil,42,1413.7,12,"Crédito de Consumo, Cuenta Corriente, Cuenta de Ahorros, Tarjeta de Crédito",26684.18,437.07000000000005,25900.0,902.0,"App, Branch, POS, Web",4,True,1.7,Food & Supermarket Lover,Food
C001008,Cliente 1008,Affluent,Quito,40,2120.42,10,"Crédito Vehicular, Crédito de Consumo, Cuenta de Ahorros, Tarjeta de Crédito",72353.89,554.58,28500.0,771.0,"App, Branch, POS, Web",4,True,1.9,Food & Supermarket Lover,Food
C001009,Cliente 1009,Mass,Quito,29,1048.43,9,"Crédito Vehicular, Crédito de Consumo, Tarjeta de Crédito",42467.69,324.14,12600.0,111.0,"App, Branch, POS, Web",3,True,2.6,Travel Lover,Travel
C001010,Cliente 1010,Mass,Guayaquil,49,1429.76,11,"Crédito Vehicular, Tarjeta de Crédito",18425.58,622.59,15000.0,683.0,"App, Branch, POS",2,True,4.2,Travel Lover,Travel
C001011,Cliente 1011,Mass,Cuenca,31,1117.54,9,"Crédito Vehicular, Tarjeta de Crédito",32627.85,729.73,20000.0,827.0,"App, Branch, POS, Web",2,True,3.6,Food & Supermarket Lover,Food
C001012,Cliente 1012,PyME,Guayaquil,36,5911.6,13,"Crédito de Consumo, Cuenta Corriente, Cuenta de Ahorros, Tarjeta de Crédito",48958.12,5842.67,50400.0,1315.0,"ATM, App, Branch, POS, Web",4,True,11.6,Travel Lover,Travel
C001013,Cliente 1013,Affluent,Guayaquil,31,1407.83,14,"Crédito de Consumo, Tarjeta de Crédito",30876.769999999997,1566.47,30800.0,254.0,"App, Branch, POS, Web",2,True,5.1,Food & Supermarket Lover,Supermarket
C001014,Cliente 1014,Mass,Ambato,59,519.98,9,"Crédito Hipotecario, Tarjeta de Crédito",176857.26,173.72,5400.0,1240.0,"ATM, App, POS, Web",2,True,3.2,Food & Supermarket Lover,Supermarket
C001015,Cliente 1015,Joven,Quito,46,1025.11,16,"Crédito Vehicular, Cuenta de Ahorros, Tarjeta de Crédito",55045.53999999999,699.27,27000.0,1304.0,"ATM, App, Branch, POS, Web",3,True,2.6,Food & Supermarket Lover,Food
C001016,Cliente 1016,Mass,Cuenca,58,1963.47,11,Tarjeta de Crédito,10011.98,2200.31,37400.0,453.0,"App, POS, Web",1,False,5.9,Food & Supermarket Lover,Supermarket
C001017,Cliente 1017,Mass,Guayaquil,27,792.36,4,Cuenta de Ahorros,13085.28,0.0,0.0,,"App, Branch, Web",1,False,,Sin Perfil de Consumo,N/A
C001018,Cliente 1018,Premium,Guayaquil,37,3183.46,14,"Crédito Vehicular, Tarjeta de Crédito",62411.54,1937.95,57600.0,405.0,"ATM, App, Branch, POS, Web",2,True,3.4,Entertainment & Streaming Lover,Streaming
C001019,Cliente 1019,Affluent,Guayaquil,39,1958.11,7,"Crédito Hipotecario, Cuenta Corriente, Cuenta de Ahorros",167920.82,0.0,0.0,362.0,"App, Branch, Web",3,True,,Sin Perfil de Consumo,N/A
C001020,Cliente 1020,Affluent,Guayaquil,32,4227.36,11,"Crédito de Consumo, Tarjeta de Crédito",52523.12,3103.35,67200.0,353.0,"App, Branch, POS, Web",2,True,4.6,Food & Supermarket Lover,Food
C001021,Cliente 1021,Mass,Manta,41,1063.24,1,Crédito de Consumo,5288.69,0.0,0.0,833.0,ATM,1,False,,Sin Perfil de Consumo,N/A
C001022,Cliente 1022,Mass,Guayaquil,18,523.86,13,"Cuenta de Ahorros, Tarjeta de Crédito",9549.869999999999,350.71,11000.0,559.0,"App, Branch, POS, Web",2,True,3.2,Lifestyle Lover,Others
C001023,Cliente 1023,Premium,Loja,39,4623.4,13,"Crédito Vehicular, Cuenta Corriente, Tarjeta de Crédito",71791.46,2342.2,67200.0,349.0,"ATM, App, Branch, POS, Web",3,True,3.5,Travel Lover,Travel
C001024,Cliente 1024,Joven,Quito,23,593.97,13,"Crédito Hipotecario, Cuenta Corriente, Tarjeta de Crédito",105690.39,310.06,8000.0,645.0,"ATM, App, Branch, POS, Web",3,True,3.9,Health & Wellness Lover,Health
C001025,Cliente 1025,Premium,Guayaquil,58,5756.07,6,"Crédito Hipotecario, Tarjeta de Crédito",111640.58,1707.95,43000.0,540.0,"App, Branch, POS, Web",2,True,4.0,Entertainment & Streaming Lover,Entertainment
C001026,Cliente 1026,Joven,Quito,41,886.35,10,"Cuenta de Ahorros, Tarjeta de Crédito",15568.8,418.02,17500.0,1084.0,"App, Branch, POS, Web",2,True,2.4,Education Lover,Education
C001027,Cliente 1027,PyME,Ambato,55,3014.99,5,"Crédito Vehicular, Tarjeta de Crédito",21228.879999999997,399.0,15600.0,37.0,"ATM, App, POS, Web",2,True,2.6,Lifestyle Lover,Fuel
C001028,Cliente 1028,Mass,Ambato,38,1156.82,13,"Crédito de Consumo, Tarjeta de Crédito",6283.42,959.87,40800.0,371.0,"ATM, App, Branch, POS, Web",2,True,2.4,Tech Lover,Technology
C001029,Cliente 1029,Mass,Ambato,32,811.18,13,"Cuenta Corriente, Tarjeta de Crédito",6767.13,362.81,11000.0,665.0,"ATM, App, Branch, POS, Web",2,True,3.3,Tech Lover,Technology
C001030,Cliente 1030,Premium,Quito,35,1611.42,16,"Crédito de Consumo, Cuenta Corriente, Cuenta de Ahorros, Tarjeta de Crédito",89902.46,273.68,10400.0,357.0,"ATM, App, Branch, POS, Web",4,True,2.6,Lifestyle Lover,Others
C001031,Cliente 1031,Joven,Manta,22,611.7,13,"Crédito Hipotecario, Cuenta Corriente, Cuenta de Ahorros, Tarjeta de Crédito",204320.55,107.94,6000.0,1148.0,"ATM, App, Branch, Web",4,True,1.8,Entertainment & Streaming Lover,Streaming
C001032,Cliente 1032,Mass,Guayaquil,26,557.1,14,"Crédito Vehicular, Tarjeta de Crédito",13577.730000000001,360.09,11700.0,265.0,"ATM, App, Branch, POS, Web",2,True,3.1,Travel Lover,Travel
C001033,Cliente 1033,Joven,Quito,36,538.06,12,"Cuenta Corriente, Tarjeta de Crédito",8802.68,480.53999999999996,14000.0,202.0,"App, Branch, POS, Web",2,True,3.4,Entertainment & Streaming Lover,Entertainment
C001034,Cliente 1034,Mass,Quito,48,808.64,3,Crédito de Consumo,15219.27,0.0,0.0,576.0,"App, Branch",1,False,,Sin Perfil de Consumo,N/A
C001035,Cliente 1035,Mass,Quito,48,1002.62,18,"Crédito de Consumo, Cuenta Corriente, Cuenta de Ahorros, Tarjeta de Crédito",36140.23,618.1700000000001,26400.0,181.0,"ATM, App, Branch, POS, Web",4,True,2.3,Travel Lover,Travel
C001036,Cliente 1036,Mass,Desconocida,37,1059.35,1,Crédito de Consumo,0.0,0.0,0.0,829.0,App,1,False,,Sin Perfil de Consumo,N/A
C001037,Cliente 1037,Mass,Guayaquil,29,589.33,3,"Crédito de Consumo, Cuenta Corriente",11349.67,0.0,0.0,1921.0,"App, Web",2,True,,Sin Perfil de Consumo,N/A
C001038,Cliente 1038,Joven,Quito,32,350.0,16,"Crédito de Consumo, Cuenta de Ahorros, Tarjeta de Crédito",8230.460000000001,240.45,6500.0,840.0,"App, Branch, POS, Web",3,True,3.7,Food & Supermarket Lover,Food
C001039,Cliente 1039,Affluent,Loja,44,1631.74,11,"Crédito Vehicular, Cuenta de Ahorros, Tarjeta de Crédito",44521.090000000004,1402.13,26600.0,372.0,"ATM, App, Branch, POS",3,True,5.3,Entertainment & Streaming Lover,Entertainment
C001040,Cliente 1040,Joven,Ambato,63,731.18,16,"Crédito de Consumo, Cuenta Corriente, Tarjeta de Crédito",16793.1,549.34,24700.0,1021.0,"ATM, App, Branch, POS, Web",3,True,2.2,Travel Lover,Travel
C001041,Cliente 1041,Mass,Guayaquil,48,860.55,17,"Crédito de Consumo, Tarjeta de Crédito",22163.02,783.01,30800.0,1057.0,"App, Branch, POS, Web",2,True,2.5,Lifestyle Lover,Others
C001042,Cliente 1042,Mass,Loja,35,1302.18,1,Cuenta Corriente,3306.1,0.0,0.0,,Branch,1,False,,Sin Perfil de Consumo,N/A
C001043,Cliente 1043,Mass,Quito,45,2114.04,13,"Crédito de Consumo, Tarjeta de Crédito",23741.76,1070.84,42900.0,1223.0,"ATM, App, Branch, POS, Web",2,True,2.5,Entertainment & Streaming Lover,Entertainment
C001044,Cliente 1044,Premium,Guayaquil,68,3015.08,4,"Crédito Vehicular, Cuenta Corriente",52363.51000000001,0.0,0.0,1741.0,"App, Branch, Web",2,True,,Sin Perfil de Consumo,N/A
C001045,Cliente 1045,Joven,Guayaquil,23,1076.74,12,"Crédito de Consumo, Cuenta Corriente, Tarjeta de Crédito",16216.62,507.17,9800.0,913.0,"App, Branch, POS, Web",3,True,5.2,Food & Supermarket Lover,Food
C001046,Cliente 1046,Mass,Quito,21,666.86,12,"Cuenta de Ahorros, Tarjeta de Crédito",9124.710000000001,485.38,18000.0,979.0,"App, Branch, POS, Web",2,True,2.7,Entertainment & Streaming Lover,Entertainment
C001047,Cliente 1047,Mass,Guayaquil,40,1364.13,7,Tarjeta de Crédito,2148.9300000000003,439.88,10500.0,585.0,"App, Branch, POS",1,False,4.2,Food & Supermarket Lover,Food
C001048,Cliente 1048,Joven,Ambato,30,821.43,6,"Crédito de Consumo, Tarjeta de Crédito",3278.9,183.19,8000.0,720.0,"ATM, App, POS, Web",2,True,2.3,Entertainment & Streaming Lover,Streaming
C001049,Cliente 1049,PyME,Guayaquil,30,3689.3,1,Cuenta Corriente,281.16,0.0,0.0,,ATM,1,False,,Sin Perfil de Consumo,N/A
C001050,Cliente 1050,Mass,Quito,48,567.03,3,"Crédito Hipotecario, Cuenta de Ahorros",78077.56,0.0,0.0,655.0,"Branch, Web",2,True,,Sin Perfil de Consumo,N/A
C001051,Cliente 1051,PyME,Cuenca,18,5401.36,7,"Cuenta de Ahorros, Tarjeta de Crédito",49062.36,2255.38,43600.0,1273.0,"App, Branch, POS, Web",2,True,5.2,Lifestyle Lover,Others
C001052,Cliente 1052,Mass,Guayaquil,37,350.0,2,Crédito Vehicular,35091.76,0.0,0.0,1853.0,Branch,1,False,,Sin Perfil de Consumo,N/A
C001053,Cliente 1053,Premium,Guayaquil,18,3751.88,2,"Crédito Hipotecario, Cuenta Corriente",109210.97,0.0,0.0,1705.0,"ATM, Web",2,True,,Sin Perfil de Consumo,N/A
C001054,Cliente 1054,Mass,Cuenca,38,708.09,12,"Crédito Vehicular, Cuenta Corriente, Tarjeta de Crédito",17015.07,389.57,14000.0,637.0,"App, Branch, POS, Web",3,True,2.8,Education Lover,Education
C001055,Cliente 1055,Affluent,Quito,38,4891.41,17,"Cuenta de Ahorros, Tarjeta de Crédito",59297.91999999999,5217.57,75600.0,1282.0,"App, Branch, POS, Web",2,True,6.9,Travel Lover,Travel
C001056,Cliente 1056,Mass,Quito,53,887.52,6,"Cuenta de Ahorros, Tarjeta de Crédito",11590.46,197.23000000000002,7600.0,1021.0,"App, Branch, POS, Web",2,True,2.6,Travel Lover,Travel
C001057,Cliente 1057,Mass,Cuenca,50,620.43,7,"Cuenta de Ahorros, Tarjeta de Crédito",5271.25,207.7,10800.0,231.0,"App, Branch, POS",2,True,1.9,Tech Lover,Technology
C001058,Cliente 1058,Premium,Ambato,46,4483.93,11,"Crédito Hipotecario, Crédito de Consumo, Tarjeta de Crédito",237301.45,1706.55,79800.0,1181.0,"ATM, App, Branch, POS, Web",3,True,2.1,Food & Supermarket Lover,Food
C001059,Cliente 1059,Premium,Guayaquil,18,2279.53,9,Tarjeta de Crédito,8360.279999999999,1448.6,50400.0,668.0,"App, Branch, POS, Web",1,False,2.9,Food & Supermarket Lover,Food
C001060,Cliente 1060,Affluent,Quito,45,1601.47,17,"Crédito Hipotecario, Crédito Vehicular, Cuenta de Ahorros, Tarjeta de Crédito",168164.75,1170.78,34800.0,684.0,"App, Branch, POS, Web",4,True,3.4,Food & Supermarket Lover,Supermarket
C001061,Cliente 1061,Joven,Quito,37,630.07,1,Crédito Vehicular,18271.55,0.0,0.0,1969.0,Branch,1,False,,Sin Perfil de Consumo,N/A
C001062,Cliente 1062,Mass,Quito,59,1040.99,14,"Crédito Hipotecario, Cuenta de Ahorros, Tarjeta de Crédito",176810.31,649.88,19200.0,171.0,"ATM, App, Branch, POS, Web",3,True,3.4,Lifestyle Lover,Others
C001063,Cliente 1063,Premium,Quito,34,5404.28,13,"Crédito Hipotecario, Cuenta Corriente, Tarjeta de Crédito",104816.08,3027.0299999999997,133100.0,874.0,"ATM, App, Branch, POS",3,True,2.3,Food & Supermarket Lover,Supermarket
C001064,Cliente 1064,Affluent,Guayaquil,63,2076.59,10,"Cuenta Corriente, Tarjeta de Crédito",18939.68,1173.16,17600.0,1399.0,"ATM, POS, Web",2,True,6.7,Education Lover,Education
C001065,Cliente 1065,Affluent,Quito,46,2819.34,1,Cuenta de Ahorros,14567.04,0.0,0.0,,Branch,1,False,,Sin Perfil de Consumo,N/A
C001066,Cliente 1066,Affluent,Cuenca,36,1272.62,5,"Cuenta de Ahorros, Tarjeta de Crédito",5971.91,405.49,5600.0,1049.0,"App, POS, Web",2,True,7.2,Food & Supermarket Lover,Supermarket
C001067,Cliente 1067,Mass,Quito,44,879.14,2,Crédito de Consumo,4155.16,0.0,0.0,1978.0,"App, Branch",1,False,,Sin Perfil de Consumo,N/A
C001068,Cliente 1068,Mass,Manta,45,997.97,4,Cuenta de Ahorros,9966.92,0.0,0.0,,"App, Branch, Web",1,False,,Sin Perfil de Consumo,N/A
C001069,Cliente 1069,Premium,Cuenca,38,5736.83,5,"Crédito de Consumo, Cuenta de Ahorros",114111.05,0.0,0.0,914.0,"ATM, Branch",2,True,,Sin Perfil de Consumo,N/A
C001070,Cliente 1070,Affluent,Quito,56,1492.52,5,"Cuenta Corriente, Cuenta de Ahorros",25988.66,0.0,0.0,,"ATM, App, Branch",2,True,,Sin Perfil de Consumo,N/A
C001071,Cliente 1071,Joven,Quito,40,374.33,18,"Crédito Vehicular, Cuenta de Ahorros, Tarjeta de Crédito",45332.04,256.62,7000.0,141.0,"ATM, App, Branch, POS, Web",3,True,3.7,Travel Lover,Travel
C001072,Cliente 1072,Joven,Cuenca,28,707.61,2,"Crédito Vehicular, Crédito de Consumo",23877.93,0.0,0.0,1047.0,"App, Branch",2,True,,Sin Perfil de Consumo,N/A
C001073,Cliente 1073,PyME,Guayaquil,37,3030.13,12,"Crédito de Consumo, Tarjeta de Crédito",71972.04000000001,2689.59,88000.0,534.0,"App, Branch, POS, Web",2,True,3.1,Food & Supermarket Lover,Supermarket
C001074,Cliente 1074,Affluent,Cuenca,30,3684.82,6,"Crédito de Consumo, Tarjeta de Crédito",38873.88,597.3,34400.0,22.0,"App, Branch, POS, Web",2,True,1.7,Food & Supermarket Lover,Supermarket
C001075,Cliente 1075,Mass,Quito,43,712.56,7,"Crédito Vehicular, Tarjeta de Crédito",22424.43,332.89000000000004,4500.0,32.0,"App, Branch, Web",2,True,7.4,Food & Supermarket Lover,Supermarket
C001076,Cliente 1076,Mass,Quito,44,462.46,3,Cuenta Corriente,2815.98,0.0,0.0,,"ATM, App, Branch",1,False,,Sin Perfil de Consumo,N/A
C001077,Cliente 1077,Mass,Guayaquil,36,1269.28,3,"Crédito Hipotecario, Cuenta Corriente",117511.15000000001,0.0,0.0,982.0,"App, Branch, Web",2,True,,Sin Perfil de Consumo,N/A
C001078,Cliente 1078,Joven,Guayaquil,26,713.35,14,"Cuenta de Ahorros, Tarjeta de Crédito",7821.7699999999995,655.56,20900.0,381.0,"App, Branch, POS, Web",2,True,3.1,Entertainment & Streaming Lover,Entertainment
C001079,Cliente 1079,Affluent,Guayaquil,42,2800.18,18,"Crédito Hipotecario, Cuenta de Ahorros, Tarjeta de Crédito",127100.56,3146.15,98000.0,1360.0,"ATM, App, Branch, POS, Web",3,True,3.2,Entertainment & Streaming Lover,Streaming
C001080,Cliente 1080,Mass,Guayaquil,52,697.65,9,Tarjeta de Crédito,5333.22,572.19,9900.0,130.0,"App, Branch, POS, Web",1,False,5.8,Entertainment & Streaming Lover,Streaming
C001081,Cliente 1081,Affluent,Ambato,32,1963.7,16,"Crédito de Consumo, Cuenta Corriente, Tarjeta de Crédito",35872.01,1478.46,42900.0,1325.0,"ATM, App, Branch, POS, Web",3,True,3.4,Travel Lover,Travel
C001082,Cliente 1082,Mass,Guayaquil,56,782.8,10,"Cuenta de Ahorros, Tarjeta de Crédito",7849.01,410.75,18900.0,211.0,"App, POS, Web",2,True,2.2,Food & Supermarket Lover,Food
C001083,Cliente 1083,Mass,Cuenca,45,597.45,12,"Cuenta de Ahorros, Tarjeta de Crédito",5260.43,519.66,18700.0,1422.0,"App, Branch, POS, Web",2,True,2.8,Food & Supermarket Lover,Food
C001084,Cliente 1084,Mass,Desconocida,27,638.66,14,"Crédito Hipotecario, Tarjeta de Crédito",176038.46,535.89,12100.0,939.0,"ATM, App, Branch, POS, Web",2,True,4.4,Food & Supermarket Lover,Supermarket
C001085,Cliente 1085,Mass,Guayaquil,45,1109.37,15,"Crédito Vehicular, Cuenta Corriente, Tarjeta de Crédito",79792.14,320.74,19800.0,1029.0,"ATM, App, Branch, POS, Web",3,True,1.6,Travel Lover,Travel
C001086,Cliente 1086,Mass,Loja,28,884.87,7,"Crédito Hipotecario, Tarjeta de Crédito",65056.57,124.49000000000001,10000.0,146.0,"App, Branch, POS, Web",2,True,1.2,Entertainment & Streaming Lover,Entertainment
C001087,Cliente 1087,Joven,Quito,67,415.51,17,"Cuenta Corriente, Cuenta de Ahorros, Tarjeta de Crédito",4691.85,304.89,15600.0,402.0,"ATM, App, Branch, POS, Web",3,True,2.0,Food & Supermarket Lover,Food
C001088,Cliente 1088,Mass,Quito,18,1388.66,10,"Crédito Hipotecario, Cuenta de Ahorros, Tarjeta de Crédito",177981.2,525.49,5600.0,416.0,"ATM, App, Branch, POS, Web",3,True,9.4,Food & Supermarket Lover,Food
C001089,Cliente 1089,Mass,Quito,36,958.9,16,"Crédito Vehicular, Cuenta de Ahorros, Tarjeta de Crédito",26630.7,923.56,19200.0,961.0,"App, Branch, POS, Web",3,True,4.8,Food & Supermarket Lover,Food
C001090,Cliente 1090,Joven,Guayaquil,35,1149.37,10,"Crédito Hipotecario, Crédito Vehicular, Tarjeta de Crédito",93504.77,346.01,16800.0,272.0,"ATM, App, Branch, POS, Web",3,True,2.1,Food & Supermarket Lover,Food
C001091,Cliente 1091,Affluent,Guayaquil,52,1703.75,4,"Crédito Hipotecario, Crédito Vehicular, Crédito de Consumo",265364.02,0.0,0.0,92.0,"App, Branch, Web",3,True,,Sin Perfil de Consumo,N/A
C001092,Cliente 1092,Affluent,Guayaquil,42,1905.63,20,"Crédito Hipotecario, Cuenta Corriente, Cuenta de Ahorros, Tarjeta de Crédito",155737.94999999998,1545.24,27500.0,790.0,"ATM, App, Branch, POS, Web",4,True,5.6,Entertainment & Streaming Lover,Entertainment
C001093,Cliente 1093,Affluent,Guayaquil,41,3445.57,11,Tarjeta de Crédito,12192.730000000001,2859.18,86900.0,1225.0,"ATM, App, Branch, POS, Web",1,False,3.3,Lifestyle Lover,Fuel
C001094,Cliente 1094,Affluent,Manta,35,1675.57,11,"Crédito de Consumo, Cuenta de Ahorros, Tarjeta de Crédito",25273.36,1299.71,32800.0,60.0,"App, Branch, POS, Web",3,True,4.0,Education Lover,Education
C001095,Cliente 1095,Affluent,Manta,52,1273.91,21,"Crédito Hipotecario, Cuenta Corriente, Tarjeta de Crédito",303510.26,917.41,51800.0,681.0,"ATM, App, Branch, POS, Web",3,True,1.8,Food & Supermarket Lover,Food
C001096,Cliente 1096,Mass,Cuenca,29,645.91,3,Cuenta Corriente,4597.29,0.0,0.0,,"App, Branch",1,False,,Sin Perfil de Consumo,N/A
C001097,Cliente 1097,Mass,Cuenca,32,965.01,9,"Crédito Hipotecario, Tarjeta de Crédito",213188.53,445.27,16800.0,455.0,"ATM, App, Branch, POS, Web",2,True,2.7,Health & Wellness Lover,Health
C001098,Cliente 1098,Affluent,Manta,18,1566.84,12,"Crédito Vehicular, Crédito de Consumo, Tarjeta de Crédito",63908.380000000005,895.11,36800.0,645.0,"ATM, App, Branch, POS, Web",3,True,2.4,Food & Supermarket Lover,Supermarket
C001099,Cliente 1099,Mass,Quito,69,1002.65,7,"Cuenta Corriente, Tarjeta de Crédito",13875.79,354.61,12000.0,1222.0,"App, POS, Web",2,True,3.0,Entertainment & Streaming Lover,Streaming
C001100,Cliente 1100,Mass,Quito,29,871.55,10,"Crédito de Consumo, Cuenta de Ahorros, Tarjeta de Crédito",10116.2,171.99,11000.0,1092.0,"ATM, App, Branch, POS, Web",3,True,1.6,Entertainment & Streaming Lover,Streaming
C001101,Cliente 1101,Affluent,Ambato,27,2491.34,15,"Crédito Hipotecario, Crédito Vehicular, Cuenta Corriente, Tarjeta de Crédito",186710.85,1002.11,45900.0,584.0,"ATM, App, Branch, POS, Web",4,True,2.2,Food & Supermarket Lover,Supermarket
C001102,Cliente 1102,Premium,Manta,41,4931.14,11,"Crédito Vehicular, Crédito de Consumo, Cuenta de Ahorros, Tarjeta de Crédito",144659.29,4347.15,72600.0,193.0,"App, Branch, POS, Web",4,True,6.0,Education Lover,Education
C001103,Cliente 1103,Mass,Guayaquil,58,504.33,14,"Crédito Hipotecario, Cuenta de Ahorros, Tarjeta de Crédito",371376.45999999996,263.82,4000.0,664.0,"App, Branch, POS, Web",3,True,6.6,Lifestyle Lover,Fuel
C001104,Cliente 1104,Mass,Guayaquil,29,921.9,5,"Crédito Hipotecario, Crédito Vehicular",127781.29,0.0,0.0,1002.0,"ATM, App, Branch",2,True,,Sin Perfil de Consumo,N/A
C001105,Cliente 1105,Mass,Quito,56,422.26,14,"Cuenta de Ahorros, Tarjeta de Crédito",3891.54,594.59,10400.0,1054.0,"App, Branch, POS, Web",2,True,5.7,Tech Lover,Technology
C001106,Cliente 1106,Mass,Manta,52,584.23,13,"Crédito Hipotecario, Crédito de Consumo, Tarjeta de Crédito",190676.49,287.03,15300.0,730.0,"ATM, App, Branch, POS, Web",3,True,1.9,Education Lover,Education
C001107,Cliente 1107,Premium,Manta,68,4519.24,7,"Crédito Vehicular, Tarjeta de Crédito",44115.66,483.42,60500.0,978.0,"App, Branch, POS, Web",2,True,0.8,Entertainment & Streaming Lover,Streaming
C001108,Cliente 1108,Mass,Manta,34,1034.26,4,"Crédito Hipotecario, Cuenta Corriente",178933.18,0.0,0.0,389.0,"App, Branch, POS",2,True,,Sin Perfil de Consumo,N/A
C001109,Cliente 1109,Joven,Guayaquil,42,444.49,16,"Crédito de Consumo, Tarjeta de Crédito",12384.02,583.46,12600.0,121.0,"ATM, App, Branch, POS, Web",2,True,4.6,Food & Supermarket Lover,Supermarket
C001110,Cliente 1110,Mass,Guayaquil,33,1013.03,15,"Cuenta Corriente, Tarjeta de Crédito",13254.33,995.6,19600.0,1353.0,"App, Branch, POS, Web",2,True,5.1,Food & Supermarket Lover,Supermarket
C001111,Cliente 1111,Mass,Manta,39,1223.14,1,Crédito Hipotecario,91104.68,0.0,0.0,37.0,Branch,1,False,,Sin Perfil de Consumo,N/A
C001112,Cliente 1112,Mass,Guayaquil,19,2833.59,10,"Crédito Hipotecario, Crédito Vehicular, Tarjeta de Crédito",134723.16999999998,1142.26,31200.0,79.0,"ATM, App, Branch, POS",3,True,3.7,Tech Lover,Technology
C001113,Cliente 1113,Premium,Quito,55,4170.39,12,"Crédito de Consumo, Tarjeta de Crédito",124297.64,3179.55,124000.0,21.0,"App, Branch, POS, Web",2,True,2.6,Food & Supermarket Lover,Food
C001114,Cliente 1114,Mass,Ambato,53,905.95,12,"Cuenta de Ahorros, Tarjeta de Crédito",16655.79,344.46999999999997,14400.0,1440.0,"ATM, App, POS, Web",2,True,2.4,Food & Supermarket Lover,Supermarket
C001115,Cliente 1115,Joven,Guayaquil,28,763.56,19,"Crédito Hipotecario, Crédito de Consumo, Cuenta Corriente, Tarjeta de Crédito",125118.29000000001,705.68,19600.0,33.0,"App, Branch, POS, Web",4,True,3.6,Food & Supermarket Lover,Food
C001116,Cliente 1116,Mass,Cuenca,50,1240.42,15,"Crédito Vehicular, Crédito de Consumo, Tarjeta de Crédito",42467.14,746.01,14000.0,1424.0,"ATM, App, Branch, POS, Web",3,True,5.3,Tech Lover,Technology
C001117,Cliente 1117,Premium,Cuenca,29,4267.35,12,"Crédito de Consumo, Cuenta Corriente, Cuenta de Ahorros, Tarjeta de Crédito",110787.8,1298.89,41000.0,212.0,"ATM, App, Branch, POS, Web",4,True,3.2,Food & Supermarket Lover,Food
C001118,Cliente 1118,Mass,Manta,32,634.16,14,"Crédito Hipotecario, Crédito de Consumo, Tarjeta de Crédito",234312.22,486.90000000000003,10000.0,17.0,"App, Branch, POS, Web",3,True,4.9,Food & Supermarket Lover,Food
C001119,Cliente 1119,Mass,Quito,40,481.02,16,"Crédito de Consumo, Cuenta de Ahorros, Tarjeta de Crédito",16256.63,308.33,9600.0,626.0,"ATM, App, Branch, POS, Web",3,True,3.2,Lifestyle Lover,Fuel
C001120,Cliente 1120,Mass,Cuenca,38,880.62,12,"Crédito Hipotecario, Tarjeta de Crédito",112753.84000000001,487.87,17600.0,910.0,"App, Branch, POS, Web",2,True,2.8,Education Lover,Education
C001121,Cliente 1121,Mass,Quito,32,1212.64,17,"Cuenta Corriente, Tarjeta de Crédito",9973.88,1372.07,39000.0,148.0,"ATM, App, POS, Web",2,True,3.5,Travel Lover,Travel
C001122,Cliente 1122,Affluent,Quito,21,2472.84,17,"Crédito Hipotecario, Crédito Vehicular, Cuenta de Ahorros, Tarjeta de Crédito",127332.23,1524.93,58500.0,204.0,"ATM, App, Branch, POS, Web",4,True,2.6,Tech Lover,Technology
C001123,Cliente 1123,Mass,Guayaquil,32,1061.47,15,"Crédito Vehicular, Tarjeta de Crédito",12339.86,992.83,22100.0,222.0,"App, Branch, POS",2,True,4.5,Health & Wellness Lover,Health
C001124,Cliente 1124,Affluent,Quito,52,3971.07,12,"Crédito Vehicular, Tarjeta de Crédito",68275.71,1740.07,43200.0,590.0,"ATM, App, Branch, POS",2,True,4.0,Entertainment & Streaming Lover,Streaming
C001125,Cliente 1125,Premium,Manta,45,3639.06,5,"Crédito Hipotecario, Crédito Vehicular, Crédito de Consumo",124176.92,0.0,0.0,89.0,"App, Branch, Web",3,True,,Sin Perfil de Consumo,N/A
C001126,Cliente 1126,Mass,Manta,18,761.56,10,"Cuenta de Ahorros, Tarjeta de Crédito",10125.44,499.72,17100.0,520.0,"App, Branch, POS, Web",2,True,2.9,Food & Supermarket Lover,Supermarket
C001127,Cliente 1127,Affluent,Quito,49,2181.69,9,"Crédito Hipotecario, Crédito Vehicular, Cuenta de Ahorros, Tarjeta de Crédito",105279.34,317.07,22400.0,31.0,"ATM, App, Branch, POS, Web",4,True,1.4,Food & Supermarket Lover,Supermarket
C001128,Cliente 1128,Mass,Guayaquil,18,1315.61,5,"Crédito Hipotecario, Cuenta de Ahorros",57256.15,0.0,0.0,847.0,"Branch, Web",2,True,,Sin Perfil de Consumo,N/A
C001129,Cliente 1129,Joven,Cuenca,22,1008.03,10,"Crédito Hipotecario, Tarjeta de Crédito",54228.5,576.63,26100.0,22.0,"App, Branch, POS, Web",2,True,2.2,Entertainment & Streaming Lover,Entertainment
C001130,Cliente 1130,Mass,Guayaquil,18,488.53,9,Tarjeta de Crédito,1532.7,175.36,7200.0,394.0,"App, Branch, POS, Web",1,False,2.4,Tech Lover,Technology
C001131,Cliente 1131,Mass,Quito,18,1083.82,18,"Crédito de Consumo, Cuenta de Ahorros, Tarjeta de Crédito",33888.67,829.05,19800.0,139.0,"ATM, App, Branch, POS, Web",3,True,4.2,Tech Lover,Technology
C001132,Cliente 1132,Joven,Quito,23,634.96,16,"Crédito Hipotecario, Tarjeta de Crédito",120564.7,402.29,23800.0,230.0,"App, Branch, POS, Web",2,True,1.7,Food & Supermarket Lover,Supermarket
C001133,Cliente 1133,Mass,Guayaquil,24,1164.4,4,Tarjeta de Crédito,2779.44,397.08,6400.0,74.0,"POS, Web",1,False,6.2,Entertainment & Streaming Lover,Streaming
C001134,Cliente 1134,Mass,Manta,34,1105.86,14,"Crédito de Consumo, Tarjeta de Crédito",14061.900000000001,844.03,27300.0,403.0,"App, Branch, POS, Web",2,True,3.1,Food & Supermarket Lover,Food
C001135,Cliente 1135,Premium,Ambato,35,2048.43,23,"Crédito Hipotecario, Crédito Vehicular, Cuenta Corriente, Tarjeta de Crédito",137907.64,1497.52,68600.0,234.0,"ATM, App, Branch, POS, Web",4,True,2.2,Food & Supermarket Lover,Food
C001136,Cliente 1136,Mass,Manta,18,874.63,16,"Crédito Vehicular, Crédito de Consumo, Tarjeta de Crédito",68439.92,435.7,14300.0,253.0,"App, Branch, POS, Web",3,True,3.0,Travel Lover,Travel
C001137,Cliente 1137,Mass,Quito,38,948.21,6,"Crédito Hipotecario, Tarjeta de Crédito",111547.34999999999,160.75,10400.0,598.0,"App, Branch, POS, Web",2,True,1.5,Food & Supermarket Lover,Supermarket
C001138,Cliente 1138,Mass,Quito,25,1244.71,10,"Cuenta Corriente, Tarjeta de Crédito",11953.78,547.5799999999999,19800.0,711.0,"ATM, App, Branch, POS, Web",2,True,2.8,Entertainment & Streaming Lover,Entertainment
C001139,Cliente 1139,Affluent,Quito,31,2469.76,16,"Crédito Hipotecario, Crédito de Consumo, Cuenta Corriente, Tarjeta de Crédito",321956.51,1875.71,28800.0,157.0,"App, Branch, POS, Web",4,True,6.5,Food & Supermarket Lover,Food
C001140,Cliente 1140,Joven,Guayaquil,31,651.6,10,"Crédito Vehicular, Tarjeta de Crédito",19682.57,331.08,15300.0,481.0,"ATM, App, POS, Web",2,True,2.2,Health & Wellness Lover,Health
C001141,Cliente 1141,Joven,Guayaquil,48,1153.68,10,"Crédito Hipotecario, Tarjeta de Crédito",362282.91000000003,293.23,23100.0,648.0,"App, Branch, POS, Web",2,True,1.3,Food & Supermarket Lover,Supermarket
C001142,Cliente 1142,Mass,Guayaquil,35,917.62,4,"Crédito Vehicular, Cuenta Corriente",36773.64,0.0,0.0,1114.0,"App, Branch, Web",2,True,,Sin Perfil de Consumo,N/A
C001143,Cliente 1143,Premium,Guayaquil,20,7075.0,18,"Crédito Hipotecario, Crédito Vehicular, Crédito de Consumo, Tarjeta de Crédito",482920.17000000004,5394.02,203000.0,493.0,"ATM, App, Branch, POS, Web",4,True,2.7,Food & Supermarket Lover,Food
C001144,Cliente 1144,Mass,Guayaquil,46,846.56,15,"Crédito Hipotecario, Tarjeta de Crédito",181676.1,653.4599999999999,22800.0,1417.0,"App, POS, Web",2,True,2.9,Health & Wellness Lover,Health
C001145,Cliente 1145,Mass,Loja,44,440.43,6,Tarjeta de Crédito,1343.04,79.28999999999999,3000.0,405.0,"Branch, POS, Web",1,False,2.6,Health & Wellness Lover,Health
C001146,Cliente 1146,Mass,Cuenca,18,1348.39,1,Cuenta Corriente,2384.26,0.0,0.0,,Web,1,False,,Sin Perfil de Consumo,N/A
C001147,Cliente 1147,Premium,Ambato,28,2769.68,10,"Crédito Vehicular, Crédito de Consumo, Cuenta Corriente, Tarjeta de Crédito",86479.76,993.13,16000.0,882.0,"ATM, App, Branch, POS",4,True,6.2,Travel Lover,Travel
C001148,Cliente 1148,Mass,Quito,43,434.22,6,"Crédito Hipotecario, Cuenta de Ahorros",54712.939999999995,0.0,0.0,779.0,"App, Branch, Web",2,True,,Sin Perfil de Consumo,N/A
C001149,Cliente 1149,Affluent,Guayaquil,26,2352.69,10,"Crédito Hipotecario, Crédito Vehicular, Tarjeta de Crédito",170692.59,670.13,36600.0,160.0,"ATM, Branch, POS, Web",3,True,1.8,Entertainment & Streaming Lover,Streaming
C001150,Cliente 1150,Mass,Ambato,22,1170.43,14,"Cuenta de Ahorros, Tarjeta de Crédito",12930.76,736.04,34800.0,1017.0,"ATM, App, Branch, POS, Web",2,True,2.1,Tech Lover,Technology
C001151,Cliente 1151,Mass,Quito,31,1033.24,1,Cuenta Corriente,3346.54,0.0,0.0,,Web,1,False,,Sin Perfil de Consumo,N/A
C001152,Cliente 1152,Mass,Manta,29,691.7,18,"Cuenta Corriente, Cuenta de Ahorros, Tarjeta de Crédito",8419.53,895.91,25200.0,1347.0,"App, Branch, POS, Web",3,True,3.6,Travel Lover,Travel
C001153,Cliente 1153,Premium,Loja,30,6713.74,15,"Crédito de Consumo, Cuenta de Ahorros, Tarjeta de Crédito",50930.69,3953.19,96800.0,604.0,"ATM, App, Branch, POS, Web",3,True,4.1,Food & Supermarket Lover,Food
C001154,Cliente 1154,Affluent,Ambato,38,2395.4,20,"Crédito Hipotecario, Cuenta Corriente, Tarjeta de Crédito",66365.45,1668.77,70500.0,426.0,"App, Branch, POS, Web",3,True,2.4,Tech Lover,Technology
C001155,Cliente 1155,Mass,Guayaquil,37,754.58,17,"Crédito Hipotecario, Crédito Vehicular, Cuenta de Ahorros, Tarjeta de Crédito",106465.44,711.58,14400.0,296.0,"ATM, App, Branch, POS, Web",4,True,4.9,Tech Lover,Technology
C001156,Cliente 1156,Affluent,Cuenca,22,2024.98,15,"Cuenta de Ahorros, Tarjeta de Crédito",44913.17999999999,1560.72,50400.0,1106.0,"App, Branch, POS, Web",2,True,3.1,Food & Supermarket Lover,Supermarket
C001157,Cliente 1157,PyME,Quito,37,2185.15,9,"Cuenta Corriente, Tarjeta de Crédito",3957.6,983.91,44000.0,971.0,"ATM, App, POS, Web",2,True,2.2,Entertainment & Streaming Lover,Streaming
C001158,Cliente 1158,Mass,Quito,58,867.75,11,"Crédito Hipotecario, Tarjeta de Crédito",125493.75,560.01,21000.0,1223.0,"ATM, App, Branch, POS, Web",2,True,2.7,Food & Supermarket Lover,Supermarket
C001159,Cliente 1159,Affluent,Manta,27,1454.5,10,"Crédito Hipotecario, Cuenta de Ahorros, Tarjeta de Crédito",97154.0,627.89,20800.0,204.0,"App, POS, Web",3,True,3.0,Entertainment & Streaming Lover,Entertainment
C001160,Cliente 1160,Mass,Manta,46,1187.6,4,"Crédito de Consumo, Cuenta Corriente",17774.84,0.0,0.0,485.0,"App, Branch, Web",2,True,,Sin Perfil de Consumo,N/A
C001161,Cliente 1161,Mass,Guayaquil,28,979.2,2,Crédito Vehicular,52814.3,0.0,0.0,848.0,App,1,False,,Sin Perfil de Consumo,N/A
C001162,Cliente 1162,Mass,Quito,39,539.46,14,"Cuenta Corriente, Tarjeta de Crédito",9176.02,420.97,16900.0,983.0,"ATM, App, POS, Web",2,True,2.5,Health & Wellness Lover,Health
C001163,Cliente 1163,Mass,Cuenca,38,1038.05,10,"Cuenta Corriente, Tarjeta de Crédito",10992.0,929.6700000000001,16800.0,454.0,"App, POS, Web",2,True,5.5,Travel Lover,Travel
C001164,Cliente 1164,Mass,Loja,47,614.4,6,"Crédito de Consumo, Cuenta de Ahorros",9900.75,0.0,0.0,875.0,"ATM, App, Branch, Web",2,True,,Sin Perfil de Consumo,N/A
C001165,Cliente 1165,Mass,Guayaquil,43,749.12,6,Tarjeta de Crédito,4916.82,494.94000000000005,12600.0,316.0,"ATM, App, POS, Web",1,False,3.9,Health & Wellness Lover,Health
C001166,Cliente 1166,Affluent,Guayaquil,36,2741.29,13,Tarjeta de Crédito,26311.09,1618.95,79300.0,1360.0,"App, Branch, POS, Web",1,False,2.0,Tech Lover,Technology
C001167,Cliente 1167,Mass,Quito,46,1208.97,3,Crédito Hipotecario,289721.07,0.0,0.0,1714.0,"App, Branch",1,False,,Sin Perfil de Consumo,N/A
C001168,Cliente 1168,Affluent,Quito,38,2359.49,13,"Crédito Hipotecario, Cuenta de Ahorros, Tarjeta de Crédito",89603.73,1970.17,48000.0,1042.0,"App, POS, Web",3,True,4.1,Entertainment & Streaming Lover,Streaming
C001169,Cliente 1169,Premium,Guayaquil,31,3846.12,18,"Crédito Vehicular, Crédito de Consumo, Tarjeta de Crédito",144194.04,2992.71,149500.0,741.0,"App, Branch, POS, Web",3,True,2.0,Travel Lover,Travel
C001170,Cliente 1170,Affluent,Loja,46,1729.21,22,"Crédito Vehicular, Cuenta Corriente, Cuenta de Ahorros, Tarjeta de Crédito",139288.71,1349.99,46200.0,172.0,"ATM, App, Branch, POS, Web",4,True,2.9,Lifestyle Lover,Fuel
C001171,Cliente 1171,Mass,Quito,47,1098.76,17,"Crédito de Consumo, Tarjeta de Crédito",25644.34,957.59,16800.0,183.0,"ATM, App, Branch, POS, Web",2,True,5.7,Food & Supermarket Lover,Food
C001172,Cliente 1172,Affluent,Guayaquil,33,1529.34,17,"Crédito Vehicular, Cuenta Corriente, Tarjeta de Crédito",83228.62,694.65,22800.0,75.0,"ATM, App, Branch, POS, Web",3,True,3.0,Travel Lover,Travel
C001173,Cliente 1173,Mass,Quito,34,989.23,10,"Cuenta de Ahorros, Tarjeta de Crédito",7425.299999999999,902.93,10400.0,1285.0,"Branch, POS, Web",2,True,8.7,Entertainment & Streaming Lover,Entertainment
C001174,Cliente 1174,Mass,Guayaquil,42,729.85,15,"Cuenta Corriente, Tarjeta de Crédito",9283.28,492.65,22100.0,794.0,"App, Branch, POS, Web",2,True,2.2,Tech Lover,Technology
C001175,Cliente 1175,Premium,Guayaquil,35,3976.34,7,"Crédito Hipotecario, Tarjeta de Crédito",194337.08000000002,693.58,19600.0,660.0,"App, Branch, POS, Web",2,True,3.5,Travel Lover,Travel
C001176,Cliente 1176,Mass,Guayaquil,38,655.73,16,"Crédito Vehicular, Tarjeta de Crédito",42522.86,582.8,25200.0,24.0,"App, Branch, POS, Web",2,True,2.3,Entertainment & Streaming Lover,Streaming
C001177,Cliente 1177,Affluent,Guayaquil,18,2705.5,17,"Cuenta de Ahorros, Tarjeta de Crédito",32211.76,1774.95,61100.0,400.0,"App, Branch, POS, Web",2,True,2.9,Entertainment & Streaming Lover,Streaming
C001178,Cliente 1178,Affluent,Guayaquil,43,2966.11,14,"Crédito Hipotecario, Tarjeta de Crédito",317117.9,2289.12,44000.0,1406.0,"App, Branch, POS, Web",2,True,5.2,Food & Supermarket Lover,Supermarket
C001179,Cliente 1179,Mass,Guayaquil,28,1007.4,7,"Cuenta de Ahorros, Tarjeta de Crédito",10764.9,391.43,18000.0,1048.0,"App, Branch, POS, Web",2,True,2.2,Travel Lover,Travel
C001180,Cliente 1180,PyME,Quito,37,1985.3,18,"Cuenta Corriente, Tarjeta de Crédito",63077.16,1758.27,50400.0,1062.0,"ATM, App, Branch, POS, Web",2,True,3.5,Food & Supermarket Lover,Food
C001181,Cliente 1181,Mass,Quito,34,589.76,17,"Crédito Hipotecario, Crédito de Consumo, Tarjeta de Crédito",263500.01,305.41999999999996,15600.0,62.0,"App, Branch, POS, Web",3,True,2.0,Tech Lover,Technology
C001182,Cliente 1182,Premium,Guayaquil,32,4665.85,9,"Crédito Hipotecario, Tarjeta de Crédito",465093.81000000006,2357.9700000000003,67200.0,663.0,"App, Branch, POS, Web",2,True,3.5,Lifestyle Lover,Fuel
C001183,Cliente 1183,Mass,Guayaquil,18,669.61,4,"Crédito Hipotecario, Crédito de Consumo",184099.28,0.0,0.0,292.0,"ATM, Branch, POS",2,True,,Sin Perfil de Consumo,N/A
C001184,Cliente 1184,Mass,Guayaquil,26,1088.49,1,Crédito de Consumo,7579.07,0.0,0.0,561.0,Branch,1,False,,Sin Perfil de Consumo,N/A
C001185,Cliente 1185,Joven,Quito,34,602.55,12,Tarjeta de Crédito,7944.719999999999,519.96,13200.0,632.0,"App, Branch, POS",1,False,3.9,Education Lover,Education
C001186,Cliente 1186,Joven,Cuenca,36,1276.71,8,"Cuenta Corriente, Tarjeta de Crédito",17832.120000000003,450.42999999999995,11200.0,652.0,"ATM, App, Branch, POS, Web",2,True,4.0,Entertainment & Streaming Lover,Streaming
C001187,Cliente 1187,Affluent,Cuenca,19,1927.48,8,"Cuenta de Ahorros, Tarjeta de Crédito",26729.1,539.61,29400.0,1096.0,"App, Branch, POS, Web",2,True,1.8,Travel Lover,Travel
C001188,Cliente 1188,PyME,Guayaquil,36,3212.29,4,"Crédito Hipotecario, Crédito Vehicular",170995.94,0.0,0.0,1407.0,"App, Branch",2,True,,Sin Perfil de Consumo,N/A
C001189,Cliente 1189,Mass,Guayaquil,30,837.04,12,"Crédito Vehicular, Crédito de Consumo, Cuenta de Ahorros, Tarjeta de Crédito",31885.88,298.14000000000004,10000.0,106.0,"App, Branch, POS, Web",4,True,3.0,Food & Supermarket Lover,Supermarket
C001190,Cliente 1190,Premium,Guayaquil,49,4134.83,9,"Crédito Vehicular, Crédito de Consumo, Cuenta Corriente, Tarjeta de Crédito",79253.12999999999,2494.7,48400.0,638.0,"App, Branch, POS, Web",4,True,5.2,Tech Lover,Technology
C001191,Cliente 1191,Mass,Cuenca,40,1255.23,11,"Crédito de Consumo, Tarjeta de Crédito",11597.119999999999,511.35999999999996,20000.0,454.0,"ATM, Branch, POS, Web",2,True,2.6,Health & Wellness Lover,Health
C001192,Cliente 1192,Joven,Quito,54,741.22,13,Tarjeta de Crédito,3615.4300000000003,466.0,13000.0,1469.0,"App, Branch, POS, Web",1,False,3.6,Education Lover,Education
C001193,Cliente 1193,Premium,Cuenca,25,6049.38,17,"Crédito de Consumo, Cuenta Corriente, Cuenta de Ahorros, Tarjeta de Crédito",322301.71,5128.44,160000.0,25.0,"ATM, App, Branch, POS, Web",4,True,3.2,Food & Supermarket Lover,Food
C001194,Cliente 1194,Affluent,Quito,35,2391.27,14,"Crédito Vehicular, Cuenta Corriente, Cuenta de Ahorros, Tarjeta de Crédito",53085.51,1065.53,42700.0,14.0,"App, Branch, POS, Web",4,True,2.5,Travel Lover,Travel
C001195,Cliente 1195,Premium,Guayaquil,68,3235.69,16,"Crédito Vehicular, Crédito de Consumo, Tarjeta de Crédito",84041.68,1944.37,54000.0,102.0,"App, Branch, POS, Web",3,True,3.6,Travel Lover,Travel
C001196,Cliente 1196,Mass,Desconocida,65,1005.52,11,"Crédito Hipotecario, Crédito de Consumo, Tarjeta de Crédito",281930.02,315.5,15000.0,616.0,"App, Branch, POS, Web",3,True,2.1,Tech Lover,Technology
C001197,Cliente 1197,Mass,Guayaquil,32,1067.47,15,"Crédito Hipotecario, Cuenta de Ahorros, Tarjeta de Crédito",80607.9,1022.36,14300.0,661.0,"App, Branch, POS, Web",3,True,7.1,Lifestyle Lover,Others
C001198,Cliente 1198,Mass,Quito,48,753.79,8,"Crédito de Consumo, Tarjeta de Crédito",10164.52,179.95,11000.0,125.0,"App, Branch, POS",2,True,1.6,Entertainment & Streaming Lover,Entertainment
C001199,Cliente 1199,Affluent,Quito,29,1726.62,10,"Crédito Hipotecario, Tarjeta de Crédito",271980.0,899.1800000000001,33600.0,258.0,"App, POS, Web",2,True,2.7,Entertainment & Streaming Lover,Streaming
C001200,Cliente 1200,Mass,Cuenca,19,1433.44,3,Cuenta Corriente,6844.98,0.0,0.0,,"App, Branch, POS",1,False,,Sin Perfil de Consumo,N/A
C001201,Cliente 1201,Affluent,Guayaquil,25,2464.33,13,"Crédito Hipotecario, Crédito Vehicular, Tarjeta de Crédito",109135.70999999999,733.82,62000.0,249.0,"ATM, App, Branch, POS, Web",3,True,1.2,Lifestyle Lover,Fuel
C001202,Cliente 1202,Affluent,Guayaquil,43,1886.66,16,"Crédito Vehicular, Crédito de Consumo, Tarjeta de Crédito",44308.82,1413.08,39600.0,15.0,"ATM, App, Branch, POS, Web",3,True,3.6,Travel Lover,Travel
C001203,Cliente 1203,Joven,Quito,43,514.92,1,Crédito Vehicular,19983.04,0.0,0.0,154.0,Web,1,False,,Sin Perfil de Consumo,N/A
C001204,Cliente 1204,Affluent,Guayaquil,24,1669.62,16,"Crédito Hipotecario, Crédito Vehicular, Cuenta de Ahorros, Tarjeta de Crédito",122697.85,756.63,19800.0,636.0,"ATM, App, Branch, POS, Web",4,True,3.8,Travel Lover,Travel
C001205,Cliente 1205,PyME,Manta,25,3172.19,6,"Crédito Hipotecario, Cuenta de Ahorros",249429.53999999998,0.0,0.0,1925.0,"App, Branch",2,True,,Sin Perfil de Consumo,N/A
C001206,Cliente 1206,Mass,Guayaquil,47,1387.68,10,"Crédito de Consumo, Cuenta Corriente, Tarjeta de Crédito",33394.8,134.4,7200.0,1081.0,"Branch, POS, Web",3,True,1.9,Lifestyle Lover,Others
C001207,Cliente 1207,Affluent,Quito,56,5089.73,14,"Crédito Hipotecario, Crédito Vehicular, Tarjeta de Crédito",244777.44999999998,3824.41,103500.0,199.0,"App, Branch, POS, Web",3,True,3.7,Entertainment & Streaming Lover,Streaming
C001208,Cliente 1208,Premium,Quito,55,3339.94,14,Tarjeta de Crédito,38842.86,2565.56,114800.0,1002.0,"App, Branch, POS, Web",1,False,2.2,Education Lover,Education
C001209,Cliente 1209,Affluent,Guayaquil,22,2089.7,9,"Cuenta Corriente, Tarjeta de Crédito",22956.94,503.90999999999997,34300.0,149.0,"ATM, App, Branch, POS",2,True,1.5,Lifestyle Lover,Fuel
C001210,Cliente 1210,Mass,Quito,40,964.7,2,Crédito Hipotecario,156987.58,0.0,0.0,389.0,"ATM, Web",1,False,,Sin Perfil de Consumo,N/A
C001211,Cliente 1211,Mass,Guayaquil,51,712.17,18,"Crédito de Consumo, Cuenta Corriente, Tarjeta de Crédito",20304.82,836.5,25200.0,221.0,"ATM, App, Branch, POS, Web",3,True,3.3,Education Lover,Education
C001212,Cliente 1212,Affluent,Guayaquil,51,2277.81,7,"Crédito Hipotecario, Crédito Vehicular, Crédito de Consumo, Cuenta de Ahorros",136646.63999999998,0.0,0.0,1211.0,"Branch, Web",4,True,,Sin Perfil de Consumo,N/A
C001213,Cliente 1213,Mass,Cuenca,20,798.21,19,"Crédito Hipotecario, Cuenta Corriente, Tarjeta de Crédito",190292.86,874.1,32200.0,1239.0,"App, Branch, POS, Web",3,True,2.7,Travel Lover,Travel
C001214,Cliente 1214,Mass,Cuenca,25,920.9,15,"Cuenta de Ahorros, Tarjeta de Crédito",13248.1,864.28,26600.0,972.0,"App, Branch, POS, Web",2,True,3.2,Entertainment & Streaming Lover,Streaming
C001215,Cliente 1215,Mass,Guayaquil,52,753.39,1,Crédito Hipotecario,22225.2,0.0,0.0,1828.0,Branch,1,False,,Sin Perfil de Consumo,N/A
C001216,Cliente 1216,Joven,Quito,50,470.81,19,"Crédito de Consumo, Cuenta Corriente, Tarjeta de Crédito",16769.41,390.68,15600.0,435.0,"App, Branch, POS, Web",3,True,2.5,Travel Lover,Travel
C001217,Cliente 1217,Premium,Quito,42,4394.84,13,"Crédito de Consumo, Cuenta de Ahorros, Tarjeta de Crédito",93815.84,1165.14,67200.0,1134.0,"ATM, App, Branch, POS, Web",3,True,1.7,Health & Wellness Lover,Health
C001218,Cliente 1218,Mass,Loja,53,423.55,8,"Crédito Hipotecario, Tarjeta de Crédito",97380.67,252.15,8400.0,1262.0,"App, Branch, POS, Web",2,True,3.0,Health & Wellness Lover,Health
C001219,Cliente 1219,Premium,Cuenca,18,6232.12,14,"Cuenta Corriente, Cuenta de Ahorros, Tarjeta de Crédito",67708.68,4017.26,66600.0,287.0,"App, Branch, POS, Web",3,True,6.0,Entertainment & Streaming Lover,Entertainment
C001220,Cliente 1220,Joven,Manta,38,404.05,17,"Crédito Hipotecario, Tarjeta de Crédito",283086.12,358.53,12600.0,1280.0,"ATM, App, POS, Web",2,True,2.8,Lifestyle Lover,Fuel
C001221,Cliente 1221,Mass,Guayaquil,39,508.66,14,"Crédito Vehicular, Tarjeta de Crédito",52301.159999999996,468.54,9600.0,133.0,"ATM, App, Branch, POS, Web",2,True,4.9,Lifestyle Lover,Fuel
C001222,Cliente 1222,Mass,Quito,24,851.6,11,Tarjeta de Crédito,12668.92,643.23,20900.0,1185.0,"App, Branch, POS, Web",1,False,3.1,Food & Supermarket Lover,Food
C001223,Cliente 1223,Joven,Cuenca,25,660.73,1,Cuenta de Ahorros,2675.05,0.0,0.0,,App,1,False,,Sin Perfil de Consumo,N/A
C001224,Cliente 1224,Joven,Quito,62,452.45,9,"Crédito Hipotecario, Tarjeta de Crédito",151796.91,111.33,4800.0,203.0,"App, Branch, POS, Web",2,True,2.3,Health & Wellness Lover,Health
C001225,Cliente 1225,Affluent,Quito,47,4269.08,3,"Crédito Hipotecario, Crédito Vehicular",238647.43,0.0,0.0,347.0,"Branch, Web",2,True,,Sin Perfil de Consumo,N/A
C001226,Cliente 1226,Premium,Cuenca,32,4224.23,14,"Crédito Vehicular, Crédito de Consumo, Cuenta Corriente, Tarjeta de Crédito",147802.96,1569.0,52200.0,550.0,"App, Branch, POS, Web",4,True,3.0,Health & Wellness Lover,Health
C001227,Cliente 1227,Joven,Guayaquil,32,350.0,13,"Cuenta Corriente, Tarjeta de Crédito",6461.01,387.83,9900.0,351.0,"App, Branch, POS, Web",2,True,3.9,Health & Wellness Lover,Health
C001228,Cliente 1228,PyME,Cuenca,44,3041.17,7,Tarjeta de Crédito,11134.269999999999,1575.88,24500.0,891.0,"Branch, POS, Web",1,False,6.4,Food & Supermarket Lover,Food
C001229,Cliente 1229,PyME,Quito,36,3733.66,4,Cuenta Corriente,-400.0,0.0,0.0,,"Branch, Web",1,False,,Sin Perfil de Consumo,N/A
C001230,Cliente 1230,Affluent,Cuenca,31,3533.86,9,"Crédito de Consumo, Tarjeta de Crédito",25869.91,1013.79,32900.0,654.0,"App, Branch, POS",2,True,3.1,Lifestyle Lover,Others
C001231,Cliente 1231,Mass,Ambato,62,810.8,5,"Crédito Vehicular, Tarjeta de Crédito",16863.36,169.49,3200.0,816.0,"App, POS, Web",2,True,5.3,Food & Supermarket Lover,Food
C001232,Cliente 1232,Affluent,Cuenca,18,2181.03,1,Crédito Vehicular,17658.49,0.0,0.0,720.0,ATM,1,False,,Sin Perfil de Consumo,N/A
C001233,Cliente 1233,Premium,Guayaquil,49,5660.37,10,"Crédito Hipotecario, Cuenta de Ahorros, Tarjeta de Crédito",167871.03,4137.95,112700.0,576.0,"App, Branch, POS, Web",3,True,3.7,Travel Lover,Travel
C001234,Cliente 1234,Mass,Quito,31,613.32,9,"Crédito Hipotecario, Crédito de Consumo, Cuenta de Ahorros, Tarjeta de Crédito",200838.97,389.75,8000.0,81.0,"App, Branch, POS, Web",4,True,4.9,Food & Supermarket Lover,Food
C001235,Cliente 1235,Joven,Quito,42,635.65,7,"Crédito Hipotecario, Tarjeta de Crédito",159776.15999999997,123.07,7000.0,569.0,"App, Branch, POS",2,True,1.8,Food & Supermarket Lover,Food
C001236,Cliente 1236,Premium,Manta,52,2875.66,9,"Crédito Vehicular, Cuenta Corriente, Tarjeta de Crédito",61297.15,623.99,40500.0,953.0,"App, POS, Web",3,True,1.5,Tech Lover,Technology
C001237,Cliente 1237,Mass,Quito,39,574.32,7,"Crédito Vehicular, Tarjeta de Crédito",23257.100000000002,116.34,8000.0,313.0,"App, Branch, POS",2,True,1.5,Entertainment & Streaming Lover,Entertainment
C001238,Cliente 1238,Affluent,Cuenca,23,2625.14,9,"Cuenta de Ahorros, Tarjeta de Crédito",12885.49,1229.26,45600.0,717.0,"App, Branch, POS, Web",2,True,2.7,Tech Lover,Technology
C001239,Cliente 1239,Mass,Guayaquil,55,814.94,3,"Crédito de Consumo, Cuenta de Ahorros",6502.6,0.0,0.0,581.0,"App, Branch, Web",2,True,,Sin Perfil de Consumo,N/A
C001240,Cliente 1240,Affluent,Guayaquil,39,1315.56,5,Tarjeta de Crédito,4608.3,286.19,14500.0,337.0,"App, POS",1,False,2.0,Food & Supermarket Lover,Food
C001241,Cliente 1241,Affluent,Ambato,36,1764.35,16,"Crédito de Consumo, Cuenta Corriente, Tarjeta de Crédito",20739.23,2267.14,42900.0,412.0,"App, Branch, POS, Web",3,True,5.3,Food & Supermarket Lover,Food
C001242,Cliente 1242,Affluent,Ambato,36,2129.56,6,"Crédito Vehicular, Crédito de Consumo, Tarjeta de Crédito",28085.24,526.28,23600.0,93.0,"App, Branch, POS, Web",3,True,2.2,Food & Supermarket Lover,Food
C001243,Cliente 1243,Mass,Guayaquil,50,1954.89,17,"Cuenta Corriente, Tarjeta de Crédito",3940.8199999999997,1263.29,26000.0,1439.0,"App, Branch, POS, Web",2,True,4.9,Travel Lover,Travel
C001244,Cliente 1244,Mass,Cuenca,45,883.21,6,"Cuenta Corriente, Tarjeta de Crédito",2770.35,397.68,6000.0,1027.0,"ATM, App, POS, Web",2,True,6.6,Food & Supermarket Lover,Supermarket
C001245,Cliente 1245,Affluent,Guayaquil,52,2084.4,8,"Crédito de Consumo, Cuenta Corriente, Tarjeta de Crédito",55675.18,578.51,22400.0,268.0,"App, Branch, POS, Web",3,True,2.6,Entertainment & Streaming Lover,Streaming
C001246,Cliente 1246,Premium,Guayaquil,27,2955.96,18,"Crédito Vehicular, Cuenta Corriente, Tarjeta de Crédito",65048.74,5095.469999999999,99400.0,590.0,"ATM, App, Branch, POS, Web",3,True,5.1,Education Lover,Education
C001247,Cliente 1247,Mass,Quito,52,1477.61,19,"Crédito de Consumo, Cuenta Corriente, Tarjeta de Crédito",45009.439999999995,1745.14,30000.0,433.0,"ATM, App, Branch, POS, Web",3,True,5.8,Food & Supermarket Lover,Supermarket
C001248,Cliente 1248,Affluent,Quito,47,2442.61,12,"Cuenta Corriente, Tarjeta de Crédito",43552.229999999996,1413.77,58500.0,581.0,"App, Branch, POS, Web",2,True,2.4,Food & Supermarket Lover,Food
C001249,Cliente 1249,Mass,Guayaquil,43,1156.61,12,"Crédito de Consumo, Cuenta Corriente, Tarjeta de Crédito",25739.86,533.96,14000.0,120.0,"ATM, App, Branch, POS",3,True,3.8,Entertainment & Streaming Lover,Entertainment
C001250,Cliente 1250,PyME,Guayaquil,35,2916.91,9,"Crédito de Consumo, Tarjeta de Crédito",45749.31,1191.99,52500.0,1059.0,"App, Branch, POS, Web",2,True,2.3,Food & Supermarket Lover,Food
C001251,Cliente 1251,Mass,Guayaquil,29,1349.65,10,Tarjeta de Crédito,11436.099999999999,643.19,23000.0,1132.0,"App, Branch, POS, Web",1,False,2.8,Entertainment & Streaming Lover,Entertainment
C001252,Cliente 1252,Mass,Ambato,22,1102.59,3,Crédito de Consumo,16459.56,0.0,0.0,607.0,"App, Branch",1,False,,Sin Perfil de Consumo,N/A
C001253,Cliente 1253,PyME,Guayaquil,31,2630.16,9,"Crédito Hipotecario, Tarjeta de Crédito",160859.55999999997,913.71,23800.0,1187.0,"ATM, App, POS, Web",2,True,3.8,Tech Lover,Technology
C001254,Cliente 1254,Mass,Guayaquil,46,827.24,12,"Crédito Hipotecario, Cuenta de Ahorros, Tarjeta de Crédito",170204.68,765.56,14000.0,259.0,"ATM, App, Branch, POS, Web",3,True,5.5,Tech Lover,Technology
C001255,Cliente 1255,Mass,Quito,28,1422.95,9,"Crédito de Consumo, Tarjeta de Crédito",22416.780000000002,580.14,22400.0,934.0,"ATM, App, POS, Web",2,True,2.6,Food & Supermarket Lover,Supermarket
C001256,Cliente 1256,Mass,Guayaquil,24,1115.06,2,Cuenta de Ahorros,2892.48,0.0,0.0,,"Branch, Web",1,False,,Sin Perfil de Consumo,N/A
C001257,Cliente 1257,Mass,Guayaquil,40,1648.1,7,"Cuenta de Ahorros, Tarjeta de Crédito",5810.28,341.34000000000003,13200.0,680.0,"App, POS, Web",2,True,2.6,Food & Supermarket Lover,Food
C001258,Cliente 1258,Mass,Quito,47,942.97,14,"Cuenta de Ahorros, Tarjeta de Crédito",22780.18,869.85,30000.0,476.0,"App, Branch, POS, Web",2,True,2.9,Education Lover,Education
C001259,Cliente 1259,Mass,Quito,45,670.3,18,"Crédito Vehicular, Cuenta Corriente, Tarjeta de Crédito",48362.29,414.2,20900.0,205.0,"ATM, App, Branch, POS, Web",3,True,2.0,Food & Supermarket Lover,Food
C001260,Cliente 1260,Affluent,Loja,18,3567.11,15,"Crédito Hipotecario, Tarjeta de Crédito",254557.91999999998,1975.31,94800.0,584.0,"App, Branch, POS, Web",2,True,2.1,Food & Supermarket Lover,Supermarket
C001261,Cliente 1261,Joven,Guayaquil,23,350.0,9,Tarjeta de Crédito,1406.8799999999999,228.73000000000002,5400.0,793.0,"App, Branch, POS, Web",1,False,4.2,Education Lover,Education
C001262,Cliente 1262,Affluent,Guayaquil,42,1949.59,20,"Crédito Vehicular, Crédito de Consumo, Cuenta Corriente, Tarjeta de Crédito",34169.7,1552.45,27600.0,429.0,"ATM, App, Branch, POS, Web",4,True,5.6,Entertainment & Streaming Lover,Streaming
C001263,Cliente 1263,Mass,Quito,51,859.19,8,Tarjeta de Crédito,3839.52,768.68,16000.0,620.0,"App, Branch, POS",1,False,4.8,Lifestyle Lover,Others
C001264,Cliente 1264,Mass,Guayaquil,57,471.1,17,"Crédito Vehicular, Cuenta Corriente, Cuenta de Ahorros, Tarjeta de Crédito",49380.84,392.94,8000.0,1162.0,"ATM, App, Branch, POS, Web",4,True,4.9,Food & Supermarket Lover,Supermarket
C001265,Cliente 1265,Affluent,Guayaquil,50,1785.13,11,Tarjeta de Crédito,11128.59,2118.46,34100.0,1162.0,"App, Branch, POS, Web",1,False,6.2,Tech Lover,Technology
C001266,Cliente 1266,Mass,Quito,34,1466.84,14,"Crédito Vehicular, Crédito de Consumo, Cuenta Corriente, Cuenta de Ahorros",94484.36000000002,0.0,0.0,291.0,"App, Branch, Web",4,True,,Sin Perfil de Consumo,N/A
C001267,Cliente 1267,Premium,Quito,41,4644.62,12,"Crédito Hipotecario, Cuenta Corriente, Tarjeta de Crédito",172610.05,2704.8199999999997,59200.0,172.0,"ATM, App, Branch, POS, Web",3,True,4.6,Food & Supermarket Lover,Food
C001268,Cliente 1268,Joven,Guayaquil,36,428.24,11,"Crédito Vehicular, Cuenta Corriente, Cuenta de Ahorros",49816.95,0.0,0.0,496.0,"ATM, App, Branch, POS, Web",3,True,,Sin Perfil de Consumo,N/A
C001269,Cliente 1269,Mass,Quito,34,1159.74,10,"Crédito Hipotecario, Tarjeta de Crédito",135857.16999999998,683.05,23400.0,565.0,"App, Branch, POS, Web",2,True,2.9,Travel Lover,Travel
C001270,Cliente 1270,Mass,Ambato,32,535.31,4,"Crédito Vehicular, Cuenta Corriente, Cuenta de Ahorros",27764.090000000004,0.0,0.0,1664.0,App,3,True,,Sin Perfil de Consumo,N/A
C001271,Cliente 1271,Mass,Guayaquil,42,861.47,14,"Crédito de Consumo, Tarjeta de Crédito",19417.879999999997,794.85,26400.0,891.0,"App, Branch, POS, Web",2,True,3.0,Tech Lover,Technology
C001272,Cliente 1272,Mass,Ambato,45,2012.91,1,Crédito Hipotecario,42023.95,0.0,0.0,2027.0,Branch,1,False,,Sin Perfil de Consumo,N/A
C001273,Cliente 1273,Mass,Quito,47,691.28,3,Cuenta Corriente,5025.39,0.0,0.0,,"POS, Web",1,False,,Sin Perfil de Consumo,N/A
C001274,Cliente 1274,Joven,Quito,27,481.35,2,Crédito de Consumo,4717.58,0.0,0.0,877.0,"Branch, Web",1,False,,Sin Perfil de Consumo,N/A
C001275,Cliente 1275,Mass,Quito,18,588.47,10,Tarjeta de Crédito,1265.9,416.72,10000.0,355.0,"App, Branch, POS, Web",1,False,4.2,Food & Supermarket Lover,Supermarket
C001276,Cliente 1276,Mass,Quito,23,1053.99,16,"Cuenta Corriente, Tarjeta de Crédito",8892.18,1380.54,15400.0,893.0,"ATM, App, Branch, POS, Web",2,True,9.0,Food & Supermarket Lover,Food
C001277,Cliente 1277,Mass,Loja,72,1463.95,14,"Crédito de Consumo, Tarjeta de Crédito",26215.68,1712.85,50700.0,1245.0,"App, Branch, POS, Web",2,True,3.4,Food & Supermarket Lover,Food
C001278,Cliente 1278,Affluent,Loja,56,1989.56,15,"Cuenta Corriente, Tarjeta de Crédito",17677.87,1556.14,34100.0,1417.0,"ATM, App, Branch, POS, Web",2,True,4.6,Food & Supermarket Lover,Food
C001279,Cliente 1279,Premium,Quito,50,3855.23,14,"Crédito de Consumo, Cuenta Corriente, Tarjeta de Crédito",11525.64,2976.98,78300.0,737.0,"App, Branch, POS, Web",3,True,3.8,Food & Supermarket Lover,Food
C001280,Cliente 1280,Mass,Quito,38,601.7,11,"Crédito de Consumo, Cuenta de Ahorros, Tarjeta de Crédito",23295.93,156.47,2800.0,991.0,"App, Branch, POS, Web",3,True,5.6,Food & Supermarket Lover,Food
C001281,Cliente 1281,Premium,Guayaquil,50,5937.85,13,"Crédito de Consumo, Tarjeta de Crédito",82928.8,4766.19,124300.0,633.0,"ATM, App, POS, Web",2,True,3.8,Food & Supermarket Lover,Supermarket
C001282,Cliente 1282,Joven,Cuenca,29,1111.41,13,"Crédito Vehicular, Tarjeta de Crédito",123069.84,642.37,27000.0,1444.0,"ATM, Branch, POS, Web",2,True,2.4,Lifestyle Lover,Others
C001283,Cliente 1283,Affluent,Ambato,47,2805.12,13,"Cuenta Corriente, Tarjeta de Crédito",58584.41,2025.2,35000.0,224.0,"App, Branch, POS, Web",2,True,5.8,Travel Lover,Travel
C001284,Cliente 1284,Affluent,Guayaquil,27,3073.48,6,"Crédito Hipotecario, Cuenta Corriente",207049.5,0.0,0.0,1095.0,"ATM, App, Branch",2,True,,Sin Perfil de Consumo,N/A
C001285,Cliente 1285,Mass,Quito,36,681.98,15,"Crédito Hipotecario, Cuenta de Ahorros, Tarjeta de Crédito",200603.25000000003,665.96,8100.0,688.0,"ATM, App, Branch, POS, Web",3,True,8.2,Food & Supermarket Lover,Food
C001286,Cliente 1286,Premium,Guayaquil,42,7075.74,16,"Crédito Vehicular, Tarjeta de Crédito",17074.82,4413.4,229600.0,385.0,"App, Branch, POS, Web",2,True,1.9,Tech Lover,Technology
C001287,Cliente 1287,Premium,Guayaquil,26,6595.43,13,"Crédito de Consumo, Tarjeta de Crédito",49528.39,4569.65,193600.0,620.0,"App, Branch, POS, Web",2,True,2.4,Health & Wellness Lover,Health
C001288,Cliente 1288,Mass,Guayaquil,31,988.87,6,"Cuenta de Ahorros, Tarjeta de Crédito",11821.86,286.34,9200.0,1342.0,"App, Branch, POS, Web",2,True,3.1,Food & Supermarket Lover,Food
C001289,Cliente 1289,Premium,Quito,51,4273.72,16,"Cuenta Corriente, Tarjeta de Crédito",46513.86,2831.4900000000002,74400.0,344.0,"ATM, App, Branch, POS, Web",2,True,3.8,Entertainment & Streaming Lover,Entertainment
C001290,Cliente 1290,Mass,Quito,25,840.91,10,"Cuenta de Ahorros, Tarjeta de Crédito",8878.44,294.9,14400.0,519.0,"ATM, App, Branch, POS, Web",2,True,2.0,Food & Supermarket Lover,Food
C001291,Cliente 1291,Affluent,Guayaquil,36,2992.57,16,"Crédito Vehicular, Cuenta de Ahorros, Tarjeta de Crédito",54869.28,2447.2,45500.0,378.0,"App, Branch, POS, Web",3,True,5.4,Health & Wellness Lover,Health
C001292,Cliente 1292,Affluent,Quito,36,1812.92,7,"Crédito Vehicular, Tarjeta de Crédito",12558.150000000001,410.9,19200.0,679.0,"ATM, App, POS, Web",2,True,2.1,Food & Supermarket Lover,Food
C001293,Cliente 1293,Mass,Ambato,38,562.73,9,"Crédito Vehicular, Tarjeta de Crédito",30505.47,274.34000000000003,6000.0,309.0,"ATM, App, Branch, POS, Web",2,True,4.6,Food & Supermarket Lover,Food
C001294,Cliente 1294,Affluent,Guayaquil,60,2017.29,5,"Crédito Hipotecario, Crédito Vehicular, Cuenta Corriente",98682.1,0.0,0.0,148.0,"ATM, App, Branch, Web",3,True,,Sin Perfil de Consumo,N/A
C001295,Cliente 1295,Affluent,Quito,44,1086.43,20,"Crédito Hipotecario, Crédito Vehicular, Cuenta Corriente, Tarjeta de Crédito",192270.54,861.59,16800.0,281.0,"ATM, App, Branch, POS, Web",4,True,5.1,Tech Lover,Technology
C001296,Cliente 1296,Premium,Quito,48,2443.47,6,"Crédito Vehicular, Cuenta Corriente",58877.46,0.0,0.0,734.0,"ATM, App, Branch, Web",2,True,,Sin Perfil de Consumo,N/A
C001297,Cliente 1297,Joven,Quito,18,923.61,8,"Crédito Vehicular, Tarjeta de Crédito",56919.06,233.1,6000.0,584.0,"App, Branch, POS, Web",2,True,3.9,Entertainment & Streaming Lover,Streaming
C001298,Cliente 1298,Mass,Guayaquil,64,1030.53,5,"Crédito Vehicular, Cuenta Corriente",38292.63,0.0,0.0,2054.0,"ATM, App, Branch, Web",2,True,,Sin Perfil de Consumo,N/A
C001299,Cliente 1299,Mass,Quito,48,469.83,1,Crédito de Consumo,0.0,0.0,0.0,587.0,POS,1,False,,Sin Perfil de Consumo,N/A
C001300,Cliente 1300,PyME,Guayaquil,59,3921.28,4,"Crédito Vehicular, Crédito de Consumo",94750.12,0.0,0.0,1508.0,"App, Web",2,True,,Sin Perfil de Consumo,N/A
C001301,Cliente 1301,Affluent,Loja,56,2829.63,2,"Crédito Hipotecario, Cuenta Corriente",59767.26,0.0,0.0,964.0,"App, Web",2,True,,Sin Perfil de Consumo,N/A
C001302,Cliente 1302,Mass,Guayaquil,33,1864.58,15,"Crédito Hipotecario, Tarjeta de Crédito",67469.04000000001,1926.6699999999998,72800.0,693.0,"App, POS, Web",2,True,2.6,Lifestyle Lover,Fuel
C001303,Cliente 1303,Mass,Guayaquil,28,501.77,3,"Crédito Hipotecario, Cuenta Corriente",139570.04,0.0,0.0,495.0,"ATM, App, Branch",2,True,,Sin Perfil de Consumo,N/A
C001304,Cliente 1304,Mass,Guayaquil,29,899.68,12,"Cuenta de Ahorros, Tarjeta de Crédito",17043.32,688.39,14400.0,635.0,"ATM, App, Branch, POS, Web",2,True,4.8,Food & Supermarket Lover,Food
C001305,Cliente 1305,Mass,Quito,34,934.35,6,Tarjeta de Crédito,6192.539999999999,262.2,11400.0,1102.0,"Branch, POS, Web",1,False,2.3,Travel Lover,Travel
C001306,Cliente 1306,Mass,Guayaquil,38,1255.87,2,Crédito de Consumo,13369.5,0.0,0.0,177.0,"ATM, Web",1,False,,Sin Perfil de Consumo,N/A
C001307,Cliente 1307,Mass,Guayaquil,61,628.73,4,"Crédito Hipotecario, Cuenta de Ahorros",184894.81999999998,0.0,0.0,472.0,"App, Branch, Web",2,True,,Sin Perfil de Consumo,N/A
C001308,Cliente 1308,Mass,Cuenca,37,738.81,6,"Crédito de Consumo, Cuenta de Ahorros, Tarjeta de Crédito",8005.099999999999,135.02,4400.0,1324.0,"App, Branch, POS, Web",3,True,3.1,Tech Lover,Technology
C001309,Cliente 1309,Mass,Guayaquil,37,1483.0,13,"Crédito Hipotecario, Cuenta de Ahorros, Tarjeta de Crédito",63515.340000000004,1171.45,33000.0,537.0,"App, POS, Web",3,True,3.5,Travel Lover,Travel
C001310,Cliente 1310,Joven,Guayaquil,48,485.56,7,"Crédito Vehicular, Tarjeta de Crédito",57843.729999999996,221.46,2400.0,531.0,"ATM, Branch, POS, Web",2,True,9.2,Health & Wellness Lover,Health
C001311,Cliente 1311,Joven,Ambato,27,459.76,12,"Cuenta Corriente, Tarjeta de Crédito",13955.31,290.84,12600.0,644.0,"ATM, App, Branch, POS, Web",2,True,2.3,Entertainment & Streaming Lover,Streaming
C001312,Cliente 1312,Mass,Quito,36,848.55,12,"Crédito de Consumo, Tarjeta de Crédito",33282.15,604.15,21600.0,668.0,"ATM, App, Branch, POS, Web",2,True,2.8,Food & Supermarket Lover,Food
C001313,Cliente 1313,PyME,Cuenca,36,2777.2,12,Tarjeta de Crédito,14374.32,2305.79,50400.0,1448.0,"App, Branch, POS, Web",1,False,4.6,Food & Supermarket Lover,Food
C001314,Cliente 1314,Premium,Guayaquil,36,5231.98,17,"Crédito de Consumo, Cuenta Corriente, Cuenta de Ahorros, Tarjeta de Crédito",162382.2,3126.81,61600.0,478.0,"ATM, App, Branch, POS, Web",4,True,5.1,Travel Lover,Travel
C001315,Cliente 1315,Mass,Cuenca,27,868.69,10,"Crédito Hipotecario, Crédito Vehicular, Cuenta Corriente",204948.21,0.0,0.0,58.0,"ATM, Branch, Web",3,True,,Sin Perfil de Consumo,N/A
C001316,Cliente 1316,Premium,Quito,49,3639.22,6,"Crédito de Consumo, Cuenta Corriente",98049.59999999999,0.0,0.0,1044.0,"App, Branch, POS",2,True,,Sin Perfil de Consumo,N/A
C001317,Cliente 1317,PyME,Guayaquil,46,2954.68,7,"Crédito Hipotecario, Crédito de Consumo, Tarjeta de Crédito",117990.23000000001,1069.19,30000.0,643.0,"App, Branch, POS",3,True,3.6,Food & Supermarket Lover,Food
C001318,Cliente 1318,Mass,Loja,45,689.42,17,"Crédito Vehicular, Cuenta Corriente, Tarjeta de Crédito",82953.56999999999,579.1,22000.0,881.0,"ATM, App, Branch, POS, Web",3,True,2.6,Tech Lover,Technology
C001319,Cliente 1319,Affluent,Manta,28,2178.04,10,"Crédito Hipotecario, Cuenta Corriente, Tarjeta de Crédito",101634.57,275.44,9600.0,411.0,"App, Branch, POS, Web",3,True,2.9,Education Lover,Education
C001320,Cliente 1320,PyME,Cuenca,38,7250.0,25,"Crédito Vehicular, Cuenta Corriente, Cuenta de Ahorros, Tarjeta de Crédito",354382.91000000003,4991.33,214500.0,219.0,"App, Branch, POS, Web",4,True,2.3,Entertainment & Streaming Lover,Entertainment
C001321,Cliente 1321,Mass,Quito,24,1610.55,10,"Crédito Vehicular, Crédito de Consumo, Tarjeta de Crédito",94043.95,829.8,24600.0,502.0,"ATM, App, Branch, Web",3,True,3.4,Lifestyle Lover,Others
C001322,Cliente 1322,Mass,Loja,29,752.04,3,Cuenta Corriente,4052.88,0.0,0.0,,"ATM, Branch, Web",1,False,,Sin Perfil de Consumo,N/A
C001323,Cliente 1323,Joven,Ambato,46,586.4,15,"Crédito de Consumo, Cuenta Corriente, Tarjeta de Crédito",22757.68,370.53000000000003,8000.0,1230.0,"ATM, App, Branch, POS, Web",3,True,4.6,Education Lover,Education
C001324,Cliente 1324,Joven,Cuenca,38,1236.83,7,"Crédito de Consumo, Cuenta Corriente",16204.87,0.0,0.0,929.0,"App, Branch, Web",2,True,,Sin Perfil de Consumo,N/A
C001325,Cliente 1325,PyME,Quito,47,2637.52,14,"Crédito de Consumo, Tarjeta de Crédito",44320.28,1628.89,40700.0,1094.0,"App, POS, Web",2,True,4.0,Entertainment & Streaming Lover,Entertainment
C001326,Cliente 1326,Mass,Guayaquil,25,974.49,4,"Crédito Hipotecario, Cuenta de Ahorros",164552.22,0.0,0.0,151.0,"App, Branch",2,True,,Sin Perfil de Consumo,N/A
C001327,Cliente 1327,Mass,Loja,18,569.36,6,"Crédito Vehicular, Tarjeta de Crédito",24134.05,296.49,5500.0,21.0,"App, Branch, POS, Web",2,True,5.4,Tech Lover,Technology
C001328,Cliente 1328,Affluent,Quito,35,3967.62,13,"Crédito Hipotecario, Crédito Vehicular, Tarjeta de Crédito",121242.55,3493.3999999999996,79000.0,54.0,"App, Branch, POS, Web",3,True,4.4,Food & Supermarket Lover,Food
C001329,Cliente 1329,Mass,Guayaquil,50,617.24,12,"Crédito Hipotecario, Cuenta Corriente, Tarjeta de Crédito",65354.4,209.85,6600.0,708.0,"App, Branch, POS, Web",3,True,3.2,Food & Supermarket Lover,Supermarket
C001330,Cliente 1330,Mass,Ambato,18,907.1,14,"Crédito Vehicular, Cuenta de Ahorros, Tarjeta de Crédito",44518.38,639.64,17600.0,23.0,"App, Branch, POS, Web",3,True,3.6,Tech Lover,Technology
C001331,Cliente 1331,Premium,Quito,55,3976.15,16,"Crédito Vehicular, Crédito de Consumo, Tarjeta de Crédito",80338.39,3882.36,102700.0,1195.0,"ATM, App, Branch, POS, Web",3,True,3.8,Lifestyle Lover,Fuel
C001332,Cliente 1332,Mass,Loja,38,579.31,8,"Crédito de Consumo, Tarjeta de Crédito",4553.700000000001,174.94,5000.0,330.0,"App, Branch, POS, Web",2,True,3.5,Travel Lover,Travel
C001333,Cliente 1333,Affluent,Quito,35,2156.49,20,"Crédito Hipotecario, Crédito de Consumo, Cuenta Corriente, Tarjeta de Crédito",417175.47,1344.35,39600.0,320.0,"ATM, App, Branch, POS, Web",4,True,3.4,Food & Supermarket Lover,Supermarket
C001334,Cliente 1334,Mass,Cuenca,42,950.87,4,"Crédito Hipotecario, Crédito de Consumo",43447.84,0.0,0.0,1242.0,"Branch, Web",2,True,,Sin Perfil de Consumo,N/A
C001335,Cliente 1335,Premium,Cuenca,51,3925.14,11,"Cuenta Corriente, Cuenta de Ahorros, Tarjeta de Crédito",84607.56,1898.05,46000.0,953.0,"ATM, App, POS, Web",3,True,4.1,Entertainment & Streaming Lover,Streaming
C001336,Cliente 1336,Joven,Cuenca,50,1189.12,14,Tarjeta de Crédito,9166.92,1369.31,28000.0,192.0,"App, Branch, POS, Web",1,False,4.9,Food & Supermarket Lover,Supermarket
C001337,Cliente 1337,Premium,Cuenca,37,3724.17,16,"Crédito Vehicular, Crédito de Consumo, Tarjeta de Crédito",74973.39,3166.61,57600.0,70.0,"ATM, App, POS, Web",3,True,5.5,Food & Supermarket Lover,Food
C001338,Cliente 1338,Joven,Cuenca,52,515.06,8,"Cuenta de Ahorros, Tarjeta de Crédito",3744.08,144.56,4000.0,1426.0,"App, Branch, POS, Web",2,True,3.6,Food & Supermarket Lover,Supermarket
C001339,Cliente 1339,Affluent,Guayaquil,43,2379.39,4,"Crédito Hipotecario, Crédito Vehicular",400990.83,0.0,0.0,598.0,"ATM, App, Branch, Web",2,True,,Sin Perfil de Consumo,N/A
C001340,Cliente 1340,PyME,Quito,37,2629.0,20,"Crédito Vehicular, Cuenta de Ahorros, Tarjeta de Crédito",107739.4,1679.78,65800.0,170.0,"App, Branch, POS, Web",3,True,2.6,Entertainment & Streaming Lover,Streaming
C001341,Cliente 1341,Mass,Manta,32,821.09,14,"Crédito Vehicular, Tarjeta de Crédito",54658.340000000004,747.64,10800.0,173.0,"ATM, App, Branch, POS, Web",2,True,6.9,Travel Lover,Travel
C001342,Cliente 1342,Joven,Guayaquil,42,532.55,23,"Crédito Hipotecario, Crédito de Consumo, Cuenta de Ahorros, Tarjeta de Crédito",128730.63,590.5799999999999,21000.0,560.0,"ATM, App, Branch, POS, Web",4,True,2.8,Tech Lover,Technology
C001343,Cliente 1343,Mass,Guayaquil,57,978.59,6,"Crédito Vehicular, Tarjeta de Crédito",21784.25,694.4200000000001,10000.0,1385.0,"POS, Web",2,True,6.9,Lifestyle Lover,Others
C001344,Cliente 1344,Mass,Quito,63,664.11,5,"Crédito Hipotecario, Crédito Vehicular, Crédito de Consumo",109212.24,0.0,0.0,80.0,"Branch, Web",3,True,,Sin Perfil de Consumo,N/A
C001345,Cliente 1345,Premium,Guayaquil,48,4897.34,12,"Crédito Hipotecario, Cuenta Corriente, Cuenta de Ahorros, Tarjeta de Crédito",265741.74,1751.65,34800.0,824.0,"App, Branch, POS, Web",4,True,5.0,Travel Lover,Travel
C001346,Cliente 1346,PyME,Quito,33,1778.67,5,"Crédito Vehicular, Cuenta Corriente",45871.32,0.0,0.0,1191.0,"Branch, Web",2,True,,Sin Perfil de Consumo,N/A
C001347,Cliente 1347,Mass,Quito,41,1171.99,8,"Crédito de Consumo, Cuenta de Ahorros, Tarjeta de Crédito",13859.08,225.94,8000.0,217.0,"ATM, App, Branch, POS, Web",3,True,2.8,Food & Supermarket Lover,Food
C001348,Cliente 1348,Mass,Guayaquil,51,580.2,5,"Crédito de Consumo, Cuenta de Ahorros",15057.18,0.0,0.0,1405.0,"App, Branch, Web",2,True,,Sin Perfil de Consumo,N/A
C001349,Cliente 1349,Joven,Guayaquil,38,535.74,14,"Crédito Hipotecario, Crédito Vehicular, Tarjeta de Crédito",164558.31,324.18,14000.0,304.0,"ATM, App, POS, Web",3,True,2.3,Food & Supermarket Lover,Supermarket
C001350,Cliente 1350,Mass,Cuenca,29,1360.67,11,"Cuenta de Ahorros, Tarjeta de Crédito",10593.390000000001,789.96,38000.0,237.0,"Branch, POS, Web",2,True,2.1,Food & Supermarket Lover,Food
C001351,Cliente 1351,Mass,Quito,29,840.84,16,"Crédito Vehicular, Cuenta de Ahorros, Tarjeta de Crédito",43244.54,460.81,12000.0,1090.0,"App, Branch, POS, Web",3,True,3.8,Entertainment & Streaming Lover,Streaming
C001352,Cliente 1352,Mass,Quito,36,1014.65,9,"Crédito Vehicular, Crédito de Consumo, Tarjeta de Crédito",55375.45,252.09,9200.0,470.0,"ATM, App, Branch, POS, Web",3,True,2.7,Lifestyle Lover,Fuel
C001353,Cliente 1353,Mass,Quito,46,1316.39,11,"Crédito Vehicular, Crédito de Consumo, Cuenta Corriente, Tarjeta de Crédito",61965.54,1348.05,15600.0,494.0,"App, Branch, POS, Web",4,True,8.6,Entertainment & Streaming Lover,Entertainment
C001354,Cliente 1354,Mass,Quito,58,705.08,5,"Crédito Hipotecario, Crédito Vehicular",295194.83999999997,0.0,0.0,175.0,"Branch, Web",2,True,,Sin Perfil de Consumo,N/A
C001355,Cliente 1355,Mass,Quito,50,1164.09,9,"Crédito Hipotecario, Cuenta Corriente, Tarjeta de Crédito",217368.77,204.37,14000.0,496.0,"App, Branch, POS, Web",3,True,1.5,Tech Lover,Technology
C001356,Cliente 1356,Mass,Ambato,34,2557.24,12,"Crédito Hipotecario, Cuenta Corriente, Tarjeta de Crédito",119533.54000000001,919.19,46200.0,357.0,"ATM, App, Branch, POS, Web",3,True,2.0,Travel Lover,Travel
C001357,Cliente 1357,Mass,Loja,24,976.97,16,"Crédito Hipotecario, Crédito de Consumo, Cuenta Corriente, Tarjeta de Crédito",154380.3,339.86,13600.0,227.0,"ATM, App, Branch, POS, Web",4,True,2.5,Food & Supermarket Lover,Supermarket
C001358,Cliente 1358,PyME,Guayaquil,40,2644.18,15,"Crédito Hipotecario, Tarjeta de Crédito",80838.76,1948.55,102200.0,185.0,"App, Branch, POS, Web",2,True,1.9,Travel Lover,Travel
C001359,Cliente 1359,Premium,Cuenca,38,1982.17,21,"Crédito Hipotecario, Crédito Vehicular, Cuenta de Ahorros, Tarjeta de Crédito",95650.27,1648.87,42000.0,438.0,"ATM, App, Branch, POS, Web",4,True,3.9,Entertainment & Streaming Lover,Streaming
C001360,Cliente 1360,Affluent,Ambato,43,2605.66,14,"Crédito Hipotecario, Tarjeta de Crédito",100307.62000000001,2875.27,37200.0,461.0,"ATM, App, POS, Web",2,True,7.7,Food & Supermarket Lover,Food
C001361,Cliente 1361,Affluent,Quito,50,3066.38,1,Crédito Vehicular,13088.96,0.0,0.0,1830.0,Branch,1,False,,Sin Perfil de Consumo,N/A
C001362,Cliente 1362,PyME,Manta,23,6519.54,8,"Crédito Hipotecario, Tarjeta de Crédito",130266.62,2769.9100000000003,102200.0,404.0,"App, POS, Web",2,True,2.7,Travel Lover,Travel
C001363,Cliente 1363,Affluent,Ambato,51,1981.91,13,Tarjeta de Crédito,11860.29,1838.44,53300.0,1050.0,"App, Branch, POS, Web",1,False,3.4,Tech Lover,Technology
C001364,Cliente 1364,Affluent,Manta,36,2344.19,4,Tarjeta de Crédito,1047.84,930.12,16400.0,608.0,"App, Branch, POS, Web",1,False,5.7,Tech Lover,Technology
C001365,Cliente 1365,Affluent,Guayaquil,67,1137.0,12,"Cuenta Corriente, Tarjeta de Crédito",12482.85,1176.89,24200.0,1227.0,"ATM, App, Branch, POS, Web",2,True,4.9,Lifestyle Lover,Others
C001366,Cliente 1366,Premium,Cuenca,18,2477.51,1,Crédito de Consumo,15577.86,0.0,0.0,309.0,ATM,1,False,,Sin Perfil de Consumo,N/A
C001367,Cliente 1367,Mass,Quito,49,911.61,7,"Crédito Hipotecario, Crédito Vehicular, Cuenta de Ahorros, Tarjeta de Crédito",90277.58,124.62,10000.0,98.0,"App, Branch, POS, Web",4,True,1.2,Entertainment & Streaming Lover,Entertainment
C001368,Cliente 1368,Affluent,Guayaquil,48,2416.08,17,"Crédito de Consumo, Cuenta de Ahorros, Tarjeta de Crédito",29106.34,1835.28,69300.0,326.0,"ATM, App, Branch, POS, Web",3,True,2.6,Entertainment & Streaming Lover,Streaming
C001369,Cliente 1369,Mass,Guayaquil,34,839.47,3,Crédito Vehicular,59515.14,0.0,0.0,670.0,"Branch, POS, Web",1,False,,Sin Perfil de Consumo,N/A
C001370,Cliente 1370,Mass,Cuenca,42,882.47,5,"Crédito Hipotecario, Cuenta Corriente",158887.7,0.0,0.0,1944.0,"App, Branch, Web",2,True,,Sin Perfil de Consumo,N/A
C001371,Cliente 1371,Affluent,Manta,45,5276.95,18,"Crédito Vehicular, Cuenta Corriente, Tarjeta de Crédito",84520.86,3398.57,166400.0,777.0,"ATM, App, Branch, POS, Web",3,True,2.0,Food & Supermarket Lover,Food
C001372,Cliente 1372,Mass,Cuenca,37,1218.21,12,"Crédito Hipotecario, Cuenta Corriente, Cuenta de Ahorros, Tarjeta de Crédito",118339.81000000001,363.77,10400.0,224.0,"ATM, App, Branch, POS, Web",4,True,3.5,Health & Wellness Lover,Health
C001373,Cliente 1373,Joven,Guayaquil,57,502.21,17,"Crédito Vehicular, Tarjeta de Crédito",116195.14,465.66999999999996,11200.0,78.0,"App, Branch, POS, Web",2,True,4.2,Lifestyle Lover,Fuel
C001374,Cliente 1374,Premium,Quito,41,2374.23,9,"Crédito Hipotecario, Crédito Vehicular, Crédito de Consumo, Cuenta de Ahorros",351743.98000000004,0.0,0.0,1468.0,"ATM, App, Branch, Web",4,True,,Sin Perfil de Consumo,N/A
C001375,Cliente 1375,Mass,Quito,45,524.9,6,Tarjeta de Crédito,2458.44,303.98,9000.0,1188.0,"App, Branch, Web",1,False,3.4,Lifestyle Lover,Others
C001376,Cliente 1376,PyME,Guayaquil,33,2950.19,6,"Cuenta Corriente, Tarjeta de Crédito",25009.9,872.24,25200.0,47.0,"App, Branch, POS",2,True,3.5,Travel Lover,Travel
C001377,Cliente 1377,Joven,Quito,38,1119.85,7,"Crédito Hipotecario, Tarjeta de Crédito",192705.3,426.1,15500.0,181.0,"ATM, POS, Web",2,True,2.7,Entertainment & Streaming Lover,Streaming
C001378,Cliente 1378,Mass,Guayaquil,29,462.01,6,"Crédito de Consumo, Tarjeta de Crédito",8481.2,142.8,2500.0,83.0,"Branch, POS, Web",2,True,5.7,Tech Lover,Technology
C001379,Cliente 1379,Joven,Guayaquil,62,1688.96,13,"Cuenta de Ahorros, Tarjeta de Crédito",20064.3,1299.39,27000.0,368.0,"ATM, App, Branch, POS, Web",2,True,4.8,Entertainment & Streaming Lover,Entertainment
C001380,Cliente 1380,Mass,Quito,18,862.92,15,"Crédito Vehicular, Tarjeta de Crédito",54968.03,916.69,16900.0,437.0,"ATM, App, Branch, POS, Web",2,True,5.4,Tech Lover,Technology
C001381,Cliente 1381,PyME,Ambato,53,2351.78,4,"Crédito Vehicular, Crédito de Consumo",58258.46,0.0,0.0,888.0,"ATM, App, Branch",2,True,,Sin Perfil de Consumo,N/A
C001382,Cliente 1382,Affluent,Ambato,30,2132.78,12,"Crédito de Consumo, Cuenta Corriente, Cuenta de Ahorros, Tarjeta de Crédito",88789.48,809.5799999999999,29000.0,880.0,"App, Branch, POS, Web",4,True,2.8,Food & Supermarket Lover,Supermarket
C001383,Cliente 1383,Affluent,Ambato,41,4285.75,5,"Cuenta Corriente, Tarjeta de Crédito",30071.14,1543.62,45600.0,1486.0,"App, POS, Web",2,True,3.4,Entertainment & Streaming Lover,Streaming
C001384,Cliente 1384,Affluent,Cuenca,30,3841.34,10,"Crédito de Consumo, Tarjeta de Crédito",57198.04000000001,1958.55,77400.0,637.0,"ATM, App, Branch, POS, Web",2,True,2.5,Food & Supermarket Lover,Food
C001385,Cliente 1385,Affluent,Cuenca,46,3444.15,8,"Cuenta de Ahorros, Tarjeta de Crédito",6785.16,340.32,16800.0,380.0,"App, POS, Web",2,True,2.0,Lifestyle Lover,Fuel
C001386,Cliente 1386,PyME,Manta,45,1808.64,4,"Crédito Vehicular, Crédito de Consumo, Cuenta de Ahorros",42842.91,0.0,0.0,915.0,"Branch, Web",3,True,,Sin Perfil de Consumo,N/A
C001387,Cliente 1387,Affluent,Quito,55,1839.61,10,"Crédito de Consumo, Tarjeta de Crédito",51089.94,777.79,23100.0,198.0,"ATM, App, Branch, POS, Web",2,True,3.4,Tech Lover,Technology
C001388,Cliente 1388,Premium,Guayaquil,44,2991.7,16,"Cuenta de Ahorros, Tarjeta de Crédito",22036.4,2651.68,110600.0,239.0,"App, Branch, POS, Web",2,True,2.4,Entertainment & Streaming Lover,Streaming
C001389,Cliente 1389,Mass,Quito,46,934.03,6,"Cuenta Corriente, Cuenta de Ahorros",10374.029999999999,0.0,0.0,,"ATM, Branch, Web",2,True,,Sin Perfil de Consumo,N/A
C001390,Cliente 1390,Affluent,Guayaquil,46,2104.66,14,"Crédito Hipotecario, Crédito de Consumo, Cuenta Corriente, Cuenta de Ahorros",249105.14,0.0,0.0,280.0,"App, Branch, Web",4,True,,Sin Perfil de Consumo,N/A
C001391,Cliente 1391,Affluent,Guayaquil,55,3430.37,7,"Cuenta Corriente, Tarjeta de Crédito",19918.29,1474.2,34200.0,421.0,"Branch, POS, Web",2,True,4.3,Entertainment & Streaming Lover,Entertainment
C001392,Cliente 1392,Mass,Ambato,45,1380.09,15,"Crédito Vehicular, Tarjeta de Crédito",31866.680000000004,2136.02,19600.0,245.0,"App, Branch, POS, Web",2,True,10.9,Food & Supermarket Lover,Supermarket
C001393,Cliente 1393,Mass,Cuenca,37,981.0,4,Cuenta de Ahorros,12519.64,0.0,0.0,,"App, Branch",1,False,,Sin Perfil de Consumo,N/A
C001394,Cliente 1394,Affluent,Guayaquil,30,2496.9,11,"Crédito de Consumo, Cuenta Corriente, Cuenta de Ahorros, Tarjeta de Crédito",35388.53,815.69,33500.0,1214.0,"ATM, App, Branch, POS, Web",4,True,2.4,Food & Supermarket Lover,Supermarket
C001395,Cliente 1395,Joven,Guayaquil,44,438.86,8,Tarjeta de Crédito,877.2,226.69,4000.0,123.0,"App, Branch, POS, Web",1,False,5.7,Tech Lover,Technology
C001396,Cliente 1396,Mass,Quito,31,818.22,4,Crédito Vehicular,70450.76,0.0,0.0,426.0,"App, Branch, Web",1,False,,Sin Perfil de Consumo,N/A
C001397,Cliente 1397,Mass,Cuenca,35,731.67,9,"Crédito Vehicular, Tarjeta de Crédito",23580.47,333.94,15200.0,399.0,"App, POS, Web",2,True,2.2,Entertainment & Streaming Lover,Streaming
C001398,Cliente 1398,Mass,Quito,35,512.31,20,"Crédito Hipotecario, Cuenta Corriente, Cuenta de Ahorros, Tarjeta de Crédito",153764.86,297.77,13000.0,187.0,"ATM, App, Branch, POS, Web",4,True,2.3,Entertainment & Streaming Lover,Entertainment
C001399,Cliente 1399,Mass,Manta,49,962.64,10,"Crédito Vehicular, Tarjeta de Crédito",26863.92,692.18,23400.0,145.0,"App, Branch, POS, Web",2,True,3.0,Travel Lover,Travel
C001400,Cliente 1400,Affluent,Guayaquil,47,1985.16,9,"Crédito Hipotecario, Crédito Vehicular, Tarjeta de Crédito",270835.92,953.16,13000.0,393.0,"App, Branch, POS, Web",3,True,7.3,Food & Supermarket Lover,Supermarket
C001401,Cliente 1401,Mass,Guayaquil,30,1011.59,2,Cuenta de Ahorros,3175.24,0.0,0.0,,"Branch, Web",1,False,,Sin Perfil de Consumo,N/A
C001402,Cliente 1402,Mass,Quito,52,752.86,7,"Crédito de Consumo, Cuenta Corriente",19569.44,0.0,0.0,2132.0,"ATM, Branch, Web",2,True,,Sin Perfil de Consumo,N/A
C001403,Cliente 1403,Affluent,Quito,29,2582.06,13,"Crédito de Consumo, Cuenta de Ahorros, Tarjeta de Crédito",51152.08,1224.3600000000001,57600.0,106.0,"ATM, App, Branch, POS, Web",3,True,2.1,Food & Supermarket Lover,Supermarket
C001404,Cliente 1404,Mass,Guayaquil,36,756.77,1,Crédito Vehicular,16643.85,0.0,0.0,1030.0,ATM,1,False,,Sin Perfil de Consumo,N/A
C001405,Cliente 1405,Mass,Ambato,22,673.45,7,"Crédito Vehicular, Tarjeta de Crédito",29220.280000000002,184.39000000000001,7000.0,885.0,"Branch, POS, Web",2,True,2.6,Food & Supermarket Lover,Food
C001406,Cliente 1406,PyME,Guayaquil,30,5284.03,12,"Crédito Hipotecario, Crédito Vehicular, Cuenta Corriente, Cuenta de Ahorros",418304.55000000005,0.0,0.0,568.0,"ATM, App, Branch, Web",4,True,,Sin Perfil de Consumo,N/A
C001407,Cliente 1407,Mass,Ambato,22,630.56,1,Crédito Vehicular,23111.9,0.0,0.0,439.0,App,1,False,,Sin Perfil de Consumo,N/A
C001408,Cliente 1408,Joven,Guayaquil,21,559.62,10,"Cuenta de Ahorros, Tarjeta de Crédito",3976.19,253.24,8100.0,942.0,"ATM, App, POS",2,True,3.1,Food & Supermarket Lover,Supermarket
C001409,Cliente 1409,Affluent,Ambato,36,3015.72,15,"Crédito Hipotecario, Cuenta Corriente, Cuenta de Ahorros, Tarjeta de Crédito",73791.97,2617.72,42300.0,1122.0,"App, Branch, POS, Web",4,True,6.2,Entertainment & Streaming Lover,Streaming
C001410,Cliente 1410,Affluent,Quito,43,4201.04,9,"Crédito de Consumo, Tarjeta de Crédito",53250.66,1729.92,51000.0,347.0,"App, Branch, POS, Web",2,True,3.4,Food & Supermarket Lover,Supermarket
C001411,Cliente 1411,Affluent,Cuenca,42,3441.93,14,"Crédito Hipotecario, Tarjeta de Crédito",252989.0,3621.71,86400.0,1487.0,"App, Branch, POS, Web",2,True,4.2,Tech Lover,Technology
C001412,Cliente 1412,Mass,Cuenca,49,901.19,7,"Crédito Vehicular, Tarjeta de Crédito",23202.34,584.15,6000.0,1050.0,"Branch, POS, Web",2,True,9.7,Entertainment & Streaming Lover,Entertainment
C001413,Cliente 1413,Mass,Guayaquil,23,783.36,7,"Crédito Vehicular, Tarjeta de Crédito",62118.43,328.15999999999997,8400.0,34.0,"App, POS, Web",2,True,3.9,Education Lover,Education
C001414,Cliente 1414,Premium,Guayaquil,54,3373.15,12,"Crédito Vehicular, Tarjeta de Crédito",109997.4,2350.8599999999997,89000.0,468.0,"ATM, App, Branch, POS, Web",2,True,2.6,Entertainment & Streaming Lover,Streaming
C001415,Cliente 1415,Joven,Manta,40,463.4,7,"Crédito Vehicular, Tarjeta de Crédito",23979.06,231.54999999999998,6000.0,743.0,"App, Branch, POS",2,True,3.9,Travel Lover,Travel
C001416,Cliente 1416,PyME,Loja,38,3977.08,5,"Crédito Hipotecario, Crédito de Consumo",160933.99000000002,0.0,0.0,424.0,"ATM, App, Branch",2,True,,Sin Perfil de Consumo,N/A
C001417,Cliente 1417,Mass,Guayaquil,48,784.48,12,Tarjeta de Crédito,2683.44,680.5,21600.0,1231.0,"ATM, App, Branch, POS, Web",1,False,3.2,Food & Supermarket Lover,Supermarket
C001418,Cliente 1418,Affluent,Quito,33,2491.55,15,"Crédito Vehicular, Cuenta Corriente, Cuenta de Ahorros, Tarjeta de Crédito",99205.63,1075.19,19000.0,199.0,"ATM, App, Branch, POS, Web",4,True,5.7,Entertainment & Streaming Lover,Streaming
C001419,Cliente 1419,Mass,Guayaquil,52,419.03,13,"Crédito Hipotecario, Crédito Vehicular, Cuenta de Ahorros, Tarjeta de Crédito",131133.84,128.82,8400.0,573.0,"App, Branch, POS, Web",4,True,1.5,Food & Supermarket Lover,Supermarket
C001420,Cliente 1420,Mass,Manta,33,923.03,14,"Crédito Vehicular, Tarjeta de Crédito",25924.97,1220.08,31200.0,43.0,"App, POS, Web",2,True,3.9,Lifestyle Lover,Fuel
C001421,Cliente 1421,Affluent,Manta,36,1818.38,12,"Crédito Hipotecario, Cuenta Corriente, Tarjeta de Crédito",93855.69,1167.86,33300.0,972.0,"ATM, App, Branch, POS, Web",3,True,3.5,Health & Wellness Lover,Health
C001422,Cliente 1422,Affluent,Quito,42,1307.79,2,Crédito Vehicular,38816.4,0.0,0.0,683.0,"App, Branch",1,False,,Sin Perfil de Consumo,N/A
C001423,Cliente 1423,Joven,Quito,48,626.65,12,"Crédito Hipotecario, Crédito de Consumo, Cuenta de Ahorros, Tarjeta de Crédito",77016.78,297.92,7200.0,45.0,"ATM, App, Branch, POS, Web",4,True,4.1,Travel Lover,Travel
C001424,Cliente 1424,Mass,Guayaquil,55,774.59,14,"Cuenta Corriente, Cuenta de Ahorros, Tarjeta de Crédito",20975.36,346.15,16100.0,973.0,"ATM, App, Branch, POS, Web",3,True,2.2,Food & Supermarket Lover,Food
C001425,Cliente 1425,Premium,Guayaquil,37,3807.81,5,"Cuenta Corriente, Cuenta de Ahorros",10147.22,0.0,0.0,,"App, Branch, Web",2,True,,Sin Perfil de Consumo,N/A
C001426,Cliente 1426,Premium,Guayaquil,40,5753.58,13,"Crédito Hipotecario, Cuenta de Ahorros, Tarjeta de Crédito",261188.96,3290.8900000000003,75000.0,131.0,"App, Branch, POS, Web",3,True,4.4,Entertainment & Streaming Lover,Streaming
C001427,Cliente 1427,Mass,Desconocida,54,822.14,20,"Crédito Hipotecario, Cuenta Corriente, Tarjeta de Crédito",222674.29000000004,839.17,12600.0,688.0,"ATM, App, Branch, POS, Web",3,True,6.7,Travel Lover,Travel
C001428,Cliente 1428,PyME,Quito,34,2623.6,5,"Crédito Hipotecario, Crédito de Consumo",207783.51,0.0,0.0,575.0,"ATM, Branch, POS, Web",2,True,,Sin Perfil de Consumo,N/A
C001429,Cliente 1429,Affluent,Guayaquil,53,1521.0,9,"Crédito Hipotecario, Cuenta de Ahorros, Tarjeta de Crédito",124964.28,346.18,17500.0,1150.0,"ATM, App, Branch, POS, Web",3,True,2.0,Entertainment & Streaming Lover,Streaming
C001430,Cliente 1430,Mass,Loja,50,792.27,14,"Crédito de Consumo, Cuenta de Ahorros, Tarjeta de Crédito",15131.03,503.08,17100.0,151.0,"ATM, Branch, POS, Web",3,True,2.9,Food & Supermarket Lover,Food
C001431,Cliente 1431,Mass,Guayaquil,42,937.87,2,"Crédito Hipotecario, Cuenta de Ahorros",84375.56999999999,0.0,0.0,1089.0,App,2,True,,Sin Perfil de Consumo,N/A
C001432,Cliente 1432,Mass,Quito,41,761.05,9,"Cuenta de Ahorros, Tarjeta de Crédito",7047.74,250.55,6300.0,1405.0,"App, Branch, POS, Web",2,True,4.0,Food & Supermarket Lover,Supermarket
C001433,Cliente 1433,Mass,Guayaquil,18,812.81,14,"Crédito Vehicular, Crédito de Consumo, Cuenta de Ahorros, Tarjeta de Crédito",15396.09,555.96,14400.0,408.0,"App, Branch, POS, Web",4,True,3.9,Food & Supermarket Lover,Supermarket
C001434,Cliente 1434,Mass,Cuenca,47,1225.68,18,"Crédito Vehicular, Crédito de Consumo, Tarjeta de Crédito",27579.149999999998,671.11,23800.0,483.0,"App, Branch, POS, Web",3,True,2.8,Food & Supermarket Lover,Supermarket
C001435,Cliente 1435,Mass,Ambato,30,543.08,6,"Crédito Hipotecario, Cuenta de Ahorros, Tarjeta de Crédito",57820.469999999994,113.36,2400.0,537.0,"App, Branch, POS, Web",3,True,4.7,Tech Lover,Technology
C001436,Cliente 1436,Mass,Quito,24,1591.92,6,"Crédito de Consumo, Cuenta Corriente",27132.739999999998,0.0,0.0,276.0,"ATM, App, Branch, Web",2,True,,Sin Perfil de Consumo,N/A
C001437,Cliente 1437,Mass,Guayaquil,44,1222.79,17,"Crédito de Consumo, Cuenta de Ahorros, Tarjeta de Crédito",11690.25,611.53,18200.0,1036.0,"App, Branch, POS, Web",3,True,3.4,Food & Supermarket Lover,Supermarket
C001438,Cliente 1438,Mass,Ambato,49,834.8,18,"Crédito Vehicular, Cuenta de Ahorros, Tarjeta de Crédito",39656.159999999996,829.54,28600.0,1416.0,"ATM, App, Branch, POS, Web",3,True,2.9,Food & Supermarket Lover,Food
C001439,Cliente 1439,Affluent,Quito,25,960.05,14,"Crédito de Consumo, Tarjeta de Crédito",27536.01,551.8199999999999,28600.0,97.0,"App, Branch, POS, Web",2,True,1.9,Entertainment & Streaming Lover,Entertainment
C001440,Cliente 1440,Joven,Quito,31,716.14,18,"Crédito de Consumo, Cuenta Corriente, Tarjeta de Crédito",14945.9,617.53,13200.0,1188.0,"ATM, App, Branch, POS, Web",3,True,4.7,Education Lover,Education
C001441,Cliente 1441,Joven,Quito,28,751.3,10,"Crédito Hipotecario, Tarjeta de Crédito",90196.68,316.47,9600.0,73.0,"App, Branch, POS, Web",2,True,3.3,Entertainment & Streaming Lover,Streaming
C001442,Cliente 1442,Joven,Guayaquil,50,1033.23,6,"Crédito Hipotecario, Tarjeta de Crédito",104304.36,366.71,10000.0,996.0,"App, Branch, Web",2,True,3.7,Education Lover,Education
C001443,Cliente 1443,Mass,Ambato,61,620.01,8,"Crédito de Consumo, Tarjeta de Crédito",20006.309999999998,227.12,9000.0,566.0,"Branch, POS",2,True,2.5,Entertainment & Streaming Lover,Entertainment
C001444,Cliente 1444,Mass,Loja,38,704.13,11,"Crédito Vehicular, Crédito de Consumo, Tarjeta de Crédito",42235.22,211.9,7000.0,561.0,"ATM, App, Branch, POS",3,True,3.0,Lifestyle Lover,Fuel
C001445,Cliente 1445,Mass,Guayaquil,27,888.8,15,"Crédito de Consumo, Tarjeta de Crédito",17338.48,939.17,35000.0,67.0,"App, POS, Web",2,True,2.7,Food & Supermarket Lover,Food
C001446,Cliente 1446,PyME,Quito,19,5186.27,15,"Crédito Vehicular, Crédito de Consumo, Tarjeta de Crédito",61491.46000000001,5022.95,132600.0,185.0,"App, Branch, POS, Web",3,True,3.8,Health & Wellness Lover,Health
C001447,Cliente 1447,Mass,Cuenca,25,487.6,6,"Crédito de Consumo, Cuenta de Ahorros",14702.019999999999,0.0,0.0,778.0,"ATM, App, Web",2,True,,Sin Perfil de Consumo,N/A
C001448,Cliente 1448,Affluent,Guayaquil,52,1225.57,10,"Crédito Hipotecario, Crédito de Consumo, Tarjeta de Crédito",110853.66,776.01,18400.0,561.0,"App, Branch, POS, Web",3,True,4.2,Food & Supermarket Lover,Food
C001449,Cliente 1449,Joven,Guayaquil,51,725.29,12,"Crédito de Consumo, Cuenta Corriente, Tarjeta de Crédito",5292.76,299.44,13300.0,113.0,"App, POS, Web",3,True,2.3,Tech Lover,Technology
C001450,Cliente 1450,Affluent,Quito,25,1941.71,18,"Cuenta Corriente, Cuenta de Ahorros, Tarjeta de Crédito",62703.759999999995,2004.48,68600.0,1453.0,"ATM, App, Branch, POS, Web",3,True,2.9,Entertainment & Streaming Lover,Streaming
C001451,Cliente 1451,Mass,Guayaquil,61,888.64,11,"Cuenta Corriente, Tarjeta de Crédito",15741.0,428.92,15400.0,65.0,"ATM, App, Branch, POS, Web",2,True,2.8,Food & Supermarket Lover,Supermarket
C001452,Cliente 1452,Mass,Quito,31,472.14,14,"Crédito Vehicular, Tarjeta de Crédito",44979.82,315.90999999999997,15600.0,121.0,"ATM, App, Branch, POS, Web",2,True,2.0,Food & Supermarket Lover,Supermarket
C001453,Cliente 1453,PyME,Ambato,20,1441.41,12,"Cuenta Corriente, Tarjeta de Crédito",21280.760000000002,627.3299999999999,20800.0,479.0,"App, Branch, POS, Web",2,True,3.0,Entertainment & Streaming Lover,Streaming
C001454,Cliente 1454,Mass,Guayaquil,47,1173.62,14,"Crédito de Consumo, Cuenta Corriente, Tarjeta de Crédito",29003.41,572.06,30600.0,38.0,"ATM, Branch, POS, Web",3,True,1.9,Food & Supermarket Lover,Food
C001455,Cliente 1455,Mass,Ambato,22,587.5,15,"Crédito Hipotecario, Tarjeta de Crédito",172561.65,441.15,20400.0,32.0,"App, Branch, Web",2,True,2.2,Lifestyle Lover,Others
C001456,Cliente 1456,Affluent,Guayaquil,36,1709.64,15,"Crédito Hipotecario, Tarjeta de Crédito",93035.87,1175.94,42000.0,561.0,"ATM, App, Branch, POS, Web",2,True,2.8,Lifestyle Lover,Others
C001457,Cliente 1457,Mass,Guayaquil,30,731.97,18,"Crédito Hipotecario, Crédito de Consumo, Tarjeta de Crédito",114859.98,538.87,18200.0,974.0,"ATM, App, Branch, POS, Web",3,True,3.0,Travel Lover,Travel
C001458,Cliente 1458,Mass,Guayaquil,45,1469.01,3,Crédito de Consumo,7755.150000000001,0.0,0.0,1493.0,Web,1,False,,Sin Perfil de Consumo,N/A
C001459,Cliente 1459,Mass,Guayaquil,45,865.81,13,"Crédito de Consumo, Cuenta Corriente, Cuenta de Ahorros, Tarjeta de Crédito",19408.08,492.76,7200.0,45.0,"ATM, App, Branch, POS, Web",4,True,6.8,Lifestyle Lover,Others
C001460,Cliente 1460,Premium,Quito,36,2363.82,11,"Cuenta Corriente, Tarjeta de Crédito",34905.82,1181.6799999999998,47600.0,1239.0,"App, Branch, POS, Web",2,True,2.5,Health & Wellness Lover,Health
C001461,Cliente 1461,Mass,Quito,29,1057.68,13,"Crédito Hipotecario, Tarjeta de Crédito",101055.4,594.65,22800.0,604.0,"App, Branch, POS, Web",2,True,2.6,Tech Lover,Technology
C001462,Cliente 1462,Joven,Quito,21,515.4,9,Tarjeta de Crédito,3302.46,340.22999999999996,9000.0,915.0,"ATM, App, POS",1,False,3.8,Health & Wellness Lover,Health
C001463,Cliente 1463,Joven,Guayaquil,35,846.22,11,"Crédito de Consumo, Cuenta de Ahorros, Tarjeta de Crédito",20179.43,198.25,13800.0,522.0,"ATM, App, Branch, POS, Web",3,True,1.4,Travel Lover,Travel
C001464,Cliente 1464,Premium,Guayaquil,38,6482.36,4,Crédito Vehicular,40028.82,0.0,0.0,1875.0,"App, Branch",1,False,,Sin Perfil de Consumo,N/A
C001465,Cliente 1465,Premium,Guayaquil,31,6500.55,16,"Crédito de Consumo, Cuenta Corriente, Tarjeta de Crédito",125021.05,6756.7300000000005,197400.0,12.0,"ATM, App, Branch, POS, Web",3,True,3.4,Travel Lover,Travel
C001466,Cliente 1466,Mass,Quito,32,932.68,4,"Crédito Vehicular, Cuenta de Ahorros",15047.46,0.0,0.0,1562.0,"App, Branch, Web",2,True,,Sin Perfil de Consumo,N/A
C001467,Cliente 1467,Affluent,Cuenca,21,2071.99,12,"Crédito Vehicular, Cuenta de Ahorros, Tarjeta de Crédito",31999.8,1139.05,27200.0,657.0,"App, Branch, POS, Web",3,True,4.2,Travel Lover,Travel
C001468,Cliente 1468,Affluent,Quito,43,3340.94,2,Crédito Hipotecario,107715.8,0.0,0.0,1676.0,App,1,False,,Sin Perfil de Consumo,N/A
C001469,Cliente 1469,Mass,Quito,40,980.04,9,"Crédito de Consumo, Cuenta de Ahorros, Tarjeta de Crédito",12312.59,247.03,8000.0,393.0,"App, Branch, POS, Web",3,True,3.1,Food & Supermarket Lover,Supermarket
C001470,Cliente 1470,PyME,Guayaquil,18,1533.17,18,"Crédito de Consumo, Cuenta Corriente, Cuenta de Ahorros, Tarjeta de Crédito",38740.6,1339.08,57200.0,310.0,"ATM, App, Branch, POS, Web",4,True,2.3,Food & Supermarket Lover,Food
C001471,Cliente 1471,Mass,Ambato,39,637.98,7,"Crédito de Consumo, Tarjeta de Crédito",6812.889999999999,325.99,6600.0,241.0,"App, Branch, POS",2,True,4.9,Entertainment & Streaming Lover,Entertainment
C001472,Cliente 1472,Affluent,Guayaquil,43,3510.21,17,"Crédito Hipotecario, Crédito Vehicular, Cuenta Corriente, Tarjeta de Crédito",202882.56,2139.06,97900.0,738.0,"App, Branch, POS, Web",4,True,2.2,Tech Lover,Technology
C001473,Cliente 1473,Affluent,Cuenca,40,1671.56,8,"Cuenta Corriente, Tarjeta de Crédito",6018.959999999999,394.72,16200.0,250.0,"App, Branch, POS, Web",2,True,2.4,Food & Supermarket Lover,Food
C001474,Cliente 1474,Mass,Quito,51,1200.18,12,"Crédito Hipotecario, Tarjeta de Crédito",107375.09000000001,653.92,28600.0,452.0,"App, POS, Web",2,True,2.3,Tech Lover,Technology
C001475,Cliente 1475,PyME,Guayaquil,43,1793.01,11,"Crédito Hipotecario, Tarjeta de Crédito",272273.94,550.5500000000001,27900.0,488.0,"App, Branch, POS, Web",2,True,2.0,Education Lover,Education
C001476,Cliente 1476,PyME,Quito,42,2704.3,3,Cuenta de Ahorros,38658.36,0.0,0.0,,Web,1,False,,Sin Perfil de Consumo,N/A
C001477,Cliente 1477,Affluent,Guayaquil,20,1828.43,8,"Crédito de Consumo, Tarjeta de Crédito",27124.94,1613.9099999999999,14000.0,1300.0,"ATM, App, POS",2,True,11.5,Entertainment & Streaming Lover,Entertainment
C001478,Cliente 1478,Affluent,Cuenca,38,2281.94,19,"Crédito Vehicular, Cuenta Corriente, Tarjeta de Crédito",86051.87,2190.02,68600.0,159.0,"App, Branch, POS, Web",3,True,3.2,Tech Lover,Technology
C001479,Cliente 1479,Mass,Quito,43,777.6,15,"Cuenta Corriente, Tarjeta de Crédito",10982.42,347.62,15400.0,1299.0,"App, Branch, POS, Web",2,True,2.3,Tech Lover,Technology
C001480,Cliente 1480,Premium,Quito,21,3364.48,20,"Crédito Hipotecario, Cuenta Corriente, Cuenta de Ahorros, Tarjeta de Crédito",396420.94,1782.28,67500.0,698.0,"ATM, App, Branch, POS, Web",4,True,2.6,Lifestyle Lover,Others
C001481,Cliente 1481,Mass,Quito,39,1058.95,6,"Crédito Hipotecario, Tarjeta de Crédito",118775.1,202.68,11200.0,21.0,"ATM, App, Web",2,True,1.8,Food & Supermarket Lover,Supermarket
C001482,Cliente 1482,Mass,Cuenca,37,591.82,1,Crédito de Consumo,5105.71,0.0,0.0,848.0,App,1,False,,Sin Perfil de Consumo,N/A
C001483,Cliente 1483,Affluent,Cuenca,33,1688.74,6,"Cuenta de Ahorros, Tarjeta de Crédito",14824.2,386.95,16400.0,1266.0,"App, Branch, POS, Web",2,True,2.4,Lifestyle Lover,Others
C001484,Cliente 1484,PyME,Guayaquil,36,1995.37,10,"Crédito Hipotecario, Crédito Vehicular, Tarjeta de Crédito",37094.72,1143.8600000000001,35200.0,231.0,"App, Branch, POS, Web",3,True,3.2,Lifestyle Lover,Fuel
C001485,Cliente 1485,Mass,Guayaquil,40,831.8,2,Crédito de Consumo,4910.46,0.0,0.0,2156.0,Web,1,False,,Sin Perfil de Consumo,N/A
C001486,Cliente 1486,Joven,Quito,34,600.41,5,"Crédito Hipotecario, Cuenta de Ahorros",239750.49,0.0,0.0,685.0,"App, Branch, Web",2,True,,Sin Perfil de Consumo,N/A
C001487,Cliente 1487,Mass,Cuenca,24,1465.83,3,"Crédito Hipotecario, Cuenta de Ahorros",53497.24999999999,0.0,0.0,570.0,"App, Branch, Web",2,True,,Sin Perfil de Consumo,N/A
C001488,Cliente 1488,Mass,Manta,42,916.96,8,"Crédito de Consumo, Tarjeta de Crédito",6414.03,249.84,8400.0,1150.0,"App, POS, Web",2,True,3.0,Tech Lover,Technology
C001489,Cliente 1489,Affluent,Cuenca,46,1821.74,11,"Crédito de Consumo, Cuenta de Ahorros, Tarjeta de Crédito",32791.89,808.44,31800.0,386.0,"App, Branch, POS, Web",3,True,2.5,Food & Supermarket Lover,Supermarket
C001490,Cliente 1490,Mass,Quito,29,1056.58,13,Tarjeta de Crédito,4574.57,838.51,39000.0,1491.0,"ATM, App, Branch, POS, Web",1,False,2.2,Food & Supermarket Lover,Food
C001491,Cliente 1491,PyME,Quito,26,2786.48,16,"Crédito Hipotecario, Crédito Vehicular, Crédito de Consumo, Tarjeta de Crédito",137818.33000000002,3330.03,67600.0,490.0,"App, Branch, POS, Web",4,True,4.9,Food & Supermarket Lover,Food
C001492,Cliente 1492,Joven,Manta,40,774.02,13,"Crédito Hipotecario, Crédito Vehicular, Cuenta de Ahorros, Tarjeta de Crédito",172038.38,516.13,14400.0,1338.0,"ATM, App, Branch, POS, Web",4,True,3.6,Entertainment & Streaming Lover,Streaming
C001493,Cliente 1493,Joven,Guayaquil,39,988.95,4,Cuenta Corriente,8971.28,0.0,0.0,,"ATM, Branch, Web",1,False,,Sin Perfil de Consumo,N/A
C001494,Cliente 1494,Joven,Quito,49,822.81,8,"Crédito Vehicular, Crédito de Consumo, Cuenta Corriente",54997.079999999994,0.0,0.0,563.0,"ATM, App, Branch, Web",3,True,,Sin Perfil de Consumo,N/A
C001495,Cliente 1495,Mass,Guayaquil,37,794.34,10,"Crédito de Consumo, Cuenta de Ahorros, Tarjeta de Crédito",17454.09,97.2,8800.0,375.0,"App, POS, Web",3,True,1.1,Health & Wellness Lover,Health
C001496,Cliente 1496,Mass,Quito,41,624.02,7,"Crédito de Consumo, Tarjeta de Crédito",11195.02,188.95,3600.0,37.0,"App, Branch, POS, Web",2,True,5.2,Health & Wellness Lover,Health
C001497,Cliente 1497,Joven,Quito,36,481.75,10,"Crédito Hipotecario, Tarjeta de Crédito",162492.97999999998,492.24,9600.0,137.0,"App, Branch, POS, Web",2,True,5.1,Entertainment & Streaming Lover,Entertainment
C001498,Cliente 1498,Mass,Guayaquil,31,1401.26,9,"Crédito Hipotecario, Crédito Vehicular, Tarjeta de Crédito",246132.51,709.5699999999999,9500.0,599.0,"App, Branch, POS, Web",3,True,7.5,Lifestyle Lover,Others
C001499,Cliente 1499,Premium,Loja,33,3151.49,16,"Crédito Hipotecario, Crédito Vehicular, Cuenta de Ahorros, Tarjeta de Crédito",271819.62,2293.84,86000.0,206.0,"App, Branch, POS, Web",4,True,2.7,Travel Lover,Travel
C001500,Cliente 1500,Affluent,Quito,37,2411.82,10,"Crédito Vehicular, Tarjeta de Crédito",49746.08,1330.98,53600.0,1142.0,"App, Branch, POS, Web",2,True,2.5,Lifestyle Lover,Fuel
C001501,Cliente 1501,Mass,Quito,35,685.8,8,"Crédito Hipotecario, Tarjeta de Crédito",243414.30000000002,168.87,5000.0,825.0,"App, Branch, POS, Web",2,True,3.4,Tech Lover,Technology
C001502,Cliente 1502,Mass,Guayaquil,29,1252.91,8,"Crédito de Consumo, Cuenta de Ahorros, Tarjeta de Crédito",16525.28,233.16,11200.0,1229.0,"App, Branch, POS, Web",3,True,2.1,Travel Lover,Travel
C001503,Cliente 1503,Premium,Manta,30,4018.88,4,"Cuenta Corriente, Cuenta de Ahorros",18879.649999999998,0.0,0.0,,"App, Branch, Web",2,True,,Sin Perfil de Consumo,N/A
C001504,Cliente 1504,Premium,Guayaquil,43,4300.21,4,"Crédito Hipotecario, Crédito Vehicular",67193.27,0.0,0.0,655.0,"App, Web",2,True,,Sin Perfil de Consumo,N/A
C001505,Cliente 1505,PyME,Guayaquil,24,2623.76,11,"Crédito Vehicular, Cuenta de Ahorros, Tarjeta de Crédito",29323.52,2057.75,21000.0,174.0,"App, Branch, POS, Web",3,True,9.8,Entertainment & Streaming Lover,Streaming
C001506,Cliente 1506,PyME,Quito,47,3387.78,3,Crédito Vehicular,56551.049999999996,0.0,0.0,1503.0,"Branch, Web",1,False,,Sin Perfil de Consumo,N/A
C001507,Cliente 1507,Mass,Cuenca,29,1410.27,21,"Crédito Hipotecario, Cuenta Corriente, Cuenta de Ahorros, Tarjeta de Crédito",81791.66,1335.24,53200.0,97.0,"App, Branch, POS, Web",4,True,2.5,Travel Lover,Travel
C001508,Cliente 1508,Mass,Quito,34,853.66,1,Cuenta de Ahorros,2464.35,0.0,0.0,,App,1,False,,Sin Perfil de Consumo,N/A
C001509,Cliente 1509,Joven,Quito,51,789.42,7,"Crédito Vehicular, Tarjeta de Crédito",48115.56999999999,228.23,4000.0,1453.0,"App, POS, Web",2,True,5.7,Tech Lover,Technology
C001510,Cliente 1510,Mass,Quito,52,1227.38,8,Tarjeta de Crédito,4772.32,966.25,10400.0,1179.0,"ATM, App, POS, Web",1,False,9.3,Food & Supermarket Lover,Supermarket
C001511,Cliente 1511,Joven,Ambato,42,1101.93,16,"Crédito Hipotecario, Crédito Vehicular, Cuenta de Ahorros, Tarjeta de Crédito",85262.44,864.96,16500.0,836.0,"App, Branch, POS, Web",4,True,5.2,Entertainment & Streaming Lover,Streaming
C001512,Cliente 1512,Affluent,Cuenca,47,2942.34,16,"Cuenta de Ahorros, Tarjeta de Crédito",61665.71,2750.65,74100.0,1312.0,"ATM, App, POS, Web",2,True,3.7,Tech Lover,Technology
C001513,Cliente 1513,Mass,Guayaquil,47,975.35,8,"Cuenta de Ahorros, Tarjeta de Crédito",9369.279999999999,121.41,9200.0,377.0,"App, Branch, POS, Web",2,True,1.3,Food & Supermarket Lover,Supermarket
C001514,Cliente 1514,Premium,Quito,65,6632.69,6,"Cuenta Corriente, Tarjeta de Crédito",59211.729999999996,1738.3899999999999,53000.0,929.0,POS,2,True,3.3,Health & Wellness Lover,Health
C001515,Cliente 1515,Joven,Manta,45,639.34,14,"Crédito de Consumo, Tarjeta de Crédito",15168.009999999998,458.31,13200.0,919.0,"App, Branch, POS, Web",2,True,3.5,Tech Lover,Technology
C001516,Cliente 1516,Mass,Guayaquil,18,581.1,17,"Cuenta de Ahorros, Tarjeta de Crédito",10195.35,749.55,23800.0,822.0,"ATM, App, Branch, POS, Web",2,True,3.1,Health & Wellness Lover,Health
C001517,Cliente 1517,Premium,Guayaquil,45,5070.78,4,"Crédito Hipotecario, Crédito Vehicular",79186.3,0.0,0.0,657.0,"ATM, Branch",2,True,,Sin Perfil de Consumo,N/A
C001518,Cliente 1518,Mass,Guayaquil,31,815.7,3,Crédito de Consumo,16794.66,0.0,0.0,267.0,"Branch, POS, Web",1,False,,Sin Perfil de Consumo,N/A
C001519,Cliente 1519,Mass,Quito,43,729.55,8,"Cuenta Corriente, Tarjeta de Crédito",7629.620000000001,354.84000000000003,15400.0,1136.0,"App, Branch, POS, Web",2,True,2.3,Food & Supermarket Lover,Food
C001520,Cliente 1520,Mass,Manta,27,910.19,4,Cuenta de Ahorros,-400.0,0.0,0.0,,"ATM, App, Web",1,False,,Sin Perfil de Consumo,N/A
C001521,Cliente 1521,Mass,Guayaquil,43,576.1,10,"Crédito de Consumo, Cuenta de Ahorros, Tarjeta de Crédito",16553.940000000002,180.17999999999998,5000.0,823.0,"App, Branch, POS, Web",3,True,3.6,Health & Wellness Lover,Health
C001522,Cliente 1522,PyME,Quito,45,2386.56,10,"Crédito de Consumo, Tarjeta de Crédito",55592.49,846.7099999999999,31500.0,103.0,"App, Branch, Web",2,True,2.7,Entertainment & Streaming Lover,Entertainment
C001523,Cliente 1523,Mass,Quito,33,1047.59,7,"Crédito Hipotecario, Cuenta Corriente",307712.58,0.0,0.0,770.0,"ATM, Branch, Web",2,True,,Sin Perfil de Consumo,N/A
C001524,Cliente 1524,Joven,Cuenca,60,496.4,10,"Crédito de Consumo, Cuenta de Ahorros, Tarjeta de Crédito",8930.96,214.96,5500.0,610.0,"App, Branch, POS, Web",3,True,3.9,Lifestyle Lover,Fuel
C001525,Cliente 1525,Affluent,Cuenca,41,2041.88,13,"Cuenta Corriente, Cuenta de Ahorros, Tarjeta de Crédito",44205.94,850.53,20300.0,1408.0,"App, Branch, POS, Web",3,True,4.2,Food & Supermarket Lover,Supermarket
C001526,Cliente 1526,Joven,Quito,47,547.97,13,"Crédito Hipotecario, Tarjeta de Crédito",91822.73999999999,383.38,19200.0,1367.0,"App, Branch, POS, Web",2,True,2.0,Entertainment & Streaming Lover,Streaming
C001527,Cliente 1527,Joven,Guayaquil,37,909.53,13,"Crédito Vehicular, Tarjeta de Crédito",22803.930000000004,779.78,18000.0,590.0,"ATM, App, POS, Web",2,True,4.3,Tech Lover,Technology
C001528,Cliente 1528,Mass,Ambato,25,1036.7,5,"Crédito Hipotecario, Crédito de Consumo, Cuenta de Ahorros",221812.34,0.0,0.0,173.0,"ATM, App, Branch",3,True,,Sin Perfil de Consumo,N/A
C001529,Cliente 1529,Joven,Quito,37,676.99,2,Cuenta Corriente,3482.64,0.0,0.0,,Branch,1,False,,Sin Perfil de Consumo,N/A
C001530,Cliente 1530,Mass,Guayaquil,51,1191.18,15,"Cuenta Corriente, Tarjeta de Crédito",21435.25,810.88,19800.0,617.0,"App, Branch, POS, Web",2,True,4.1,Tech Lover,Technology
C001531,Cliente 1531,Affluent,Guayaquil,43,3326.04,13,"Crédito Vehicular, Tarjeta de Crédito",98786.69,2010.43,82000.0,1296.0,"ATM, App, Branch, POS, Web",2,True,2.5,Food & Supermarket Lover,Supermarket
C001532,Cliente 1532,Joven,Guayaquil,28,998.28,18,"Crédito Vehicular, Crédito de Consumo, Tarjeta de Crédito",24549.539999999997,857.77,37800.0,57.0,"ATM, App, Branch, POS, Web",3,True,2.3,Entertainment & Streaming Lover,Streaming
C001533,Cliente 1533,Affluent,Quito,53,1922.96,10,"Crédito Vehicular, Cuenta de Ahorros, Tarjeta de Crédito",17966.9,989.76,23500.0,540.0,"App, Branch, POS",3,True,4.2,Travel Lover,Travel
C001534,Cliente 1534,PyME,Ambato,50,4234.56,11,Tarjeta de Crédito,14121.91,2748.2599999999998,83600.0,414.0,"Branch, POS, Web",1,False,3.3,Entertainment & Streaming Lover,Streaming
C001535,Cliente 1535,Joven,Quito,29,784.72,9,"Crédito Vehicular, Cuenta Corriente, Tarjeta de Crédito",52692.88,434.79999999999995,7200.0,1123.0,"ATM, App, POS, Web",3,True,6.0,Food & Supermarket Lover,Supermarket
C001536,Cliente 1536,Joven,Quito,28,1775.52,15,"Crédito de Consumo, Tarjeta de Crédito",40464.46,2917.53,57200.0,353.0,"App, Branch, POS, Web",2,True,5.1,Education Lover,Education
C001537,Cliente 1537,Mass,Guayaquil,52,641.3,9,"Crédito Vehicular, Cuenta Corriente, Tarjeta de Crédito",49774.95,194.17,9500.0,838.0,"ATM, App, POS",3,True,2.0,Tech Lover,Technology
C001538,Cliente 1538,Mass,Guayaquil,42,1021.96,3,Crédito de Consumo,12459.54,0.0,0.0,1736.0,"App, Web",1,False,,Sin Perfil de Consumo,N/A
C001539,Cliente 1539,Mass,Cuenca,48,949.99,13,"Crédito Hipotecario, Crédito de Consumo, Cuenta de Ahorros, Tarjeta de Crédito",247915.15,467.06,9800.0,1184.0,"App, Branch, Web",4,True,4.8,Tech Lover,Technology
C001540,Cliente 1540,Affluent,Guayaquil,40,2862.31,17,"Crédito Hipotecario, Crédito Vehicular, Cuenta de Ahorros, Tarjeta de Crédito",189952.96000000002,2137.61,55200.0,492.0,"ATM, App, Branch, POS, Web",4,True,3.9,Lifestyle Lover,Others
C001541,Cliente 1541,Mass,Quito,32,711.96,17,"Crédito Hipotecario, Cuenta Corriente, Cuenta de Ahorros, Tarjeta de Crédito",187236.62,711.13,11900.0,909.0,"App, Branch, POS, Web",4,True,6.0,Food & Supermarket Lover,Food
C001542,Cliente 1542,Premium,Cuenca,53,3559.57,18,"Crédito de Consumo, Cuenta Corriente, Cuenta de Ahorros, Tarjeta de Crédito",130686.78000000001,2582.94,115700.0,10.0,"ATM, App, Branch, POS, Web",4,True,2.2,Education Lover,Education
C001543,Cliente 1543,Joven,Quito,30,912.57,1,Crédito Vehicular,19595.28,0.0,0.0,375.0,App,1,False,,Sin Perfil de Consumo,N/A
C001544,Cliente 1544,Joven,Loja,48,853.15,6,"Crédito Hipotecario, Crédito de Consumo, Cuenta de Ahorros",79667.51,0.0,0.0,153.0,"ATM, App, Branch, Web",3,True,,Sin Perfil de Consumo,N/A
C001545,Cliente 1545,Premium,Quito,18,4769.77,11,"Crédito Vehicular, Cuenta Corriente, Tarjeta de Crédito",83268.77,2136.57,38000.0,148.0,"ATM, App, Branch, POS, Web",3,True,5.6,Entertainment & Streaming Lover,Entertainment
C001546,Cliente 1546,Mass,Quito,26,1021.68,3,"Crédito Hipotecario, Crédito Vehicular",189480.53,0.0,0.0,1406.0,"ATM, Branch",2,True,,Sin Perfil de Consumo,N/A
C001547,Cliente 1547,PyME,Quito,30,3298.23,4,Cuenta Corriente,63622.92,0.0,0.0,,"App, Web",1,False,,Sin Perfil de Consumo,N/A
C001548,Cliente 1548,Mass,Guayaquil,57,1131.08,2,"Crédito Hipotecario, Cuenta de Ahorros",81733.81,0.0,0.0,1516.0,"App, Branch",2,True,,Sin Perfil de Consumo,N/A
C001549,Cliente 1549,Joven,Cuenca,18,350.0,8,"Crédito de Consumo, Tarjeta de Crédito",1651.51,152.86,5600.0,1091.0,"App, Branch, POS",2,True,2.7,Travel Lover,Travel
C001550,Cliente 1550,Joven,Quito,18,981.84,2,Cuenta de Ahorros,3625.44,0.0,0.0,,"App, Branch",1,False,,Sin Perfil de Consumo,N/A
C001551,Cliente 1551,Joven,Quito,25,780.41,12,Tarjeta de Crédito,12346.079999999998,394.59,26400.0,680.0,"App, Branch, POS, Web",1,False,1.5,Food & Supermarket Lover,Supermarket
C001552,Cliente 1552,Affluent,Guayaquil,48,2188.86,19,"Cuenta Corriente, Cuenta de Ahorros, Tarjeta de Crédito",27200.27,2921.73,44800.0,451.0,"ATM, App, Branch, POS, Web",3,True,6.5,Food & Supermarket Lover,Supermarket
C001553,Cliente 1553,Mass,Guayaquil,52,920.99,4,Tarjeta de Crédito,601.24,165.76,6400.0,1056.0,"App, Branch, POS",1,False,2.6,Tech Lover,Technology
C001554,Cliente 1554,Affluent,Cuenca,56,1667.45,15,"Cuenta Corriente, Tarjeta de Crédito",20516.25,1730.06,65800.0,882.0,"App, Branch, POS, Web",2,True,2.6,Food & Supermarket Lover,Food
C001555,Cliente 1555,Premium,Cuenca,62,4726.8,13,"Crédito Hipotecario, Cuenta Corriente, Tarjeta de Crédito",85826.34,2986.97,57600.0,620.0,"App, POS, Web",3,True,5.2,Travel Lover,Travel
C001556,Cliente 1556,Affluent,Desconocida,41,3933.01,6,Tarjeta de Crédito,11843.16,1731.68,33600.0,565.0,"App, Branch, POS, Web",1,False,5.2,Health & Wellness Lover,Health
C001557,Cliente 1557,Mass,Guayaquil,31,790.6,10,"Crédito Hipotecario, Tarjeta de Crédito",79216.75,665.16,7200.0,1382.0,"App, Branch, POS, Web",2,True,9.2,Entertainment & Streaming Lover,Streaming
C001558,Cliente 1558,Mass,Cuenca,18,774.4,3,Crédito Vehicular,100689.75,0.0,0.0,1504.0,"App, Branch, Web",1,False,,Sin Perfil de Consumo,N/A
C001559,Cliente 1559,Mass,Manta,46,783.45,13,"Cuenta de Ahorros, Tarjeta de Crédito",3869.56,793.59,25300.0,520.0,"App, Branch, POS, Web",2,True,3.1,Entertainment & Streaming Lover,Streaming
C001560,Cliente 1560,Affluent,Guayaquil,44,1993.43,5,"Crédito Vehicular, Cuenta Corriente",38461.34,0.0,0.0,1305.0,"App, Branch, Web",2,True,,Sin Perfil de Consumo,N/A
C001561,Cliente 1561,Joven,Ambato,28,629.96,8,"Crédito Hipotecario, Tarjeta de Crédito",244937.06,169.18,6000.0,483.0,"ATM, Branch, POS, Web",2,True,2.8,Food & Supermarket Lover,Supermarket
C001562,Cliente 1562,Mass,Quito,38,1356.21,8,"Crédito Vehicular, Tarjeta de Crédito",51555.31,635.34,14500.0,360.0,"App, Branch, POS, Web",2,True,4.4,Entertainment & Streaming Lover,Entertainment
C001563,Cliente 1563,Mass,Quito,62,570.62,14,"Crédito Hipotecario, Crédito Vehicular, Cuenta Corriente, Tarjeta de Crédito",83049.12000000001,442.82,3600.0,1038.0,"ATM, App, Branch, POS, Web",4,True,12.3,Food & Supermarket Lover,Food
C001564,Cliente 1564,Mass,Guayaquil,39,730.78,1,Crédito de Consumo,4241.08,0.0,0.0,690.0,Branch,1,False,,Sin Perfil de Consumo,N/A
C001565,Cliente 1565,PyME,Guayaquil,35,2973.57,1,Cuenta Corriente,12262.6,0.0,0.0,,Branch,1,False,,Sin Perfil de Consumo,N/A
C001566,Cliente 1566,Mass,Manta,29,385.67,5,"Crédito de Consumo, Cuenta de Ahorros",14351.220000000001,0.0,0.0,2097.0,"App, Branch, Web",2,True,,Sin Perfil de Consumo,N/A
C001567,Cliente 1567,PyME,Guayaquil,40,4534.21,23,"Crédito Hipotecario, Cuenta Corriente, Cuenta de Ahorros, Tarjeta de Crédito",168790.13999999998,4444.43,59800.0,39.0,"ATM, App, Branch, POS, Web",4,True,7.4,Food & Supermarket Lover,Food
C001568,Cliente 1568,Joven,Quito,77,816.73,16,"Crédito Hipotecario, Crédito Vehicular, Crédito de Consumo, Tarjeta de Crédito",296916.91,271.79,16000.0,111.0,"ATM, App, Branch, POS",4,True,1.7,Entertainment & Streaming Lover,Streaming
C001569,Cliente 1569,Premium,Loja,50,3086.44,10,"Crédito Hipotecario, Tarjeta de Crédito",264009.85000000003,3102.67,23100.0,75.0,"ATM, App, POS, Web",2,True,13.4,Entertainment & Streaming Lover,Entertainment
C001570,Cliente 1570,Mass,Manta,47,802.03,9,"Crédito Vehicular, Tarjeta de Crédito",17641.62,386.89,8000.0,1169.0,"ATM, App, POS",2,True,4.8,Travel Lover,Travel
C001571,Cliente 1571,Affluent,Guayaquil,49,2212.23,12,"Cuenta Corriente, Tarjeta de Crédito",33713.0,1437.69,30000.0,183.0,"App, Branch, POS, Web",2,True,4.8,Entertainment & Streaming Lover,Streaming
C001572,Cliente 1572,Mass,Quito,35,753.08,6,"Crédito Vehicular, Tarjeta de Crédito",31487.62,223.72,4800.0,1140.0,"App, Branch, POS, Web",2,True,4.7,Food & Supermarket Lover,Supermarket
C001573,Cliente 1573,Mass,Quito,18,564.58,14,"Crédito de Consumo, Tarjeta de Crédito",7143.4800000000005,550.28,9600.0,1022.0,"App, Branch, POS, Web",2,True,5.7,Travel Lover,Travel
C001574,Cliente 1574,Premium,Loja,42,3157.48,3,Crédito Hipotecario,219481.94999999998,0.0,0.0,1590.0,"ATM, Branch",1,False,,Sin Perfil de Consumo,N/A
C001575,Cliente 1575,Premium,Quito,24,5508.21,13,"Crédito Hipotecario, Crédito Vehicular, Tarjeta de Crédito",159898.04,3810.36,137500.0,569.0,"App, Branch, POS, Web",3,True,2.8,Entertainment & Streaming Lover,Entertainment
C001576,Cliente 1576,Mass,Guayaquil,38,2174.57,9,"Crédito Hipotecario, Tarjeta de Crédito",19773.89,1796.59,28800.0,448.0,"App, Branch, POS",2,True,6.2,Entertainment & Streaming Lover,Streaming
C001577,Cliente 1577,Mass,Guayaquil,51,964.82,1,Crédito de Consumo,4763.29,0.0,0.0,1605.0,App,1,False,,Sin Perfil de Consumo,N/A
C001578,Cliente 1578,Joven,Guayaquil,39,552.13,7,"Cuenta de Ahorros, Tarjeta de Crédito",2804.12,188.89,9000.0,407.0,"ATM, App, Branch, POS, Web",2,True,2.1,Lifestyle Lover,Others
C001579,Cliente 1579,Premium,Manta,28,6233.73,13,"Crédito Vehicular, Crédito de Consumo, Tarjeta de Crédito",125201.21,2041.18,64400.0,149.0,"App, POS, Web",3,True,3.2,Lifestyle Lover,Fuel
C001580,Cliente 1580,Mass,Quito,39,561.91,11,Tarjeta de Crédito,1827.4299999999998,364.32,15400.0,1051.0,"App, Branch, POS, Web",1,False,2.4,Food & Supermarket Lover,Food
C001581,Cliente 1581,Mass,Quito,49,995.58,11,Tarjeta de Crédito,6849.15,830.37,18700.0,735.0,"App, Branch, POS",1,False,4.4,Entertainment & Streaming Lover,Streaming
C001582,Cliente 1582,Joven,Cuenca,49,609.03,13,"Crédito Hipotecario, Crédito Vehicular, Tarjeta de Crédito",220689.38,423.32,8000.0,457.0,"App, Branch, POS, Web",3,True,5.3,Food & Supermarket Lover,Food
C001583,Cliente 1583,Mass,Guayaquil,23,545.47,15,"Crédito Hipotecario, Tarjeta de Crédito",143377.16,580.68,15600.0,558.0,"App, Branch, POS, Web",2,True,3.7,Food & Supermarket Lover,Food
C001584,Cliente 1584,Mass,Guayaquil,24,665.23,12,"Crédito Vehicular, Tarjeta de Crédito",43439.73,252.32,9900.0,450.0,"ATM, App, Branch, POS, Web",2,True,2.5,Tech Lover,Technology
C001585,Cliente 1585,PyME,Guayaquil,25,2990.35,7,"Cuenta de Ahorros, Tarjeta de Crédito",13353.01,1266.07,21500.0,609.0,"App, Branch, POS, Web",2,True,5.9,Food & Supermarket Lover,Supermarket
C001586,Cliente 1586,Mass,Quito,33,1228.98,12,"Crédito Vehicular, Tarjeta de Crédito",38694.6,680.98,20000.0,223.0,"ATM, App, Branch, POS, Web",2,True,3.4,Tech Lover,Technology
C001587,Cliente 1587,PyME,Quito,36,4721.9,14,"Cuenta de Ahorros, Tarjeta de Crédito",102456.66,4184.98,154800.0,981.0,"App, Branch, POS, Web",2,True,2.7,Travel Lover,Travel
C001588,Cliente 1588,Mass,Guayaquil,78,898.34,12,"Cuenta de Ahorros, Tarjeta de Crédito",12735.3,469.77,13000.0,197.0,"ATM, App, Branch, POS, Web",2,True,3.6,Lifestyle Lover,Fuel
C001589,Cliente 1589,PyME,Manta,41,3379.56,19,"Crédito Hipotecario, Cuenta Corriente, Tarjeta de Crédito",341427.68000000005,1839.87,58500.0,85.0,"App, Branch, POS, Web",3,True,3.1,Food & Supermarket Lover,Food
C001590,Cliente 1590,Premium,Manta,48,4918.18,10,"Cuenta Corriente, Tarjeta de Crédito",51604.82,1090.66,69300.0,383.0,"App, Branch, POS, Web",2,True,1.6,Food & Supermarket Lover,Supermarket
C001591,Cliente 1591,Mass,Guayaquil,37,650.91,10,"Cuenta Corriente, Tarjeta de Crédito",4061.96,460.88,8100.0,347.0,"App, Branch, POS, Web",2,True,5.7,Travel Lover,Travel
C001592,Cliente 1592,Mass,Guayaquil,29,939.95,11,"Cuenta de Ahorros, Tarjeta de Crédito",10307.65,749.76,16200.0,375.0,"App, Branch, POS, Web",2,True,4.6,Health & Wellness Lover,Health
C001593,Cliente 1593,Affluent,Guayaquil,34,1982.54,15,"Crédito Hipotecario, Crédito Vehicular, Cuenta de Ahorros, Tarjeta de Crédito",256918.96000000002,2157.25,21000.0,223.0,"ATM, App, Branch, Web",4,True,10.3,Food & Supermarket Lover,Food
C001594,Cliente 1594,Affluent,Quito,30,2466.54,16,"Crédito Hipotecario, Cuenta de Ahorros, Tarjeta de Crédito",104678.63999999998,1679.4099999999999,50400.0,441.0,"ATM, App, Branch, POS, Web",3,True,3.3,Food & Supermarket Lover,Food
C001595,Cliente 1595,Affluent,Guayaquil,35,1083.69,7,"Cuenta Corriente, Tarjeta de Crédito",7174.73,396.07000000000005,10800.0,301.0,"App, POS, Web",2,True,3.7,Food & Supermarket Lover,Food
C001596,Cliente 1596,Affluent,Guayaquil,28,2964.52,4,"Crédito Hipotecario, Crédito de Consumo",251891.01,0.0,0.0,379.0,"App, Web",2,True,,Sin Perfil de Consumo,N/A
C001597,Cliente 1597,PyME,Quito,41,1843.78,4,"Crédito de Consumo, Cuenta de Ahorros",19559.04,0.0,0.0,574.0,"ATM, Branch, Web",2,True,,Sin Perfil de Consumo,N/A
C001598,Cliente 1598,Premium,Guayaquil,45,3764.87,17,"Crédito Hipotecario, Crédito de Consumo, Cuenta Corriente, Tarjeta de Crédito",296789.41000000003,2841.07,99000.0,302.0,"ATM, App, Branch, POS, Web",4,True,2.9,Entertainment & Streaming Lover,Streaming
C001599,Cliente 1599,PyME,Guayaquil,47,3766.18,7,Tarjeta de Crédito,18957.61,1402.97,70000.0,1211.0,"App, POS",1,False,2.0,Entertainment & Streaming Lover,Streaming
C001600,Cliente 1600,Mass,Quito,33,787.15,11,"Crédito Vehicular, Crédito de Consumo, Tarjeta de Crédito",73795.47,343.77000000000004,7700.0,193.0,"App, Branch, POS, Web",3,True,4.5,Lifestyle Lover,Others
C001601,Cliente 1601,Mass,Guayaquil,44,713.38,15,"Cuenta Corriente, Tarjeta de Crédito",9876.869999999999,731.81,11700.0,1320.0,"App, Branch, POS, Web",2,True,6.3,Food & Supermarket Lover,Supermarket
C001602,Cliente 1602,PyME,Ambato,56,3486.42,10,"Crédito Hipotecario, Crédito Vehicular, Cuenta Corriente",328011.35000000003,0.0,0.0,396.0,"ATM, App, Branch, POS",3,True,,Sin Perfil de Consumo,N/A
C001603,Cliente 1603,Affluent,Quito,41,2504.43,13,"Crédito Vehicular, Cuenta Corriente, Tarjeta de Crédito",113243.43,783.93,36600.0,1110.0,"App, Branch, POS, Web",3,True,2.1,Lifestyle Lover,Others
C001604,Cliente 1604,Mass,Guayaquil,21,1058.16,19,"Crédito Vehicular, Cuenta de Ahorros, Tarjeta de Crédito",94434.49,1009.0,24000.0,40.0,"App, Branch, POS, Web",3,True,4.2,Food & Supermarket Lover,Supermarket
C001605,Cliente 1605,PyME,Quito,18,4199.66,10,"Crédito Vehicular, Tarjeta de Crédito",30857.260000000002,1862.09,63000.0,528.0,"ATM, App, POS",2,True,3.0,Education Lover,Education
C001606,Cliente 1606,Affluent,Guayaquil,30,2779.09,9,"Crédito de Consumo, Cuenta de Ahorros, Tarjeta de Crédito",44338.84,1388.99,34000.0,325.0,"App, Branch, POS, Web",3,True,4.1,Lifestyle Lover,Others
C001607,Cliente 1607,Joven,Guayaquil,27,600.95,10,"Cuenta Corriente, Tarjeta de Crédito",10962.51,359.18,15300.0,658.0,"App, Branch, POS, Web",2,True,2.3,Food & Supermarket Lover,Supermarket
C001608,Cliente 1608,PyME,Quito,40,3325.51,10,"Crédito Hipotecario, Tarjeta de Crédito",140007.34,1503.14,29600.0,800.0,"ATM, App, Branch, POS, Web",2,True,5.1,Lifestyle Lover,Fuel
C001609,Cliente 1609,Joven,Quito,48,468.41,8,Tarjeta de Crédito,1478.24,196.8,5600.0,1369.0,"App, POS",1,False,3.5,Lifestyle Lover,Fuel
C001610,Cliente 1610,Affluent,Loja,42,2244.7,1,Crédito de Consumo,9406.26,0.0,0.0,1933.0,Web,1,False,,Sin Perfil de Consumo,N/A
C001611,Cliente 1611,Joven,Cuenca,43,852.06,7,Tarjeta de Crédito,927.0799999999999,555.24,7700.0,223.0,"App, Branch, POS",1,False,7.2,Food & Supermarket Lover,Supermarket
C001612,Cliente 1612,PyME,Guayaquil,45,5140.35,2,Crédito Vehicular,40276.28,0.0,0.0,1357.0,"App, Web",1,False,,Sin Perfil de Consumo,N/A
C001613,Cliente 1613,Joven,Guayaquil,46,601.98,3,Crédito de Consumo,10437.150000000001,0.0,0.0,320.0,"Branch, Web",1,False,,Sin Perfil de Consumo,N/A
C001614,Cliente 1614,PyME,Cuenca,54,2794.94,17,"Cuenta Corriente, Cuenta de Ahorros, Tarjeta de Crédito",28479.520000000004,2148.42,43000.0,424.0,"ATM, App, Branch, POS, Web",3,True,5.0,Health & Wellness Lover,Health
C001615,Cliente 1615,Mass,Quito,36,1113.8,9,"Crédito de Consumo, Cuenta Corriente, Tarjeta de Crédito",23637.050000000003,129.78,13200.0,203.0,"App, POS, Web",3,True,1.0,Food & Supermarket Lover,Supermarket
C001616,Cliente 1616,Mass,Guayaquil,38,1021.74,13,"Crédito Hipotecario, Tarjeta de Crédito",72907.18,1024.22,26400.0,59.0,"ATM, App, POS, Web",2,True,3.9,Lifestyle Lover,Fuel
C001617,Cliente 1617,Mass,Guayaquil,47,889.81,17,"Crédito Hipotecario, Cuenta Corriente, Tarjeta de Crédito",122085.18000000001,599.6,15400.0,123.0,"ATM, App, Branch, POS, Web",3,True,3.9,Food & Supermarket Lover,Food
C001618,Cliente 1618,Affluent,Guayaquil,34,3848.27,17,"Crédito Hipotecario, Crédito Vehicular, Cuenta de Ahorros, Tarjeta de Crédito",172590.56,3045.26,133200.0,879.0,"ATM, App, Branch, POS, Web",4,True,2.3,Entertainment & Streaming Lover,Streaming
C001619,Cliente 1619,Mass,Guayaquil,37,901.77,1,Crédito Hipotecario,85772.35,0.0,0.0,191.0,Web,1,False,,Sin Perfil de Consumo,N/A
C001620,Cliente 1620,Mass,Quito,45,1090.87,2,Crédito de Consumo,13654.62,0.0,0.0,166.0,"ATM, Branch",1,False,,Sin Perfil de Consumo,N/A
C001621,Cliente 1621,Mass,Guayaquil,32,1747.23,16,"Crédito de Consumo, Tarjeta de Crédito",21603.9,1409.3899999999999,58500.0,1196.0,"ATM, App, Branch, POS, Web",2,True,2.4,Food & Supermarket Lover,Food
C001622,Cliente 1622,Mass,Cuenca,21,1336.86,2,"Crédito Vehicular, Crédito de Consumo",18326.03,0.0,0.0,1730.0,"App, Web",2,True,,Sin Perfil de Consumo,N/A
C001623,Cliente 1623,Premium,Guayaquil,41,4331.43,13,"Crédito de Consumo, Cuenta Corriente, Cuenta de Ahorros, Tarjeta de Crédito",110478.2,4872.83,72800.0,1412.0,"ATM, App, Branch, POS, Web",4,True,6.7,Food & Supermarket Lover,Supermarket
C001624,Cliente 1624,Mass,Guayaquil,37,913.64,10,"Crédito Vehicular, Tarjeta de Crédito",19699.010000000002,954.59,19800.0,1425.0,"ATM, App, POS, Web",2,True,4.8,Health & Wellness Lover,Health
C001625,Cliente 1625,Affluent,Loja,28,2679.66,18,"Crédito Hipotecario, Crédito Vehicular, Tarjeta de Crédito",279970.93,1954.8,39000.0,532.0,"ATM, App, Branch, POS, Web",3,True,5.0,Entertainment & Streaming Lover,Streaming
C001626,Cliente 1626,Premium,Guayaquil,39,4446.94,6,"Crédito Hipotecario, Crédito Vehicular, Crédito de Consumo",258722.21000000002,0.0,0.0,1371.0,"App, Web",3,True,,Sin Perfil de Consumo,N/A
C001627,Cliente 1627,PyME,Ambato,46,3778.56,15,"Cuenta Corriente, Tarjeta de Crédito",110632.01999999999,2373.91,62700.0,1155.0,"App, Branch, POS, Web",2,True,3.8,Food & Supermarket Lover,Supermarket
C001628,Cliente 1628,Mass,Cuenca,56,1242.46,14,"Crédito Hipotecario, Tarjeta de Crédito",164597.40000000002,1177.61,31200.0,287.0,"App, Branch, POS, Web",2,True,3.8,Travel Lover,Travel
C001629,Cliente 1629,PyME,Loja,34,2636.08,8,"Crédito de Consumo, Tarjeta de Crédito",39433.86,751.73,46800.0,971.0,"App, Branch, POS, Web",2,True,1.6,Entertainment & Streaming Lover,Streaming
C001630,Cliente 1630,Joven,Guayaquil,50,554.4,4,Cuenta Corriente,7313.72,0.0,0.0,,"App, Branch, Web",1,False,,Sin Perfil de Consumo,N/A
C001631,Cliente 1631,Mass,Quito,30,788.67,18,"Crédito Hipotecario, Crédito Vehicular, Cuenta de Ahorros, Tarjeta de Crédito",401191.37,446.47,18000.0,346.0,"ATM, App, Branch, POS, Web",4,True,2.5,Tech Lover,Technology
C001632,Cliente 1632,Affluent,Guayaquil,33,2229.21,15,"Crédito de Consumo, Cuenta de Ahorros, Tarjeta de Crédito",52236.08,1640.85,31500.0,462.0,"ATM, App, Branch, POS, Web",3,True,5.2,Food & Supermarket Lover,Food
C001633,Cliente 1633,Joven,Loja,39,668.62,4,Cuenta de Ahorros,6864.48,0.0,0.0,,"ATM, Branch, Web",1,False,,Sin Perfil de Consumo,N/A
C001634,Cliente 1634,Affluent,Guayaquil,32,2032.89,17,"Crédito Vehicular, Cuenta Corriente, Tarjeta de Crédito",90441.53,2149.46,60500.0,486.0,"ATM, App, Branch, POS, Web",3,True,3.6,Entertainment & Streaming Lover,Entertainment
C001635,Cliente 1635,Mass,Guayaquil,30,618.26,7,"Cuenta de Ahorros, Tarjeta de Crédito",4740.61,203.84,6000.0,1183.0,"App, POS, Web",2,True,3.4,Tech Lover,Technology
C001636,Cliente 1636,Affluent,Quito,46,1537.46,13,"Crédito Vehicular, Tarjeta de Crédito",75558.27,810.8100000000001,43000.0,614.0,"ATM, App, POS, Web",2,True,1.9,Entertainment & Streaming Lover,Entertainment
C001637,Cliente 1637,Joven,Quito,53,615.76,13,"Crédito de Consumo, Tarjeta de Crédito",7998.030000000001,601.86,15400.0,160.0,"App, Branch, POS, Web",2,True,3.9,Travel Lover,Travel
C001638,Cliente 1638,Mass,Cuenca,27,829.28,10,"Cuenta Corriente, Cuenta de Ahorros, Tarjeta de Crédito",18220.26,362.99,19200.0,1229.0,"ATM, App, Branch, POS, Web",3,True,1.9,Food & Supermarket Lover,Food
C001639,Cliente 1639,Affluent,Manta,46,1590.97,4,"Crédito Hipotecario, Crédito Vehicular, Cuenta de Ahorros",100307.27999999998,0.0,0.0,602.0,"Branch, Web",3,True,,Sin Perfil de Consumo,N/A
C001640,Cliente 1640,PyME,Guayaquil,32,3014.74,7,"Crédito de Consumo, Tarjeta de Crédito",55941.0,1083.17,20000.0,1211.0,"ATM, Branch, POS, Web",2,True,5.4,Food & Supermarket Lover,Supermarket
C001641,Cliente 1641,Affluent,Ambato,39,1835.35,18,"Crédito Vehicular, Cuenta Corriente, Cuenta de Ahorros, Tarjeta de Crédito",51892.43,1761.29,67600.0,124.0,"ATM, App, Branch, POS, Web",4,True,2.6,Entertainment & Streaming Lover,Streaming
C001642,Cliente 1642,Premium,Quito,22,6664.01,10,"Crédito Vehicular, Crédito de Consumo, Cuenta Corriente, Tarjeta de Crédito",87494.09,2025.76,120000.0,1215.0,"ATM, App, Branch, POS, Web",4,True,1.7,Travel Lover,Travel
C001643,Cliente 1643,Affluent,Quito,26,1338.55,12,"Crédito Hipotecario, Crédito de Consumo, Cuenta de Ahorros, Tarjeta de Crédito",146677.4,335.3,8500.0,566.0,"App, Branch, POS, Web",4,True,3.9,Travel Lover,Travel
C001644,Cliente 1644,Premium,Cuenca,40,4784.92,3,Crédito Hipotecario,220433.76,0.0,0.0,1235.0,"App, Branch",1,False,,Sin Perfil de Consumo,N/A
C001645,Cliente 1645,Mass,Guayaquil,48,1224.59,9,"Crédito Vehicular, Cuenta Corriente, Tarjeta de Crédito",62911.28,398.14,10400.0,200.0,"ATM, App, Branch, POS, Web",3,True,3.8,Entertainment & Streaming Lover,Entertainment
C001646,Cliente 1646,Premium,Guayaquil,37,4310.65,19,"Crédito Vehicular, Cuenta de Ahorros, Tarjeta de Crédito",47569.29,4121.39,61600.0,740.0,"ATM, App, Branch, POS, Web",3,True,6.7,Tech Lover,Technology
C001647,Cliente 1647,Joven,Loja,30,752.91,5,"Crédito de Consumo, Tarjeta de Crédito",4798.72,264.0,6400.0,604.0,"App, POS, Web",2,True,4.1,Entertainment & Streaming Lover,Entertainment
C001648,Cliente 1648,Joven,Quito,29,374.93,16,"Crédito Hipotecario, Crédito de Consumo, Tarjeta de Crédito",103038.09000000001,268.51,14300.0,283.0,"App, Branch, POS, Web",3,True,1.9,Entertainment & Streaming Lover,Streaming
C001649,Cliente 1649,PyME,Quito,35,2370.33,8,"Crédito Hipotecario, Tarjeta de Crédito",154823.44,1155.89,40600.0,352.0,"App, Branch, POS, Web",2,True,2.8,Tech Lover,Technology
C001650,Cliente 1650,Mass,Guayaquil,30,1034.92,7,"Crédito Vehicular, Cuenta Corriente, Tarjeta de Crédito",29020.08,202.32999999999998,15000.0,529.0,"App, Branch, POS, Web",3,True,1.3,Travel Lover,Travel
C001651,Cliente 1651,Mass,Quito,44,658.2,9,"Crédito de Consumo, Cuenta de Ahorros, Tarjeta de Crédito",19575.91,174.62,6000.0,262.0,"ATM, App, Branch, POS, Web",3,True,2.9,Food & Supermarket Lover,Food
C001652,Cliente 1652,Mass,Guayaquil,30,821.83,13,"Crédito Hipotecario, Cuenta de Ahorros, Tarjeta de Crédito",270685.81,529.79,12600.0,143.0,"App, Branch, POS, Web",3,True,4.2,Food & Supermarket Lover,Food
C001653,Cliente 1653,PyME,Quito,30,3856.16,5,"Cuenta de Ahorros, Tarjeta de Crédito",19379.72,1651.13,46000.0,585.0,"ATM, App, POS, Web",2,True,3.6,Food & Supermarket Lover,Food
C001654,Cliente 1654,Premium,Guayaquil,48,2916.64,10,"Crédito de Consumo, Cuenta Corriente, Cuenta de Ahorros",63205.94,0.0,0.0,1648.0,"ATM, App, Branch, POS, Web",3,True,,Sin Perfil de Consumo,N/A
C001655,Cliente 1655,Mass,Guayaquil,48,1085.39,2,Crédito de Consumo,5818.12,0.0,0.0,1153.0,"App, POS",1,False,,Sin Perfil de Consumo,N/A
C001656,Cliente 1656,Mass,Quito,66,942.15,1,Cuenta Corriente,4002.84,0.0,0.0,,Web,1,False,,Sin Perfil de Consumo,N/A
C001657,Cliente 1657,Joven,Quito,22,970.58,9,"Cuenta Corriente, Cuenta de Ahorros, Tarjeta de Crédito",12044.46,130.31,9200.0,620.0,"Branch, POS, Web",3,True,1.4,Health & Wellness Lover,Health
C001658,Cliente 1658,Mass,Quito,39,743.63,15,"Cuenta Corriente, Tarjeta de Crédito",9823.05,561.3100000000001,18000.0,637.0,"ATM, App, Branch, POS, Web",2,True,3.1,Food & Supermarket Lover,Supermarket
C001659,Cliente 1659,Mass,Loja,39,611.23,8,"Crédito Hipotecario, Cuenta Corriente, Tarjeta de Crédito",80688.59999999999,107.54,5600.0,226.0,"ATM, App, Branch, POS",3,True,1.9,Food & Supermarket Lover,Supermarket
C001660,Cliente 1660,Mass,Guayaquil,53,667.98,2,Cuenta de Ahorros,1571.04,0.0,0.0,,"App, Web",1,False,,Sin Perfil de Consumo,N/A
C001661,Cliente 1661,PyME,Loja,48,3493.3,14,"Cuenta de Ahorros, Tarjeta de Crédito",36890.9,2863.37,118800.0,130.0,"App, Branch, POS, Web",2,True,2.4,Lifestyle Lover,Fuel
C001662,Cliente 1662,Mass,Quito,30,877.66,2,Crédito Vehicular,40812.38,0.0,0.0,1894.0,"Branch, Web",1,False,,Sin Perfil de Consumo,N/A
C001663,Cliente 1663,Premium,Quito,33,3135.17,6,"Crédito Hipotecario, Cuenta Corriente",165034.12,0.0,0.0,802.0,"App, Branch, Web",2,True,,Sin Perfil de Consumo,N/A
C001664,Cliente 1664,Mass,Cuenca,42,606.05,7,"Cuenta de Ahorros, Tarjeta de Crédito",6126.04,306.5,7000.0,1329.0,"ATM, App, POS, Web",2,True,4.4,Entertainment & Streaming Lover,Entertainment
C001665,Cliente 1665,Mass,Ambato,30,790.1,4,Cuenta de Ahorros,2450.4900000000002,0.0,0.0,,"ATM, App, Web",1,False,,Sin Perfil de Consumo,N/A
C001666,Cliente 1666,Premium,Guayaquil,32,5118.06,12,"Crédito Vehicular, Crédito de Consumo, Cuenta de Ahorros, Tarjeta de Crédito",107836.09999999999,1103.96,46500.0,1000.0,"App, Branch, POS, Web",4,True,2.4,Food & Supermarket Lover,Food
C001667,Cliente 1667,Mass,Quito,31,1590.19,16,"Crédito Vehicular, Crédito de Consumo, Cuenta Corriente, Tarjeta de Crédito",88306.85,1177.97,20700.0,166.0,"App, Branch, POS, Web",4,True,5.7,Tech Lover,Technology
C001668,Cliente 1668,Affluent,Quito,32,3138.46,9,"Cuenta de Ahorros, Tarjeta de Crédito",12116.31,1050.8200000000002,21600.0,268.0,"App, Branch, POS, Web",2,True,4.9,Entertainment & Streaming Lover,Streaming
C001669,Cliente 1669,Mass,Quito,62,877.15,11,"Cuenta Corriente, Tarjeta de Crédito",22115.12,652.51,23000.0,808.0,"App, POS, Web",2,True,2.8,Food & Supermarket Lover,Food
C001670,Cliente 1670,Premium,Quito,28,4861.33,11,"Crédito Vehicular, Cuenta de Ahorros, Tarjeta de Crédito",178190.88,4125.3,88200.0,302.0,"ATM, App, Branch, POS, Web",3,True,4.7,Lifestyle Lover,Fuel
C001671,Cliente 1671,Mass,Guayaquil,37,1267.11,10,"Crédito Hipotecario, Cuenta Corriente, Tarjeta de Crédito",140775.81,489.5,16500.0,1262.0,"ATM, App, Web",3,True,3.0,Food & Supermarket Lover,Food
C001672,Cliente 1672,Affluent,Quito,28,2221.26,9,"Crédito de Consumo, Cuenta de Ahorros, Tarjeta de Crédito",43832.01,1114.51,19500.0,254.0,"ATM, App, Branch, Web",3,True,5.7,Food & Supermarket Lover,Food
C001673,Cliente 1673,Mass,Guayaquil,44,1021.82,8,"Cuenta Corriente, Tarjeta de Crédito",4645.04,324.02,18600.0,147.0,"Branch, POS, Web",2,True,1.7,Tech Lover,Technology
C001674,Cliente 1674,PyME,Cuenca,36,2362.21,6,"Crédito Hipotecario, Tarjeta de Crédito",187838.59999999998,1011.37,20400.0,783.0,"App, POS",2,True,5.0,Lifestyle Lover,Fuel
C001675,Cliente 1675,Mass,Guayaquil,58,1297.91,4,"Crédito Hipotecario, Crédito Vehicular",297375.16000000003,0.0,0.0,226.0,"App, Branch, Web",2,True,,Sin Perfil de Consumo,N/A
C001676,Cliente 1676,Mass,Guayaquil,43,566.8,15,"Crédito Vehicular, Crédito de Consumo, Tarjeta de Crédito",44979.62,371.65,7200.0,94.0,"App, Branch, POS, Web",3,True,5.2,Lifestyle Lover,Fuel
C001677,Cliente 1677,Joven,Quito,21,558.59,14,Tarjeta de Crédito,3822.5200000000004,571.72,12600.0,724.0,"App, Branch, POS, Web",1,False,4.5,Tech Lover,Technology
C001678,Cliente 1678,Mass,Cuenca,37,829.32,9,"Crédito Vehicular, Tarjeta de Crédito",29236.059999999998,460.57,16000.0,352.0,"App, Branch, POS, Web",2,True,2.9,Food & Supermarket Lover,Food
C001679,Cliente 1679,Mass,Loja,38,460.52,4,"Crédito Hipotecario, Crédito Vehicular",203679.36000000002,0.0,0.0,228.0,"App, Web",2,True,,Sin Perfil de Consumo,N/A
C001680,Cliente 1680,Premium,Quito,46,4316.87,9,"Crédito Vehicular, Tarjeta de Crédito",70674.97,1867.25,69300.0,760.0,"App, Branch, POS, Web",2,True,2.7,Food & Supermarket Lover,Supermarket
C001681,Cliente 1681,Affluent,Guayaquil,45,2216.71,8,"Crédito Hipotecario, Tarjeta de Crédito",211584.91999999998,555.99,20500.0,321.0,"ATM, App, Branch, POS, Web",2,True,2.7,Food & Supermarket Lover,Food
C001682,Cliente 1682,Joven,Quito,49,666.87,11,"Crédito Vehicular, Cuenta Corriente, Tarjeta de Crédito",59178.48,289.71,5400.0,566.0,"App, Branch, POS, Web",3,True,5.4,Tech Lover,Technology
C001683,Cliente 1683,Affluent,Guayaquil,49,1646.2,14,"Crédito de Consumo, Tarjeta de Crédito",33613.46,1247.1599999999999,22800.0,253.0,"ATM, App, Branch, POS, Web",2,True,5.5,Lifestyle Lover,Others
C001684,Cliente 1684,Mass,Guayaquil,43,1174.02,14,"Crédito Hipotecario, Cuenta Corriente, Tarjeta de Crédito",71150.66,965.9300000000001,27900.0,710.0,"ATM, App, Branch, POS, Web",3,True,3.5,Tech Lover,Technology
C001685,Cliente 1685,Mass,Desconocida,49,1023.74,12,"Crédito Hipotecario, Tarjeta de Crédito",70839.26,712.43,24200.0,328.0,"App, Branch, POS, Web",2,True,2.9,Tech Lover,Technology
C001686,Cliente 1686,Mass,Quito,18,891.58,9,"Crédito Hipotecario, Cuenta Corriente, Tarjeta de Crédito",98819.5,271.77,10500.0,520.0,"App, POS, Web",3,True,2.6,Entertainment & Streaming Lover,Entertainment
C001687,Cliente 1687,Joven,Quito,19,414.75,7,"Crédito de Consumo, Tarjeta de Crédito",5940.2,92.11,2500.0,39.0,"ATM, App, POS",2,True,3.7,Entertainment & Streaming Lover,Streaming
C001688,Cliente 1688,Mass,Cuenca,43,515.76,14,"Cuenta Corriente, Tarjeta de Crédito",629.61,312.82,5500.0,1133.0,"ATM, App, Branch, POS",2,True,5.7,Food & Supermarket Lover,Supermarket
C001689,Cliente 1689,Affluent,Guayaquil,46,2154.15,3,Crédito de Consumo,20675.52,0.0,0.0,279.0,"Branch, Web",1,False,,Sin Perfil de Consumo,N/A
C001690,Cliente 1690,Mass,Guayaquil,31,998.85,11,"Crédito Hipotecario, Crédito Vehicular, Cuenta de Ahorros, Tarjeta de Crédito",219372.24,156.32,10000.0,536.0,"App, Branch, POS, Web",4,True,1.6,Lifestyle Lover,Others
C001691,Cliente 1691,Affluent,Quito,29,1625.04,6,"Crédito de Consumo, Cuenta Corriente",39977.14,0.0,0.0,1286.0,"App, Branch, Web",2,True,,Sin Perfil de Consumo,N/A
C001692,Cliente 1692,Mass,Guayaquil,23,559.7,18,"Crédito de Consumo, Cuenta Corriente, Tarjeta de Crédito",13564.439999999999,557.97,12600.0,1110.0,"App, Branch, POS, Web",3,True,4.4,Food & Supermarket Lover,Supermarket
C001693,Cliente 1693,Affluent,Quito,48,1905.81,6,"Crédito Hipotecario, Tarjeta de Crédito",180641.26,299.63,9600.0,497.0,"App, Branch, POS, Web",2,True,3.1,Lifestyle Lover,Others
C001694,Cliente 1694,Mass,Manta,23,1452.77,13,"Crédito Hipotecario, Cuenta Corriente, Tarjeta de Crédito",101623.66,1273.39,18900.0,927.0,"App, Branch, POS, Web",3,True,6.7,Entertainment & Streaming Lover,Entertainment
C001695,Cliente 1695,Joven,Guayaquil,55,937.84,11,Tarjeta de Crédito,5478.7699999999995,577.94,11000.0,1101.0,"App, Branch, POS",1,False,5.3,Entertainment & Streaming Lover,Entertainment
C001696,Cliente 1696,Joven,Quito,32,592.94,20,"Crédito Hipotecario, Crédito de Consumo, Cuenta Corriente, Tarjeta de Crédito",300853.33999999997,452.49,15000.0,544.0,"ATM, App, Branch, POS, Web",4,True,3.0,Entertainment & Streaming Lover,Streaming
C001697,Cliente 1697,Mass,Guayaquil,24,843.4,1,Cuenta de Ahorros,1197.5,0.0,0.0,,Web,1,False,,Sin Perfil de Consumo,N/A
C001698,Cliente 1698,Affluent,Loja,43,2614.0,13,"Cuenta Corriente, Tarjeta de Crédito",24167.42,2316.71,66000.0,339.0,"App, Branch, POS, Web",2,True,3.5,Food & Supermarket Lover,Food
C001699,Cliente 1699,Premium,Quito,24,5861.34,3,"Crédito Hipotecario, Crédito de Consumo",191781.13,0.0,0.0,853.0,"ATM, App, Web",2,True,,Sin Perfil de Consumo,N/A
C001700,Cliente 1700,PyME,Manta,33,2933.08,5,Tarjeta de Crédito,1863.8,1087.04,17500.0,1147.0,"App, POS, Web",1,False,6.2,Lifestyle Lover,Fuel
C001701,Cliente 1701,Mass,Manta,39,650.35,11,"Cuenta Corriente, Tarjeta de Crédito",5034.51,667.36,9000.0,940.0,"App, Branch, POS, Web",2,True,7.4,Lifestyle Lover,Others
C001702,Cliente 1702,Affluent,Quito,35,2437.35,13,"Crédito Hipotecario, Crédito Vehicular, Tarjeta de Crédito",303265.11,1508.32,44000.0,479.0,"ATM, App, Branch, POS",3,True,3.4,Travel Lover,Travel
C001703,Cliente 1703,Premium,Manta,34,3762.88,6,"Crédito Hipotecario, Cuenta de Ahorros",207473.46,0.0,0.0,362.0,"ATM, App, Branch, Web",2,True,,Sin Perfil de Consumo,N/A
C001704,Cliente 1704,Mass,Quito,32,643.83,2,Crédito Hipotecario,146353.22,0.0,0.0,1976.0,App,1,False,,Sin Perfil de Consumo,N/A
C001705,Cliente 1705,Mass,Quito,29,731.92,12,Tarjeta de Crédito,0.0,477.74,21600.0,454.0,"App, POS, Web",1,False,2.2,Lifestyle Lover,Fuel
C001706,Cliente 1706,Affluent,Cuenca,66,2178.44,5,"Crédito Hipotecario, Cuenta Corriente",318350.86,0.0,0.0,1634.0,"App, POS, Web",2,True,,Sin Perfil de Consumo,N/A
C001707,Cliente 1707,Joven,Quito,42,897.74,4,Cuenta de Ahorros,4251.28,0.0,0.0,,"ATM, Branch",1,False,,Sin Perfil de Consumo,N/A
C001708,Cliente 1708,Mass,Guayaquil,32,1202.49,5,"Crédito Hipotecario, Cuenta de Ahorros",148469.37,0.0,0.0,1906.0,"App, Branch, Web",2,True,,Sin Perfil de Consumo,N/A
C001709,Cliente 1709,Mass,Ambato,48,1165.92,10,"Crédito Vehicular, Tarjeta de Crédito",34981.48,369.44,29700.0,145.0,"ATM, App, Branch, POS, Web",2,True,1.2,Food & Supermarket Lover,Supermarket
C001710,Cliente 1710,Mass,Quito,37,1053.11,12,"Crédito Vehicular, Tarjeta de Crédito",25781.48,557.5,23000.0,819.0,"ATM, App, Branch, POS, Web",2,True,2.4,Food & Supermarket Lover,Food
C001711,Cliente 1711,Premium,Loja,36,3569.95,10,"Crédito de Consumo, Tarjeta de Crédito",29870.379999999997,2432.41,63900.0,714.0,"App, Branch, POS",2,True,3.8,Travel Lover,Travel
C001712,Cliente 1712,Premium,Guayaquil,23,2896.76,18,"Crédito Vehicular, Cuenta Corriente, Tarjeta de Crédito",125447.25,2895.69,79200.0,471.0,"ATM, App, Branch, POS, Web",3,True,3.7,Travel Lover,Travel
C001713,Cliente 1713,Premium,Guayaquil,27,5406.7,16,"Crédito Vehicular, Crédito de Consumo, Tarjeta de Crédito",173325.0,5397.28,135300.0,182.0,"ATM, App, Branch, POS, Web",3,True,4.0,Education Lover,Education
C001714,Cliente 1714,Mass,Ambato,46,851.86,7,"Crédito de Consumo, Tarjeta de Crédito",17211.2,334.57,8400.0,855.0,"App, Branch, POS, Web",2,True,4.0,Entertainment & Streaming Lover,Entertainment
C001715,Cliente 1715,Mass,Quito,36,790.28,18,"Cuenta Corriente, Tarjeta de Crédito",16246.66,723.44,14000.0,338.0,"ATM, App, Branch, POS, Web",2,True,5.2,Entertainment & Streaming Lover,Streaming
C001716,Cliente 1716,Mass,Guayaquil,51,590.73,6,"Crédito Vehicular, Tarjeta de Crédito",23024.38,129.13,8000.0,78.0,"App, POS, Web",2,True,1.6,Food & Supermarket Lover,Supermarket
C001717,Cliente 1717,Premium,Guayaquil,32,8806.3,14,"Crédito Vehicular, Cuenta de Ahorros, Tarjeta de Crédito",160941.69,2582.08,131400.0,317.0,"ATM, App, Branch, POS, Web",3,True,2.0,Entertainment & Streaming Lover,Streaming
C001718,Cliente 1718,Mass,Cuenca,42,662.2,16,"Crédito Vehicular, Tarjeta de Crédito",35078.33,698.29,16900.0,299.0,"App, Branch, POS, Web",2,True,4.1,Tech Lover,Technology
C001719,Cliente 1719,Joven,Quito,50,766.95,15,"Crédito de Consumo, Tarjeta de Crédito",7984.74,759.9399999999999,26000.0,464.0,"ATM, App, POS, Web",2,True,2.9,Travel Lover,Travel
C001720,Cliente 1720,Mass,Manta,29,1420.52,1,Cuenta de Ahorros,5404.26,0.0,0.0,,App,1,False,,Sin Perfil de Consumo,N/A
C001721,Cliente 1721,Premium,Quito,48,7234.76,7,"Crédito Vehicular, Crédito de Consumo, Tarjeta de Crédito",65345.189999999995,1895.41,79000.0,372.0,"ATM, App, Branch, POS, Web",3,True,2.4,Entertainment & Streaming Lover,Streaming
C001722,Cliente 1722,Mass,Quito,18,683.18,16,"Crédito Hipotecario, Crédito de Consumo, Tarjeta de Crédito",120969.99,509.25,12000.0,89.0,"App, Branch, POS, Web",3,True,4.2,Entertainment & Streaming Lover,Entertainment
C001723,Cliente 1723,Mass,Guayaquil,42,1085.37,12,"Cuenta Corriente, Tarjeta de Crédito",16747.440000000002,673.75,24300.0,222.0,"App, Branch, POS, Web",2,True,2.8,Education Lover,Education
C001724,Cliente 1724,Mass,Quito,26,1025.83,11,"Crédito Hipotecario, Crédito de Consumo, Tarjeta de Crédito",252390.85,433.26000000000005,12000.0,287.0,"ATM, App, Branch, POS, Web",3,True,3.6,Food & Supermarket Lover,Supermarket
C001725,Cliente 1725,Mass,Quito,49,1048.5,15,"Crédito Hipotecario, Tarjeta de Crédito",206019.48,680.08,34800.0,700.0,"App, Branch, POS",2,True,2.0,Health & Wellness Lover,Health
C001726,Cliente 1726,Mass,Ambato,37,828.19,16,"Crédito de Consumo, Cuenta de Ahorros, Tarjeta de Crédito",22703.73,631.37,23000.0,371.0,"App, Branch, POS, Web",3,True,2.7,Food & Supermarket Lover,Supermarket
C001727,Cliente 1727,Mass,Cuenca,22,882.05,12,"Crédito Hipotecario, Crédito de Consumo, Tarjeta de Crédito",60466.57,568.42,13600.0,185.0,"App, Branch, POS, Web",3,True,4.2,Entertainment & Streaming Lover,Streaming
C001728,Cliente 1728,Mass,Manta,58,794.96,11,"Crédito Hipotecario, Crédito Vehicular, Tarjeta de Crédito",200244.45,428.13,9600.0,47.0,"ATM, App, Branch, POS, Web",3,True,4.5,Entertainment & Streaming Lover,Streaming
C001729,Cliente 1729,Affluent,Quito,44,2800.95,5,"Crédito de Consumo, Cuenta Corriente",58417.11,0.0,0.0,96.0,"App, Branch, Web",2,True,,Sin Perfil de Consumo,N/A
C001730,Cliente 1730,Mass,Quito,47,578.08,15,"Crédito Hipotecario, Tarjeta de Crédito",129133.98000000001,450.03000000000003,7200.0,592.0,"ATM, App, Branch, POS, Web",2,True,6.3,Entertainment & Streaming Lover,Streaming
C001731,Cliente 1731,Premium,Cuenca,34,2847.29,11,"Cuenta de Ahorros, Tarjeta de Crédito",43231.86,1892.54,64000.0,113.0,"ATM, App, Branch, POS, Web",2,True,3.0,Food & Supermarket Lover,Food
C001732,Cliente 1732,Mass,Cuenca,32,798.34,3,Crédito Hipotecario,49603.24,0.0,0.0,1243.0,"App, Branch",1,False,,Sin Perfil de Consumo,N/A
C001733,Cliente 1733,Premium,Quito,27,6102.53,9,"Crédito Hipotecario, Cuenta Corriente, Cuenta de Ahorros, Tarjeta de Crédito",148267.53,2063.29,40800.0,1051.0,"App, Branch, POS, Web",4,True,5.1,Travel Lover,Travel
C001734,Cliente 1734,PyME,Quito,43,1477.21,12,"Crédito de Consumo, Tarjeta de Crédito",66222.02,1260.96,35000.0,845.0,"App, POS, Web",2,True,3.6,Travel Lover,Travel
C001735,Cliente 1735,Mass,Quito,47,593.18,1,Cuenta de Ahorros,378.59,0.0,0.0,,ATM,1,False,,Sin Perfil de Consumo,N/A
C001736,Cliente 1736,Mass,Ambato,41,2162.86,6,"Crédito Hipotecario, Tarjeta de Crédito",60671.9,1239.58,18000.0,665.0,"App, Branch, POS",2,True,6.9,Food & Supermarket Lover,Food
C001737,Cliente 1737,Premium,Guayaquil,18,6709.71,19,"Crédito Hipotecario, Crédito de Consumo, Tarjeta de Crédito",331432.38,3840.04,200200.0,123.0,"ATM, App, Branch, POS, Web",3,True,1.9,Travel Lover,Travel
C001738,Cliente 1738,Joven,Desconocida,35,718.84,16,"Crédito Hipotecario, Cuenta Corriente, Tarjeta de Crédito",197396.89,579.3199999999999,19800.0,624.0,"App, Branch, POS, Web",3,True,2.9,Lifestyle Lover,Fuel
C001739,Cliente 1739,PyME,Manta,30,1389.25,4,"Crédito Hipotecario, Crédito de Consumo",163365.8,0.0,0.0,404.0,"App, Branch",2,True,,Sin Perfil de Consumo,N/A
C001740,Cliente 1740,Premium,Quito,32,4960.06,8,"Crédito Hipotecario, Tarjeta de Crédito",83759.36,1557.98,50000.0,553.0,"ATM, App, Branch, POS, Web",2,True,3.1,Health & Wellness Lover,Health
C001741,Cliente 1741,PyME,Cuenca,39,2398.95,10,"Cuenta Corriente, Tarjeta de Crédito",13040.56,1670.54,22500.0,718.0,"App, Branch, POS, Web",2,True,7.4,Food & Supermarket Lover,Supermarket
C001742,Cliente 1742,Joven,Quito,59,1071.82,5,Tarjeta de Crédito,1897.1000000000001,441.23,8500.0,625.0,"App, Branch, POS, Web",1,False,5.2,Travel Lover,Travel
C001743,Cliente 1743,PyME,Quito,36,2405.61,4,"Crédito Hipotecario, Cuenta de Ahorros",131636.31,0.0,0.0,1011.0,"ATM, App, Branch",2,True,,Sin Perfil de Consumo,N/A
C001744,Cliente 1744,Joven,Cuenca,26,892.33,8,"Crédito Vehicular, Crédito de Consumo, Tarjeta de Crédito",19915.989999999998,140.62,5200.0,385.0,"ATM, Branch, POS, Web",3,True,2.7,Tech Lover,Technology
C001745,Cliente 1745,Mass,Quito,46,602.81,9,Tarjeta de Crédito,2325.42,234.85,6300.0,13.0,"App, Branch, POS, Web",1,False,3.7,Food & Supermarket Lover,Supermarket
C001746,Cliente 1746,PyME,Manta,49,1281.44,7,"Crédito Vehicular, Tarjeta de Crédito",27128.0,729.38,10000.0,260.0,"App, Branch, POS, Web",2,True,7.3,Food & Supermarket Lover,Food
C001747,Cliente 1747,Mass,Guayaquil,34,1244.5,7,Tarjeta de Crédito,4943.82,640.89,14000.0,472.0,"App, Branch, POS, Web",1,False,4.6,Entertainment & Streaming Lover,Streaming
C001748,Cliente 1748,Mass,Quito,40,527.84,2,Cuenta de Ahorros,3246.42,0.0,0.0,,"App, Branch",1,False,,Sin Perfil de Consumo,N/A
C001749,Cliente 1749,Affluent,Quito,46,2540.07,9,"Crédito Vehicular, Cuenta Corriente, Tarjeta de Crédito",48455.76,498.57,24800.0,82.0,"ATM, App, Branch, POS, Web",3,True,2.0,Tech Lover,Technology
C001750,Cliente 1750,Mass,Cuenca,46,615.37,15,"Crédito Hipotecario, Tarjeta de Crédito",105855.14,470.15999999999997,23400.0,65.0,"App, Branch, POS, Web",2,True,2.0,Lifestyle Lover,Fuel
C001751,Cliente 1751,Premium,Loja,27,5392.29,3,Crédito Vehicular,43275.03,0.0,0.0,916.0,"App, Branch",1,False,,Sin Perfil de Consumo,N/A
C001752,Cliente 1752,PyME,Guayaquil,43,2353.4,10,Tarjeta de Crédito,10378.699999999999,1080.27,52000.0,1306.0,"App, Branch, POS, Web",1,False,2.1,Food & Supermarket Lover,Food
C001753,Cliente 1753,Premium,Guayaquil,27,3898.7,2,Cuenta de Ahorros,-200.0,0.0,0.0,,"Branch, Web",1,False,,Sin Perfil de Consumo,N/A
C001754,Cliente 1754,Mass,Guayaquil,41,646.46,13,"Crédito Vehicular, Tarjeta de Crédito",43283.25,677.24,17000.0,1260.0,"ATM, App, Branch, POS, Web",2,True,4.0,Food & Supermarket Lover,Supermarket
C001755,Cliente 1755,Mass,Loja,46,2462.35,19,"Crédito Hipotecario, Crédito Vehicular, Cuenta Corriente, Tarjeta de Crédito",290494.95,1553.06,52800.0,1171.0,"App, Branch, POS, Web",4,True,2.9,Health & Wellness Lover,Health
C001756,Cliente 1756,Mass,Quito,30,1468.03,3,Crédito Hipotecario,100431.26999999999,0.0,0.0,1546.0,"App, Branch, Web",1,False,,Sin Perfil de Consumo,N/A
C001757,Cliente 1757,PyME,Quito,62,3420.5,3,"Crédito Hipotecario, Cuenta Corriente, Cuenta de Ahorros",48403.65,0.0,0.0,2035.0,"App, Branch, Web",3,True,,Sin Perfil de Consumo,N/A
C001758,Cliente 1758,Affluent,Quito,35,3670.94,17,"Crédito Hipotecario, Crédito de Consumo, Cuenta de Ahorros, Tarjeta de Crédito",238816.57,2034.09,30400.0,52.0,"ATM, App, Branch, POS, Web",4,True,6.7,Entertainment & Streaming Lover,Entertainment
C001759,Cliente 1759,PyME,Cuenca,33,3047.98,12,"Crédito Vehicular, Crédito de Consumo, Tarjeta de Crédito",82683.63,1681.65,34400.0,1072.0,"ATM, App, Branch, POS, Web",3,True,4.9,Travel Lover,Travel
C001760,Cliente 1760,Affluent,Quito,41,4465.65,13,"Cuenta de Ahorros, Tarjeta de Crédito",60365.8,2842.81,62100.0,555.0,"App, Branch, POS, Web",2,True,4.6,Tech Lover,Technology
C001761,Cliente 1761,Mass,Guayaquil,45,710.39,11,Tarjeta de Crédito,1594.4499999999998,306.90999999999997,13200.0,11.0,"App, Branch, POS",1,False,2.3,Food & Supermarket Lover,Supermarket
C001762,Cliente 1762,Mass,Quito,51,887.19,16,"Crédito Vehicular, Cuenta de Ahorros, Tarjeta de Crédito",65555.64,380.75,25000.0,892.0,"App, Branch, POS, Web",3,True,1.5,Travel Lover,Travel
C001763,Cliente 1763,PyME,Guayaquil,18,3464.76,14,"Crédito Hipotecario, Crédito de Consumo, Tarjeta de Crédito",121315.35,2000.39,94600.0,594.0,"App, Branch, POS, Web",3,True,2.1,Entertainment & Streaming Lover,Entertainment
C001764,Cliente 1764,Mass,Ambato,37,1408.61,1,Crédito de Consumo,5568.11,0.0,0.0,532.0,App,1,False,,Sin Perfil de Consumo,N/A
C001765,Cliente 1765,Mass,Guayaquil,18,1912.95,6,"Crédito de Consumo, Cuenta Corriente",37557.21,0.0,0.0,1376.0,"App, Branch, Web",2,True,,Sin Perfil de Consumo,N/A
C001766,Cliente 1766,Mass,Manta,70,877.84,9,"Crédito Hipotecario, Tarjeta de Crédito",75280.27,588.36,8800.0,865.0,"ATM, App, POS, Web",2,True,6.7,Travel Lover,Travel
C001767,Cliente 1767,PyME,Guayaquil,43,2688.47,12,"Crédito Hipotecario, Tarjeta de Crédito",309306.12,1444.3799999999999,57600.0,1017.0,"ATM, App, Branch, POS, Web",2,True,2.5,Travel Lover,Travel
C001768,Cliente 1768,Mass,Quito,37,871.36,13,"Crédito Hipotecario, Crédito Vehicular, Tarjeta de Crédito",391288.35,779.21,15300.0,126.0,"App, Branch, POS, Web",3,True,5.1,Entertainment & Streaming Lover,Streaming
C001769,Cliente 1769,Premium,Ambato,43,5077.58,16,"Crédito Vehicular, Crédito de Consumo, Tarjeta de Crédito",56995.119999999995,7769.5,185900.0,593.0,"ATM, App, Branch, POS, Web",3,True,4.2,Travel Lover,Travel
C001770,Cliente 1770,Affluent,Guayaquil,53,2449.09,13,"Crédito Hipotecario, Crédito de Consumo, Cuenta Corriente, Tarjeta de Crédito",315699.56,730.13,30100.0,1359.0,"ATM, App, Branch, POS, Web",4,True,2.4,Food & Supermarket Lover,Supermarket
C001771,Cliente 1771,Joven,Quito,44,858.05,12,"Crédito de Consumo, Tarjeta de Crédito",23938.71,417.27,22500.0,252.0,"ATM, App, Branch, POS, Web",2,True,1.9,Food & Supermarket Lover,Supermarket
C001772,Cliente 1772,Mass,Guayaquil,48,997.34,11,"Crédito Hipotecario, Cuenta Corriente, Cuenta de Ahorros, Tarjeta de Crédito",125982.67000000001,314.51,14000.0,1136.0,"ATM, App, Branch, POS, Web",4,True,2.2,Lifestyle Lover,Fuel
C001773,Cliente 1773,Affluent,Desconocida,74,3214.41,11,"Crédito Hipotecario, Cuenta Corriente, Tarjeta de Crédito",229074.55,1051.37,40800.0,1112.0,"ATM, App, POS, Web",3,True,2.6,Entertainment & Streaming Lover,Entertainment
C001774,Cliente 1774,Affluent,Cuenca,43,1543.99,17,"Cuenta de Ahorros, Tarjeta de Crédito",10300.88,1780.22,24700.0,733.0,"ATM, App, Branch, POS, Web",2,True,7.2,Food & Supermarket Lover,Supermarket
C001775,Cliente 1775,Premium,Cuenca,43,4433.01,17,"Cuenta Corriente, Tarjeta de Crédito",108538.51000000001,3710.7200000000003,89700.0,704.0,"ATM, App, Branch, POS, Web",2,True,4.1,Entertainment & Streaming Lover,Streaming
C001776,Cliente 1776,Mass,Manta,26,660.7,11,"Crédito Vehicular, Tarjeta de Crédito",41651.66,400.69,8100.0,350.0,"ATM, App, Branch, POS, Web",2,True,4.9,Lifestyle Lover,Fuel
C001777,Cliente 1777,Mass,Loja,57,793.43,1,Crédito Vehicular,14858.03,0.0,0.0,787.0,Web,1,False,,Sin Perfil de Consumo,N/A
C001778,Cliente 1778,Mass,Quito,29,785.63,11,Tarjeta de Crédito,6657.86,735.52,15400.0,364.0,"ATM, Branch, POS, Web",1,False,4.8,Food & Supermarket Lover,Supermarket
C001779,Cliente 1779,Affluent,Quito,21,2197.43,9,"Crédito Vehicular, Tarjeta de Crédito",37568.97,1881.74,34400.0,330.0,"App, Branch, POS, Web",2,True,5.5,Entertainment & Streaming Lover,Entertainment
C001780,Cliente 1780,Affluent,Quito,51,3527.59,14,"Crédito de Consumo, Tarjeta de Crédito",32356.92,3297.98,92300.0,1185.0,"App, Branch, POS, Web",2,True,3.6,Lifestyle Lover,Others
C001781,Cliente 1781,Premium,Guayaquil,50,2507.99,18,"Crédito de Consumo, Cuenta Corriente, Cuenta de Ahorros, Tarjeta de Crédito",87534.65,2131.13,67200.0,1023.0,"ATM, App, Branch, POS, Web",4,True,3.2,Entertainment & Streaming Lover,Entertainment
C001782,Cliente 1782,Premium,Loja,50,3131.3,12,"Crédito Vehicular, Crédito de Consumo, Tarjeta de Crédito",93296.09999999999,2111.48,48000.0,1061.0,"App, Branch, POS, Web",3,True,4.4,Food & Supermarket Lover,Supermarket
C001783,Cliente 1783,Mass,Guayaquil,41,1221.0,12,"Crédito de Consumo, Tarjeta de Crédito",6920.2,921.3199999999999,18700.0,158.0,"Branch, POS",2,True,4.9,Lifestyle Lover,Fuel
C001784,Cliente 1784,Mass,Guayaquil,18,583.21,7,"Crédito Hipotecario, Tarjeta de Crédito",105566.44,169.89,5400.0,113.0,"App, Branch, POS, Web",2,True,3.1,Entertainment & Streaming Lover,Streaming
C001785,Cliente 1785,Affluent,Cuenca,34,1097.42,4,"Crédito de Consumo, Cuenta Corriente",16932.1,0.0,0.0,2004.0,"ATM, Branch, Web",2,True,,Sin Perfil de Consumo,N/A
C001786,Cliente 1786,Affluent,Quito,51,1495.64,7,"Crédito Vehicular, Tarjeta de Crédito",35459.82,556.01,7200.0,273.0,"App, Branch, POS, Web",2,True,7.7,Health & Wellness Lover,Health
C001787,Cliente 1787,PyME,Guayaquil,59,2503.38,10,"Crédito Hipotecario, Tarjeta de Crédito",59325.2,1333.53,26400.0,749.0,"App, Branch, POS, Web",2,True,5.1,Lifestyle Lover,Others
C001788,Cliente 1788,Mass,Guayaquil,47,762.63,10,"Cuenta Corriente, Tarjeta de Crédito",6017.969999999999,376.32,8400.0,1425.0,"ATM, App, Branch, POS, Web",2,True,4.5,Travel Lover,Travel
C001789,Cliente 1789,Premium,Guayaquil,33,3692.32,10,"Crédito de Consumo, Cuenta de Ahorros, Tarjeta de Crédito",66567.36,1426.07,31500.0,526.0,"App, Branch, POS, Web",3,True,4.5,Entertainment & Streaming Lover,Entertainment
C001790,Cliente 1790,Affluent,Manta,24,2497.89,9,"Crédito Hipotecario, Crédito de Consumo, Tarjeta de Crédito",199832.81,725.5,15600.0,707.0,"ATM, App, Branch, POS, Web",3,True,4.7,Food & Supermarket Lover,Food
C001791,Cliente 1791,Affluent,Quito,40,963.79,9,Tarjeta de Crédito,5192.19,567.41,22500.0,277.0,"App, Branch, POS, Web",1,False,2.5,Travel Lover,Travel
C001792,Cliente 1792,Affluent,Quito,21,2103.48,17,"Crédito Hipotecario, Crédito de Consumo, Cuenta de Ahorros, Tarjeta de Crédito",166961.96,2457.98,40800.0,77.0,"App, Branch, POS, Web",4,True,6.0,Entertainment & Streaming Lover,Entertainment
C001793,Cliente 1793,Mass,Guayaquil,44,636.16,13,"Cuenta de Ahorros, Tarjeta de Crédito",2979.21,384.26,8400.0,1340.0,"ATM, App, Branch, POS, Web",2,True,4.6,Lifestyle Lover,Fuel
C001794,Cliente 1794,Mass,Cuenca,19,909.85,11,"Crédito de Consumo, Cuenta Corriente, Tarjeta de Crédito",12887.289999999999,544.95,11200.0,725.0,"ATM, App, POS, Web",3,True,4.9,Travel Lover,Travel
C001795,Cliente 1795,Mass,Quito,50,1151.27,8,"Cuenta de Ahorros, Tarjeta de Crédito",13847.89,604.13,20300.0,1192.0,"App, Branch, POS",2,True,3.0,Tech Lover,Technology
C001796,Cliente 1796,Joven,Guayaquil,58,732.6,3,"Crédito de Consumo, Cuenta de Ahorros",8404.5,0.0,0.0,1576.0,"Branch, Web",2,True,,Sin Perfil de Consumo,N/A
C001797,Cliente 1797,Mass,Ambato,34,773.18,17,"Crédito de Consumo, Cuenta Corriente, Tarjeta de Crédito",19057.67,409.15,11000.0,415.0,"App, Branch, POS, Web",3,True,3.7,Travel Lover,Travel
C001798,Cliente 1798,Joven,Guayaquil,60,692.35,8,"Crédito de Consumo, Tarjeta de Crédito",8785.02,398.88,6000.0,1426.0,"App, Branch, POS, Web",2,True,6.6,Entertainment & Streaming Lover,Entertainment
C001799,Cliente 1799,Mass,Cuenca,28,597.7,6,"Cuenta Corriente, Cuenta de Ahorros",12862.880000000001,0.0,0.0,,"ATM, Branch, Web",2,True,,Sin Perfil de Consumo,N/A
C001800,Cliente 1800,Mass,Manta,30,988.42,1,Crédito Vehicular,15928.31,0.0,0.0,1986.0,Branch,1,False,,Sin Perfil de Consumo,N/A
C001801,Cliente 1801,Mass,Quito,29,762.96,3,Crédito Vehicular,85060.59,0.0,0.0,2015.0,"ATM, App, POS",1,False,,Sin Perfil de Consumo,N/A
C001802,Cliente 1802,Joven,Quito,42,1094.32,3,Crédito Vehicular,68801.34,0.0,0.0,1497.0,"App, Branch, Web",1,False,,Sin Perfil de Consumo,N/A
C001803,Cliente 1803,PyME,Guayaquil,20,3533.24,5,"Crédito Hipotecario, Crédito de Consumo, Cuenta de Ahorros",194494.49,0.0,0.0,536.0,"App, Branch, Web",3,True,,Sin Perfil de Consumo,N/A
C001804,Cliente 1804,Affluent,Guayaquil,18,2547.55,11,"Crédito Vehicular, Cuenta Corriente, Tarjeta de Crédito",55320.840000000004,1727.24,50400.0,219.0,"ATM, App, Branch, POS, Web",3,True,3.4,Tech Lover,Technology
C001805,Cliente 1805,Affluent,Guayaquil,53,1731.55,13,"Cuenta de Ahorros, Tarjeta de Crédito",21535.61,1145.96,42000.0,1241.0,"App, Branch, POS, Web",2,True,2.7,Food & Supermarket Lover,Food
C001806,Cliente 1806,Mass,Guayaquil,45,655.98,7,"Crédito Vehicular, Crédito de Consumo, Cuenta Corriente",52560.91,0.0,0.0,981.0,"ATM, App, Branch, Web",3,True,,Sin Perfil de Consumo,N/A
C001807,Cliente 1807,Mass,Guayaquil,50,854.44,7,"Crédito Hipotecario, Tarjeta de Crédito",91653.67,331.97,7000.0,1237.0,"Branch, POS",2,True,4.7,Food & Supermarket Lover,Food
C001808,Cliente 1808,Premium,Quito,18,3833.19,14,"Crédito Vehicular, Cuenta de Ahorros, Tarjeta de Crédito",126814.93000000001,1966.88,30800.0,576.0,"App, Branch, POS, Web",3,True,6.4,Entertainment & Streaming Lover,Streaming
C001809,Cliente 1809,Affluent,Quito,42,2295.86,8,"Crédito Vehicular, Cuenta de Ahorros, Tarjeta de Crédito",75643.51999999999,470.03999999999996,26000.0,480.0,"App, Branch, POS, Web",3,True,1.8,Tech Lover,Technology
C001810,Cliente 1810,Mass,Guayaquil,43,1183.72,17,"Crédito Vehicular, Cuenta de Ahorros, Tarjeta de Crédito",43457.48,1047.82,34100.0,726.0,"ATM, App, Branch, POS",3,True,3.1,Travel Lover,Travel
C001811,Cliente 1811,Affluent,Loja,51,1883.3,13,"Crédito de Consumo, Tarjeta de Crédito",25395.72,1468.98,28600.0,814.0,"App, Branch, POS, Web",2,True,5.1,Travel Lover,Travel
C001812,Cliente 1812,Mass,Guayaquil,28,442.9,9,"Crédito Vehicular, Tarjeta de Crédito",17814.920000000002,123.08,4800.0,624.0,"App, Branch, POS, Web",2,True,2.6,Entertainment & Streaming Lover,Entertainment
C001813,Cliente 1813,Joven,Quito,48,1172.55,17,"Cuenta de Ahorros, Tarjeta de Crédito",6878.05,1548.51,35100.0,1025.0,"App, Branch, POS, Web",2,True,4.4,Food & Supermarket Lover,Food
C001814,Cliente 1814,Mass,Manta,24,615.89,17,"Cuenta Corriente, Tarjeta de Crédito",9762.92,1035.88,14000.0,456.0,"App, Branch, POS, Web",2,True,7.4,Lifestyle Lover,Others
C001815,Cliente 1815,Premium,Guayaquil,45,4682.68,4,"Crédito Hipotecario, Crédito de Consumo, Cuenta Corriente",110494.32,0.0,0.0,1278.0,"ATM, App, Web",3,True,,Sin Perfil de Consumo,N/A
C001816,Cliente 1816,Premium,Ambato,47,4787.17,8,"Cuenta Corriente, Tarjeta de Crédito",49260.44,1176.21,38500.0,182.0,"App, Branch, POS, Web",2,True,3.1,Food & Supermarket Lover,Supermarket
C001817,Cliente 1817,Mass,Guayaquil,45,781.86,10,"Crédito Vehicular, Tarjeta de Crédito",18246.859999999997,474.56,17100.0,1215.0,"ATM, App, Branch, POS, Web",2,True,2.8,Travel Lover,Travel
C001818,Cliente 1818,Mass,Guayaquil,44,716.61,9,Tarjeta de Crédito,2436.84,397.43,18900.0,771.0,"App, POS, Web",1,False,2.1,Travel Lover,Travel
C001819,Cliente 1819,Mass,Quito,47,932.49,5,"Crédito Vehicular, Cuenta de Ahorros",70102.55,0.0,0.0,24.0,"App, Web",2,True,,Sin Perfil de Consumo,N/A
C001820,Cliente 1820,PyME,Quito,37,1935.72,11,"Crédito Hipotecario, Cuenta Corriente, Cuenta de Ahorros, Tarjeta de Crédito",247409.27,847.47,35700.0,1043.0,"ATM, App, Branch, POS, Web",4,True,2.4,Entertainment & Streaming Lover,Streaming
C001821,Cliente 1821,PyME,Cuenca,40,3537.27,5,"Crédito Hipotecario, Crédito de Consumo",322308.81,0.0,0.0,1141.0,"App, Branch, Web",2,True,,Sin Perfil de Consumo,N/A
C001822,Cliente 1822,Mass,Cuenca,19,927.32,9,"Crédito Vehicular, Tarjeta de Crédito",43863.380000000005,260.3,10500.0,418.0,"App, POS, Web",2,True,2.5,Tech Lover,Technology
C001823,Cliente 1823,Joven,Guayaquil,45,492.02,9,"Crédito de Consumo, Tarjeta de Crédito",6411.61,242.72,8000.0,547.0,"App, POS, Web",2,True,3.0,Tech Lover,Technology
C001824,Cliente 1824,Affluent,Quito,18,1315.82,16,"Crédito Hipotecario, Cuenta de Ahorros, Tarjeta de Crédito",414916.23000000004,851.49,18000.0,187.0,"App, Branch, POS, Web",3,True,4.7,Lifestyle Lover,Others
C001825,Cliente 1825,Mass,Manta,48,1057.63,3,Crédito Vehicular,65015.729999999996,0.0,0.0,2062.0,"App, Web",1,False,,Sin Perfil de Consumo,N/A
C001826,Cliente 1826,Affluent,Guayaquil,50,2470.87,12,"Crédito Hipotecario, Crédito de Consumo, Tarjeta de Crédito",181300.62,1325.88,23800.0,642.0,"ATM, App, Branch, POS, Web",3,True,5.6,Lifestyle Lover,Fuel
C001827,Cliente 1827,PyME,Desconocida,46,1911.0,13,"Crédito Hipotecario, Crédito Vehicular, Tarjeta de Crédito",111950.21,793.5600000000001,40500.0,135.0,"ATM, App, Branch, POS, Web",3,True,2.0,Food & Supermarket Lover,Food
C001828,Cliente 1828,Mass,Cuenca,36,819.32,14,Tarjeta de Crédito,18158.42,1067.29,32200.0,891.0,"ATM, App, POS, Web",1,False,3.3,Entertainment & Streaming Lover,Streaming
C001829,Cliente 1829,Mass,Manta,30,845.8,15,"Cuenta Corriente, Tarjeta de Crédito",10452.02,975.36,29400.0,1171.0,"ATM, App, Branch, POS, Web",2,True,3.3,Food & Supermarket Lover,Supermarket
C001830,Cliente 1830,Mass,Quito,29,1387.32,10,"Crédito de Consumo, Tarjeta de Crédito",12876.84,1192.3799999999999,28700.0,394.0,"ATM, App, Branch, POS, Web",2,True,4.2,Education Lover,Education
C001831,Cliente 1831,Joven,Guayaquil,33,531.3,15,"Crédito Vehicular, Cuenta de Ahorros, Tarjeta de Crédito",30600.11,283.38,6600.0,1284.0,"ATM, App, Branch, POS, Web",3,True,4.3,Tech Lover,Technology
C001832,Cliente 1832,Mass,Quito,47,951.19,7,"Crédito Hipotecario, Tarjeta de Crédito",331083.97000000003,123.00999999999999,6400.0,89.0,"Branch, POS, Web",2,True,1.9,Food & Supermarket Lover,Food
C001833,Cliente 1833,PyME,Guayaquil,22,6267.12,7,"Crédito Vehicular, Cuenta de Ahorros",175540.2,0.0,0.0,1633.0,"ATM, Branch, POS",2,True,,Sin Perfil de Consumo,N/A
C001834,Cliente 1834,PyME,Quito,40,2512.63,12,"Crédito Vehicular, Crédito de Consumo, Cuenta de Ahorros, Tarjeta de Crédito",106584.68000000001,679.9399999999999,52500.0,25.0,"App, Branch, POS, Web",4,True,1.3,Entertainment & Streaming Lover,Entertainment
C001835,Cliente 1835,Mass,Quito,19,517.08,2,"Crédito Vehicular, Cuenta de Ahorros",28091.66,0.0,0.0,161.0,"App, Branch",2,True,,Sin Perfil de Consumo,N/A
C001836,Cliente 1836,Affluent,Cuenca,40,1810.83,4,Tarjeta de Crédito,6976.4,374.03999999999996,14000.0,735.0,POS,1,False,2.7,Food & Supermarket Lover,Supermarket
C001837,Cliente 1837,PyME,Guayaquil,32,3113.53,19,"Cuenta Corriente, Cuenta de Ahorros, Tarjeta de Crédito",71610.41,2839.93,46800.0,433.0,"ATM, App, Branch, POS, Web",3,True,6.1,Travel Lover,Travel
C001838,Cliente 1838,Mass,Guayaquil,30,705.01,17,"Crédito Vehicular, Cuenta Corriente, Tarjeta de Crédito",41935.10999999999,469.51,12000.0,329.0,"ATM, App, Branch, POS, Web",3,True,3.9,Education Lover,Education
C001839,Cliente 1839,Mass,Manta,48,1661.06,14,Tarjeta de Crédito,8677.199999999999,1064.92,23800.0,1172.0,"App, Branch, POS, Web",1,False,4.5,Education Lover,Education
C001840,Cliente 1840,Mass,Guayaquil,28,798.04,8,"Crédito Hipotecario, Cuenta de Ahorros, Tarjeta de Crédito",171966.4,300.21,12000.0,514.0,"App, Branch, POS, Web",3,True,2.5,Tech Lover,Technology
C001841,Cliente 1841,Mass,Guayaquil,32,1004.26,10,Tarjeta de Crédito,3700.0,812.1999999999999,16000.0,1166.0,"App, Branch, POS, Web",1,False,5.1,Food & Supermarket Lover,Supermarket
C001842,Cliente 1842,Mass,Quito,18,989.25,9,"Crédito de Consumo, Cuenta Corriente, Tarjeta de Crédito",19685.45,685.61,14500.0,1086.0,"Branch, POS, Web",3,True,4.7,Lifestyle Lover,Fuel
C001843,Cliente 1843,Joven,Quito,40,755.57,1,Crédito Hipotecario,140008.19,0.0,0.0,2140.0,ATM,1,False,,Sin Perfil de Consumo,N/A
C001844,Cliente 1844,Affluent,Guayaquil,55,3045.11,15,"Crédito Hipotecario, Crédito de Consumo, Tarjeta de Crédito",269338.8,2412.17,73200.0,807.0,"App, Branch, POS, Web",3,True,3.3,Entertainment & Streaming Lover,Entertainment
C001845,Cliente 1845,Mass,Quito,18,1235.47,7,"Crédito Hipotecario, Crédito de Consumo, Cuenta de Ahorros",190059.44999999998,0.0,0.0,729.0,"ATM, Branch, POS, Web",3,True,,Sin Perfil de Consumo,N/A
C001846,Cliente 1846,Mass,Ambato,50,829.13,11,"Crédito de Consumo, Cuenta de Ahorros, Tarjeta de Crédito",25436.350000000002,324.85,8400.0,1033.0,"ATM, App, Branch, POS, Web",3,True,3.9,Lifestyle Lover,Others
C001847,Cliente 1847,Premium,Quito,45,3650.34,9,"Cuenta Corriente, Tarjeta de Crédito",66748.49,1360.74,76300.0,1438.0,"ATM, App, Branch, POS, Web",2,True,1.8,Entertainment & Streaming Lover,Entertainment
C001848,Cliente 1848,Premium,Guayaquil,46,3037.26,18,"Crédito Hipotecario, Cuenta de Ahorros, Tarjeta de Crédito",160085.71,3367.59,106600.0,841.0,"ATM, App, Branch, POS, Web",3,True,3.2,Food & Supermarket Lover,Food
C001849,Cliente 1849,Mass,Loja,34,529.01,18,"Crédito Vehicular, Cuenta Corriente, Tarjeta de Crédito",60995.43,222.39,6600.0,721.0,"ATM, App, Branch, POS, Web",3,True,3.4,Travel Lover,Travel
C001850,Cliente 1850,Mass,Guayaquil,61,627.38,6,"Crédito Hipotecario, Crédito Vehicular, Crédito de Consumo",102126.74,0.0,0.0,59.0,"ATM, App, Branch, Web",3,True,,Sin Perfil de Consumo,N/A
C001851,Cliente 1851,Affluent,Quito,45,2529.15,15,"Crédito Vehicular, Cuenta de Ahorros, Tarjeta de Crédito",109738.11,1418.38,40500.0,282.0,"App, Branch, POS, Web",3,True,3.5,Food & Supermarket Lover,Supermarket
C001852,Cliente 1852,PyME,Quito,41,2706.31,1,Crédito Vehicular,21921.5,0.0,0.0,1230.0,App,1,False,,Sin Perfil de Consumo,N/A
C001853,Cliente 1853,Mass,Guayaquil,38,556.68,2,"Crédito Vehicular, Crédito de Consumo",23055.32,0.0,0.0,250.0,"ATM, App",2,True,,Sin Perfil de Consumo,N/A
C001854,Cliente 1854,PyME,Manta,36,4009.66,14,"Crédito de Consumo, Tarjeta de Crédito",37419.91,3795.21,115500.0,512.0,"ATM, App, Branch, POS, Web",2,True,3.3,Travel Lover,Travel
C001855,Cliente 1855,Joven,Quito,33,763.54,13,"Crédito Vehicular, Cuenta Corriente, Tarjeta de Crédito",35277.2,359.89,10500.0,1338.0,"App, Branch, POS, Web",3,True,3.4,Travel Lover,Travel
C001856,Cliente 1856,Mass,Ambato,19,1061.78,2,"Crédito Vehicular, Crédito de Consumo",28620.440000000002,0.0,0.0,716.0,"App, Branch",2,True,,Sin Perfil de Consumo,N/A
C001857,Cliente 1857,Mass,Guayaquil,44,888.12,6,"Crédito Vehicular, Crédito de Consumo",73515.98999999999,0.0,0.0,638.0,"App, Branch, Web",2,True,,Sin Perfil de Consumo,N/A
C001858,Cliente 1858,Mass,Quito,24,2390.24,15,"Crédito Vehicular, Crédito de Consumo, Cuenta Corriente, Tarjeta de Crédito",69247.76000000001,1135.62,25600.0,461.0,"ATM, App, Branch, POS, Web",4,True,4.4,Food & Supermarket Lover,Supermarket
C001859,Cliente 1859,Mass,Cuenca,28,659.51,18,"Cuenta Corriente, Tarjeta de Crédito",10715.01,511.32,24000.0,239.0,"App, POS, Web",2,True,2.1,Entertainment & Streaming Lover,Entertainment
C001860,Cliente 1860,Mass,Quito,31,682.75,16,"Crédito de Consumo, Tarjeta de Crédito",21994.050000000003,659.25,24700.0,292.0,"ATM, App, Branch, POS, Web",2,True,2.7,Entertainment & Streaming Lover,Entertainment
C001861,Cliente 1861,Affluent,Cuenca,41,1924.51,17,"Crédito Vehicular, Cuenta Corriente, Cuenta de Ahorros, Tarjeta de Crédito",71237.18,1116.56,49500.0,1363.0,"ATM, App, Branch, POS, Web",4,True,2.3,Food & Supermarket Lover,Supermarket
C001862,Cliente 1862,Joven,Ambato,64,681.23,11,"Crédito de Consumo, Cuenta Corriente, Tarjeta de Crédito",12535.28,207.37,12600.0,324.0,"ATM, App, Branch, POS, Web",3,True,1.6,Lifestyle Lover,Others
C001863,Cliente 1863,Joven,Quito,72,557.23,1,Crédito Hipotecario,94327.82,0.0,0.0,99.0,Branch,1,False,,Sin Perfil de Consumo,N/A
C001864,Cliente 1864,Premium,Ambato,43,3643.47,4,"Crédito de Consumo, Cuenta de Ahorros",65770.06,0.0,0.0,1936.0,"Branch, Web",2,True,,Sin Perfil de Consumo,N/A
C001865,Cliente 1865,Affluent,Guayaquil,30,2813.92,19,"Crédito Hipotecario, Cuenta Corriente, Cuenta de Ahorros, Tarjeta de Crédito",126170.89000000001,2694.85,61600.0,454.0,"ATM, App, Branch, POS, Web",4,True,4.4,Food & Supermarket Lover,Supermarket
C001866,Cliente 1866,Affluent,Quito,42,1648.48,13,"Cuenta de Ahorros, Tarjeta de Crédito",-194.26,1076.78,20700.0,946.0,"App, Branch, POS, Web",2,True,5.2,Food & Supermarket Lover,Food
C001867,Cliente 1867,Joven,Guayaquil,40,587.81,6,Tarjeta de Crédito,1241.6,241.85999999999999,4200.0,287.0,"App, POS, Web",1,False,5.8,Tech Lover,Technology
C001868,Cliente 1868,Mass,Guayaquil,40,1605.3,11,Tarjeta de Crédito,15720.54,1236.76,50600.0,695.0,"Branch, POS, Web",1,False,2.4,Lifestyle Lover,Others
C001869,Cliente 1869,Premium,Guayaquil,40,4413.31,17,"Cuenta Corriente, Cuenta de Ahorros, Tarjeta de Crédito",72469.18,2827.14,82000.0,42.0,"App, Branch, POS, Web",3,True,3.4,Education Lover,Education
C001870,Cliente 1870,Affluent,Loja,20,2595.35,20,"Crédito Hipotecario, Crédito Vehicular, Crédito de Consumo, Tarjeta de Crédito",123126.0,1867.8899999999999,84000.0,348.0,"App, Branch, POS, Web",4,True,2.2,Lifestyle Lover,Others
C001871,Cliente 1871,Affluent,Cuenca,45,1392.55,11,"Crédito Vehicular, Cuenta Corriente, Cuenta de Ahorros, Tarjeta de Crédito",57250.96000000001,369.31,19500.0,198.0,"ATM, App, Branch, Web",4,True,1.9,Travel Lover,Travel
C001872,Cliente 1872,Mass,Ambato,44,992.05,11,Tarjeta de Crédito,1795.86,993.21,11000.0,828.0,"App, POS, Web",1,False,9.0,Entertainment & Streaming Lover,Streaming
C001873,Cliente 1873,Affluent,Guayaquil,47,2115.24,7,"Crédito Vehicular, Tarjeta de Crédito",18314.08,664.61,21000.0,989.0,"ATM, App, Branch, POS, Web",2,True,3.2,Lifestyle Lover,Fuel
C001874,Cliente 1874,Joven,Manta,64,780.14,15,"Cuenta de Ahorros, Tarjeta de Crédito",11532.6,827.3399999999999,13200.0,653.0,"ATM, App, Branch, POS, Web",2,True,6.3,Entertainment & Streaming Lover,Entertainment
C001875,Cliente 1875,Affluent,Quito,39,2801.77,11,"Crédito de Consumo, Cuenta Corriente, Cuenta de Ahorros, Tarjeta de Crédito",55579.920000000006,612.17,14400.0,939.0,"ATM, App, Branch, Web",4,True,4.3,Entertainment & Streaming Lover,Streaming
C001876,Cliente 1876,Mass,Guayaquil,37,761.95,1,Crédito Vehicular,30269.69,0.0,0.0,1259.0,Branch,1,False,,Sin Perfil de Consumo,N/A
C001877,Cliente 1877,PyME,Guayaquil,41,8297.84,7,"Crédito Hipotecario, Crédito Vehicular, Cuenta de Ahorros",312747.21,0.0,0.0,948.0,"App, Branch",3,True,,Sin Perfil de Consumo,N/A
C001878,Cliente 1878,Mass,Manta,63,1667.96,11,Tarjeta de Crédito,10911.400000000001,1293.44,22000.0,1214.0,"App, Branch, POS, Web",1,False,5.9,Tech Lover,Technology
C001879,Cliente 1879,Mass,Loja,39,1401.53,11,"Crédito Vehicular, Tarjeta de Crédito",16895.39,979.3399999999999,20000.0,422.0,"ATM, App, Branch, POS, Web",2,True,4.9,Food & Supermarket Lover,Food
C001880,Cliente 1880,Mass,Quito,36,690.97,3,Crédito de Consumo,20867.43,0.0,0.0,1140.0,App,1,False,,Sin Perfil de Consumo,N/A
C001881,Cliente 1881,PyME,Loja,62,4609.84,2,Cuenta de Ahorros,35170.16,0.0,0.0,,"Branch, Web",1,False,,Sin Perfil de Consumo,N/A
C001882,Cliente 1882,Mass,Cuenca,33,572.49,15,"Crédito de Consumo, Cuenta Corriente, Tarjeta de Crédito",22458.96,231.53,10800.0,528.0,"ATM, App, Branch, POS, Web",3,True,2.1,Entertainment & Streaming Lover,Streaming
C001883,Cliente 1883,Mass,Manta,34,488.28,2,Crédito Hipotecario,226106.12,0.0,0.0,1265.0,Branch,1,False,,Sin Perfil de Consumo,N/A
C001884,Cliente 1884,PyME,Guayaquil,20,3923.69,21,"Crédito Hipotecario, Crédito Vehicular, Tarjeta de Crédito",392669.49,4618.76,61500.0,794.0,"App, Branch, POS, Web",3,True,7.5,Food & Supermarket Lover,Supermarket
C001885,Cliente 1885,Joven,Manta,41,829.99,18,"Crédito Hipotecario, Crédito de Consumo, Tarjeta de Crédito",213012.15,598.04,28000.0,396.0,"ATM, App, Branch, POS, Web",3,True,2.1,Travel Lover,Travel
C001886,Cliente 1886,Mass,Guayaquil,56,1266.6,17,"Cuenta de Ahorros, Tarjeta de Crédito",3912.91,1517.78,36400.0,885.0,"App, Branch, POS, Web",2,True,4.2,Tech Lover,Technology
C001887,Cliente 1887,Mass,Quito,45,1419.54,5,"Cuenta Corriente, Cuenta de Ahorros",32351.47,0.0,0.0,,"App, Branch, Web",2,True,,Sin Perfil de Consumo,N/A
C001888,Cliente 1888,Joven,Quito,31,431.91,15,"Cuenta de Ahorros, Tarjeta de Crédito",5052.6900000000005,260.73,9600.0,849.0,"App, Branch, POS, Web",2,True,2.7,Entertainment & Streaming Lover,Entertainment
C001889,Cliente 1889,Mass,Quito,23,1637.06,3,Cuenta Corriente,688.6800000000001,0.0,0.0,,Web,1,False,,Sin Perfil de Consumo,N/A
C001890,Cliente 1890,Premium,Guayaquil,38,3170.54,8,"Crédito Hipotecario, Crédito de Consumo, Tarjeta de Crédito",162268.88,873.33,36000.0,344.0,"ATM, App, Branch, POS, Web",3,True,2.4,Entertainment & Streaming Lover,Streaming
C001891,Cliente 1891,Premium,Quito,34,5249.95,15,"Crédito Hipotecario, Cuenta de Ahorros, Tarjeta de Crédito",266160.59,4328.95,73000.0,500.0,"App, Branch, POS, Web",3,True,5.9,Travel Lover,Travel
C001892,Cliente 1892,Mass,Quito,45,350.0,19,"Crédito de Consumo, Cuenta de Ahorros, Tarjeta de Crédito",20577.47,244.68,6000.0,296.0,"App, Branch, POS, Web",3,True,4.1,Food & Supermarket Lover,Supermarket
C001893,Cliente 1893,Mass,Loja,41,1117.13,6,"Cuenta Corriente, Cuenta de Ahorros",13729.64,0.0,0.0,,"ATM, App, Branch",2,True,,Sin Perfil de Consumo,N/A
C001894,Cliente 1894,Affluent,Quito,53,1805.25,13,"Cuenta de Ahorros, Tarjeta de Crédito",26838.839999999997,1152.68,36000.0,243.0,"App, Branch, POS, Web",2,True,3.2,Lifestyle Lover,Others
C001895,Cliente 1895,Premium,Manta,33,1999.43,17,"Crédito Hipotecario, Tarjeta de Crédito",330581.24,2012.49,82600.0,136.0,"ATM, App, Branch, POS, Web",2,True,2.4,Food & Supermarket Lover,Food
C001896,Cliente 1896,Mass,Manta,49,1054.59,10,"Crédito Hipotecario, Crédito de Consumo, Cuenta de Ahorros, Tarjeta de Crédito",86979.23,278.0,12500.0,115.0,"ATM, App, Branch, POS, Web",4,True,2.2,Food & Supermarket Lover,Food
C001897,Cliente 1897,Affluent,Quito,42,1372.11,10,"Crédito Vehicular, Cuenta de Ahorros, Tarjeta de Crédito",64438.21,651.65,26600.0,202.0,"App, Branch, POS, Web",3,True,2.4,Food & Supermarket Lover,Supermarket
C001898,Cliente 1898,Mass,Cuenca,47,1417.26,14,Tarjeta de Crédito,19354.16,1014.71,37800.0,297.0,"App, Branch, POS, Web",1,False,2.7,Food & Supermarket Lover,Food
C001899,Cliente 1899,Mass,Guayaquil,32,945.16,10,"Crédito Vehicular, Tarjeta de Crédito",49565.24,542.79,14400.0,323.0,"App, Branch, POS, Web",2,True,3.8,Tech Lover,Technology
C001900,Cliente 1900,Mass,Guayaquil,30,945.68,6,"Crédito Vehicular, Tarjeta de Crédito",30516.379999999997,465.22999999999996,9500.0,91.0,"ATM, App, POS",2,True,4.9,Tech Lover,Technology
C001901,Cliente 1901,Premium,Cuenca,67,4831.38,11,Tarjeta de Crédito,6643.56,6025.41,95700.0,1470.0,"Branch, POS, Web",1,False,6.3,Lifestyle Lover,Others
C001902,Cliente 1902,Affluent,Guayaquil,34,1895.62,10,"Crédito Hipotecario, Tarjeta de Crédito",289193.06,925.17,15200.0,300.0,"App, Branch, POS, Web",2,True,6.1,Food & Supermarket Lover,Supermarket
C001903,Cliente 1903,Affluent,Cuenca,30,2202.31,7,"Crédito de Consumo, Cuenta de Ahorros, Tarjeta de Crédito",25837.33,494.37,15600.0,605.0,"ATM, App, Branch, Web",3,True,3.2,Entertainment & Streaming Lover,Streaming
C001904,Cliente 1904,Mass,Guayaquil,33,722.77,4,"Crédito Vehicular, Crédito de Consumo",38277.68,0.0,0.0,814.0,"ATM, Branch, Web",2,True,,Sin Perfil de Consumo,N/A
C001905,Cliente 1905,Affluent,Guayaquil,37,2954.87,19,"Crédito Hipotecario, Cuenta Corriente, Cuenta de Ahorros, Tarjeta de Crédito",164948.87,2570.36,80600.0,972.0,"App, Branch, POS, Web",4,True,3.2,Food & Supermarket Lover,Food
C001906,Cliente 1906,Affluent,Manta,22,1077.1,14,"Crédito de Consumo, Tarjeta de Crédito",11093.99,687.0,36000.0,468.0,"ATM, App, Branch, POS, Web",2,True,1.9,Tech Lover,Technology
C001907,Cliente 1907,Joven,Manta,32,434.63,10,"Crédito Vehicular, Tarjeta de Crédito",63326.2,163.77,3500.0,692.0,"ATM, App, Branch, POS, Web",2,True,4.7,Education Lover,Education
C001908,Cliente 1908,Mass,Quito,50,1109.08,13,"Cuenta Corriente, Tarjeta de Crédito",15039.51,427.04,24300.0,631.0,"ATM, App, Branch, POS, Web",2,True,1.8,Food & Supermarket Lover,Supermarket
C001909,Cliente 1909,Affluent,Guayaquil,37,2385.58,10,"Crédito Hipotecario, Crédito de Consumo, Cuenta Corriente, Cuenta de Ahorros",101957.73000000001,0.0,0.0,113.0,"ATM, App, Branch, Web",4,True,,Sin Perfil de Consumo,N/A
C001910,Cliente 1910,Premium,Quito,61,4154.87,14,"Crédito Hipotecario, Crédito Vehicular, Cuenta Corriente, Tarjeta de Crédito",347902.48,1691.9,46200.0,712.0,"App, Branch, POS, Web",4,True,3.7,Lifestyle Lover,Fuel
C001911,Cliente 1911,Premium,Quito,38,4813.46,10,Tarjeta de Crédito,52873.0,3331.91,136000.0,740.0,"App, Branch, POS",1,False,2.4,Food & Supermarket Lover,Food
C001912,Cliente 1912,Mass,Quito,35,718.03,5,"Crédito Vehicular, Crédito de Consumo",56381.64,0.0,0.0,947.0,"ATM, Branch, Web",2,True,,Sin Perfil de Consumo,N/A
C001913,Cliente 1913,Joven,Guayaquil,18,528.08,14,"Crédito Hipotecario, Cuenta de Ahorros, Tarjeta de Crédito",115447.73000000001,285.36,4200.0,620.0,"ATM, App, Branch, POS, Web",3,True,6.8,Lifestyle Lover,Fuel
C001914,Cliente 1914,Mass,Guayaquil,39,922.92,4,Tarjeta de Crédito,2169.4,154.21,5600.0,1088.0,"App, Branch, POS",1,False,2.8,Food & Supermarket Lover,Supermarket
C001915,Cliente 1915,Premium,Quito,64,4633.9,20,"Crédito Hipotecario, Cuenta de Ahorros, Tarjeta de Crédito",263725.06,3321.64,70200.0,995.0,"ATM, App, Branch, POS, Web",3,True,4.7,Food & Supermarket Lover,Supermarket
C001916,Cliente 1916,Joven,Quito,45,756.48,15,"Cuenta Corriente, Tarjeta de Crédito",10010.039999999999,534.1,13200.0,1021.0,"App, Branch, POS, Web",2,True,4.0,Entertainment & Streaming Lover,Entertainment
C001917,Cliente 1917,Premium,Manta,41,16177.54,8,"Crédito Vehicular, Tarjeta de Crédito",155497.38,6045.44,146500.0,278.0,"App, Branch, POS, Web",2,True,4.1,Tech Lover,Technology
C001918,Cliente 1918,Affluent,Desconocida,44,1318.0,16,"Crédito Vehicular, Crédito de Consumo, Tarjeta de Crédito",48841.32,1061.83,36000.0,637.0,"ATM, App, Branch, POS, Web",3,True,2.9,Food & Supermarket Lover,Supermarket
C001919,Cliente 1919,PyME,Cuenca,57,3404.62,19,"Crédito Hipotecario, Cuenta Corriente, Cuenta de Ahorros, Tarjeta de Crédito",308806.42,2141.22,119600.0,53.0,"ATM, App, Branch, POS, Web",4,True,1.8,Food & Supermarket Lover,Food
C001920,Cliente 1920,Mass,Guayaquil,39,1632.76,2,"Crédito de Consumo, Cuenta Corriente",6085.08,0.0,0.0,1166.0,"Branch, Web",2,True,,Sin Perfil de Consumo,N/A
C001921,Cliente 1921,Mass,Guayaquil,23,665.21,10,"Crédito Hipotecario, Cuenta Corriente, Tarjeta de Crédito",47929.27,608.64,10400.0,421.0,"App, Branch, POS, Web",3,True,5.9,Entertainment & Streaming Lover,Streaming
C001922,Cliente 1922,Mass,Guayaquil,51,698.89,10,"Crédito Vehicular, Crédito de Consumo, Cuenta Corriente, Cuenta de Ahorros",46978.770000000004,0.0,0.0,1813.0,"App, Branch, Web",4,True,,Sin Perfil de Consumo,N/A
C001923,Cliente 1923,Joven,Cuenca,39,1319.34,8,"Crédito Hipotecario, Tarjeta de Crédito",245916.74999999997,569.85,15000.0,658.0,"ATM, App, Branch, POS",2,True,3.8,Food & Supermarket Lover,Food
C001924,Cliente 1924,Joven,Ambato,25,379.74,1,Crédito Vehicular,17822.88,0.0,0.0,1868.0,App,1,False,,Sin Perfil de Consumo,N/A
C001925,Cliente 1925,Premium,Cuenca,25,5764.11,6,"Crédito Hipotecario, Cuenta Corriente",246359.44,0.0,0.0,1175.0,"App, Branch, Web",2,True,,Sin Perfil de Consumo,N/A
C001926,Cliente 1926,Joven,Cuenca,36,1028.86,15,"Crédito de Consumo, Cuenta Corriente, Tarjeta de Crédito",21714.63,582.28,20700.0,802.0,"ATM, App, Branch, POS, Web",3,True,2.8,Food & Supermarket Lover,Supermarket
C001927,Cliente 1927,Mass,Ambato,34,1414.32,11,"Crédito Hipotecario, Crédito de Consumo, Cuenta Corriente, Tarjeta de Crédito",181398.09000000003,1029.76,28000.0,1090.0,"App, Branch, POS, Web",4,True,3.7,Travel Lover,Travel
C001928,Cliente 1928,Mass,Cuenca,41,847.45,14,"Crédito Hipotecario, Tarjeta de Crédito",179943.6,568.46,18000.0,1071.0,"App, Branch, POS, Web",2,True,3.2,Education Lover,Education
C001929,Cliente 1929,Joven,Guayaquil,18,427.16,2,Crédito de Consumo,2729.01,0.0,0.0,1390.0,Branch,1,False,,Sin Perfil de Consumo,N/A
C001930,Cliente 1930,Mass,Guayaquil,53,915.69,16,"Crédito Hipotecario, Tarjeta de Crédito",205662.92,918.15,29400.0,1033.0,"ATM, App, Branch, POS, Web",2,True,3.1,Food & Supermarket Lover,Food
C001931,Cliente 1931,Mass,Guayaquil,27,650.2,14,"Crédito de Consumo, Cuenta Corriente, Tarjeta de Crédito",18071.809999999998,280.5,6400.0,607.0,"ATM, App, Branch, POS, Web",3,True,4.4,Food & Supermarket Lover,Supermarket
C001932,Cliente 1932,Premium,Quito,44,6990.24,20,"Crédito Hipotecario, Crédito de Consumo, Tarjeta de Crédito",406373.10000000003,9135.97,239400.0,229.0,"ATM, App, Branch, POS, Web",3,True,3.8,Lifestyle Lover,Others
C001933,Cliente 1933,Mass,Loja,36,887.42,16,"Crédito Hipotecario, Tarjeta de Crédito",190955.44,976.95,25200.0,769.0,"ATM, App, Branch, POS, Web",2,True,3.9,Lifestyle Lover,Others
C001934,Cliente 1934,Mass,Quito,25,702.23,5,Tarjeta de Crédito,1730.4499999999998,112.72,9500.0,633.0,"ATM, App, Branch, Web",1,False,1.2,Entertainment & Streaming Lover,Streaming
C001935,Cliente 1935,Mass,Cuenca,18,889.13,4,"Crédito Vehicular, Cuenta de Ahorros",41244.759999999995,0.0,0.0,174.0,"App, Web",2,True,,Sin Perfil de Consumo,N/A
C001936,Cliente 1936,Premium,Quito,22,3801.2,17,"Crédito Vehicular, Crédito de Consumo, Cuenta de Ahorros, Tarjeta de Crédito",83058.03,2195.4,93600.0,259.0,"App, Branch, POS, Web",4,True,2.3,Education Lover,Education
C001937,Cliente 1937,Mass,Cuenca,45,678.24,8,"Crédito Vehicular, Crédito de Consumo, Tarjeta de Crédito",53687.26,248.14,3200.0,1080.0,"App, POS, Web",3,True,7.8,Food & Supermarket Lover,Supermarket
C001938,Cliente 1938,Mass,Guayaquil,35,616.42,3,"Cuenta Corriente, Cuenta de Ahorros",3660.82,0.0,0.0,,"App, Branch",2,True,,Sin Perfil de Consumo,N/A
C001939,Cliente 1939,Mass,Guayaquil,18,616.4,16,"Cuenta Corriente, Tarjeta de Crédito",5106.76,379.56,18000.0,777.0,"App, Branch, POS, Web",2,True,2.1,Food & Supermarket Lover,Supermarket
C001940,Cliente 1940,Mass,Quito,30,526.18,6,"Crédito de Consumo, Tarjeta de Crédito",9634.199999999999,148.52,5600.0,444.0,"App, POS, Web",2,True,2.7,Food & Supermarket Lover,Supermarket
C001941,Cliente 1941,Joven,Guayaquil,42,984.08,15,"Crédito Hipotecario, Crédito Vehicular, Crédito de Consumo, Tarjeta de Crédito",109863.97,454.58000000000004,16200.0,262.0,"ATM, App, Branch, POS, Web",4,True,2.8,Education Lover,Education
C001942,Cliente 1942,Mass,Manta,61,3357.44,3,"Crédito Vehicular, Cuenta de Ahorros",51904.44,0.0,0.0,433.0,"App, Web",2,True,,Sin Perfil de Consumo,N/A
C001943,Cliente 1943,PyME,Guayaquil,33,1920.72,4,"Crédito Hipotecario, Cuenta Corriente",189659.74,0.0,0.0,1978.0,"Branch, Web",2,True,,Sin Perfil de Consumo,N/A
C001944,Cliente 1944,Mass,Desconocida,37,1281.13,15,"Crédito de Consumo, Cuenta de Ahorros, Tarjeta de Crédito",34311.450000000004,776.01,21600.0,335.0,"App, Branch, POS, Web",3,True,3.6,Health & Wellness Lover,Health
C001945,Cliente 1945,Mass,Quito,22,1244.89,12,"Cuenta de Ahorros, Tarjeta de Crédito",12709.93,530.06,30800.0,472.0,"App, Branch, POS, Web",2,True,1.7,Lifestyle Lover,Others
C001946,Cliente 1946,Affluent,Ambato,40,3059.94,1,Crédito Hipotecario,124821.83,0.0,0.0,981.0,App,1,False,,Sin Perfil de Consumo,N/A
C001947,Cliente 1947,Mass,Guayaquil,30,1204.19,1,Cuenta Corriente,6209.6,0.0,0.0,,Web,1,False,,Sin Perfil de Consumo,N/A
C001948,Cliente 1948,Joven,Quito,43,432.69,13,"Cuenta de Ahorros, Tarjeta de Crédito",6766.19,225.2,13200.0,65.0,"App, Branch, POS, Web",2,True,1.7,Food & Supermarket Lover,Supermarket
C001949,Cliente 1949,Mass,Quito,33,582.27,20,"Cuenta Corriente, Cuenta de Ahorros, Tarjeta de Crédito",10680.57,649.2,7800.0,362.0,"App, Branch, POS, Web",3,True,8.3,Travel Lover,Travel
C001950,Cliente 1950,Mass,Quito,18,1139.09,4,"Crédito de Consumo, Cuenta de Ahorros",4922.24,0.0,0.0,1251.0,"Branch, Web",2,True,,Sin Perfil de Consumo,N/A
C001951,Cliente 1951,Mass,Guayaquil,35,1236.78,12,"Crédito Vehicular, Tarjeta de Crédito",18426.579999999998,778.99,15000.0,73.0,"App, Branch, POS, Web",2,True,5.2,Entertainment & Streaming Lover,Streaming
C001952,Cliente 1952,Affluent,Guayaquil,44,2545.81,9,"Crédito de Consumo, Tarjeta de Crédito",43405.770000000004,1152.02,19800.0,892.0,"ATM, App, Branch, POS, Web",2,True,5.8,Lifestyle Lover,Others
C001953,Cliente 1953,PyME,Guayaquil,29,1720.58,16,"Crédito de Consumo, Tarjeta de Crédito",34668.99,1889.84,33800.0,816.0,"App, POS, Web",2,True,5.6,Food & Supermarket Lover,Supermarket
C001954,Cliente 1954,Mass,Guayaquil,36,485.26,14,"Crédito Hipotecario, Crédito de Consumo, Cuenta Corriente, Tarjeta de Crédito",163529.56,412.5,5600.0,821.0,"App, Branch, POS, Web",4,True,7.4,Education Lover,Education
C001955,Cliente 1955,Joven,Guayaquil,38,777.98,15,"Crédito Hipotecario, Tarjeta de Crédito",107258.09000000001,588.32,12600.0,201.0,"App, Branch, POS, Web",2,True,4.7,Food & Supermarket Lover,Supermarket
C001956,Cliente 1956,Mass,Cuenca,30,919.6,14,"Crédito Vehicular, Tarjeta de Crédito",78746.11,832.19,18700.0,315.0,"App, Branch, POS, Web",2,True,4.5,Tech Lover,Technology
C001957,Cliente 1957,Mass,Guayaquil,45,928.1,9,"Crédito de Consumo, Cuenta de Ahorros, Tarjeta de Crédito",16295.54,452.68,9600.0,1317.0,"App, Branch, POS",3,True,4.7,Education Lover,Education
C001958,Cliente 1958,Mass,Quito,37,525.11,10,"Crédito Hipotecario, Crédito de Consumo, Cuenta Corriente, Cuenta de Ahorros",109606.53,0.0,0.0,657.0,"ATM, App, Branch, POS, Web",4,True,,Sin Perfil de Consumo,N/A
C001959,Cliente 1959,Mass,Guayaquil,48,799.09,16,"Crédito Vehicular, Tarjeta de Crédito",36811.86,921.74,25200.0,1025.0,"ATM, App, Branch, POS, Web",2,True,3.7,Entertainment & Streaming Lover,Streaming
C001960,Cliente 1960,Affluent,Guayaquil,29,2811.97,15,"Crédito Hipotecario, Crédito de Consumo, Cuenta Corriente, Tarjeta de Crédito",199058.21999999997,3456.7799999999997,28800.0,623.0,"App, Branch, POS, Web",4,True,12.0,Entertainment & Streaming Lover,Entertainment
C001961,Cliente 1961,Premium,Ambato,32,8640.44,3,"Crédito Vehicular, Cuenta de Ahorros",77783.17,0.0,0.0,1591.0,"App, Branch",2,True,,Sin Perfil de Consumo,N/A
C001962,Cliente 1962,Mass,Guayaquil,29,841.15,6,"Crédito Vehicular, Tarjeta de Crédito",52772.06,206.99,8400.0,91.0,"ATM, App, POS, Web",2,True,2.5,Health & Wellness Lover,Health
C001963,Cliente 1963,Mass,Guayaquil,32,736.51,11,"Crédito Hipotecario, Tarjeta de Crédito",56189.619999999995,388.21,14000.0,481.0,"App, Branch, POS, Web",2,True,2.8,Education Lover,Education
C001964,Cliente 1964,Mass,Guayaquil,39,1577.93,7,"Crédito Hipotecario, Cuenta Corriente, Tarjeta de Crédito",166751.35,733.85,7200.0,175.0,"ATM, App, POS, Web",3,True,10.2,Education Lover,Education
C001965,Cliente 1965,Premium,Quito,44,3106.87,15,"Crédito de Consumo, Cuenta Corriente, Tarjeta de Crédito",29174.21,1935.32,91300.0,422.0,"ATM, App, Branch, POS, Web",3,True,2.1,Food & Supermarket Lover,Food
C001966,Cliente 1966,PyME,Guayaquil,34,3805.86,14,Tarjeta de Crédito,99990.94,3368.49,144200.0,972.0,"ATM, App, Branch, POS, Web",1,False,2.3,Food & Supermarket Lover,Supermarket
C001967,Cliente 1967,Mass,Ambato,30,947.49,7,"Cuenta Corriente, Tarjeta de Crédito",5590.05,220.85,7500.0,724.0,"ATM, App, Branch, POS",2,True,2.9,Lifestyle Lover,Fuel
C001968,Cliente 1968,Mass,Quito,44,1315.13,13,"Crédito Hipotecario, Tarjeta de Crédito",162832.99,950.06,19800.0,1269.0,"App, POS, Web",2,True,4.8,Food & Supermarket Lover,Supermarket
C001969,Cliente 1969,Affluent,Guayaquil,31,2124.88,10,"Crédito Hipotecario, Tarjeta de Crédito",308614.85,916.49,35000.0,810.0,"ATM, App, POS, Web",2,True,2.6,Food & Supermarket Lover,Food
C001970,Cliente 1970,Mass,Guayaquil,41,525.36,11,Tarjeta de Crédito,3057.8900000000003,486.90999999999997,11000.0,519.0,"App, Branch, POS",1,False,4.4,Tech Lover,Technology
C001971,Cliente 1971,Affluent,Guayaquil,18,2343.82,12,"Crédito Hipotecario, Crédito Vehicular, Cuenta Corriente, Tarjeta de Crédito",194264.61,1652.06,40800.0,25.0,"ATM, App, Branch, POS, Web",4,True,4.0,Travel Lover,Travel
C001972,Cliente 1972,Premium,Quito,54,3101.76,11,"Cuenta Corriente, Cuenta de Ahorros, Tarjeta de Crédito",77652.6,1686.61,57400.0,1334.0,"App, Branch, POS, Web",3,True,2.9,Food & Supermarket Lover,Supermarket
C001973,Cliente 1973,Premium,Quito,45,3880.35,13,"Crédito Hipotecario, Crédito Vehicular, Tarjeta de Crédito",115145.84,2100.73,87000.0,69.0,"ATM, App, POS, Web",3,True,2.4,Food & Supermarket Lover,Supermarket
C001974,Cliente 1974,Mass,Cuenca,30,1232.16,4,"Crédito Vehicular, Crédito de Consumo",37119.03,0.0,0.0,782.0,"Branch, Web",2,True,,Sin Perfil de Consumo,N/A
C001975,Cliente 1975,Mass,Guayaquil,32,715.81,17,"Crédito Hipotecario, Cuenta Corriente, Tarjeta de Crédito",72399.37,928.86,27000.0,384.0,"ATM, App, Branch, POS, Web",3,True,3.4,Food & Supermarket Lover,Food
C001976,Cliente 1976,Mass,Quito,28,858.11,17,"Crédito Vehicular, Tarjeta de Crédito",50476.14,842.96,19600.0,427.0,"App, Branch, POS, Web",2,True,4.3,Tech Lover,Technology
C001977,Cliente 1977,Premium,Loja,47,2896.7,6,"Crédito Hipotecario, Cuenta Corriente",246973.32,0.0,0.0,1287.0,"Branch, Web",2,True,,Sin Perfil de Consumo,N/A
C001978,Cliente 1978,Mass,Guayaquil,43,943.0,14,"Cuenta de Ahorros, Tarjeta de Crédito",8777.44,742.86,27000.0,303.0,"ATM, App, Branch, POS, Web",2,True,2.8,Entertainment & Streaming Lover,Streaming
C001979,Cliente 1979,Premium,Manta,27,3566.31,15,"Cuenta de Ahorros, Tarjeta de Crédito",39147.71,2026.28,60500.0,1160.0,"ATM, App, Branch, POS, Web",2,True,3.3,Tech Lover,Technology
C001980,Cliente 1980,Mass,Desconocida,38,985.92,4,Cuenta Corriente,2756.84,0.0,0.0,,"App, Branch",1,False,,Sin Perfil de Consumo,N/A
C001981,Cliente 1981,Mass,Cuenca,36,2676.62,14,"Cuenta Corriente, Tarjeta de Crédito",18680.88,1304.88,39600.0,350.0,"App, Branch, POS, Web",2,True,3.3,Food & Supermarket Lover,Supermarket
C001982,Cliente 1982,Mass,Guayaquil,18,578.92,11,"Crédito Hipotecario, Crédito de Consumo, Cuenta de Ahorros, Tarjeta de Crédito",165326.84999999998,56.84,2800.0,8.0,"App, Branch, POS, Web",4,True,2.0,Entertainment & Streaming Lover,Entertainment
C001983,Cliente 1983,Joven,Quito,58,822.01,11,"Crédito de Consumo, Cuenta de Ahorros, Tarjeta de Crédito",10759.6,390.31,9600.0,201.0,"App, Branch, POS, Web",3,True,4.1,Tech Lover,Technology
C001984,Cliente 1984,Mass,Ambato,50,675.09,12,"Cuenta Corriente, Tarjeta de Crédito",15954.18,290.35,19000.0,495.0,"App, Branch, POS, Web",2,True,1.5,Lifestyle Lover,Fuel
C001985,Cliente 1985,PyME,Quito,29,1426.59,12,"Cuenta de Ahorros, Tarjeta de Crédito",7885.8,667.16,18400.0,928.0,"App, Branch, POS, Web",2,True,3.6,Travel Lover,Travel
C001986,Cliente 1986,Premium,Quito,30,3202.45,13,"Cuenta Corriente, Tarjeta de Crédito",35352.33,3810.73,50600.0,644.0,"App, Branch, POS, Web",2,True,7.5,Food & Supermarket Lover,Food
C001987,Cliente 1987,PyME,Quito,18,903.4,12,Tarjeta de Crédito,17479.56,686.96,31200.0,629.0,"App, Branch, POS, Web",1,False,2.2,Food & Supermarket Lover,Supermarket
C001988,Cliente 1988,Affluent,Quito,32,1944.13,8,"Crédito Vehicular, Tarjeta de Crédito",44872.74,562.8100000000001,30000.0,538.0,"App, POS, Web",2,True,1.9,Food & Supermarket Lover,Food
C001989,Cliente 1989,Mass,Quito,39,1414.74,1,Crédito Hipotecario,138265.81,0.0,0.0,747.0,Web,1,False,,Sin Perfil de Consumo,N/A
C001990,Cliente 1990,Affluent,Quito,30,1306.68,11,"Crédito Vehicular, Tarjeta de Crédito",65253.66,590.89,24000.0,258.0,"ATM, App, Branch, POS, Web",2,True,2.5,Food & Supermarket Lover,Food
C001991,Cliente 1991,Mass,Guayaquil,50,1568.3,6,"Crédito Vehicular, Tarjeta de Crédito",19224.89,1083.83,13000.0,563.0,"App, Branch, POS, Web",2,True,8.3,Lifestyle Lover,Others
C001992,Cliente 1992,Joven,Guayaquil,37,893.31,1,Crédito de Consumo,3240.85,0.0,0.0,1623.0,Branch,1,False,,Sin Perfil de Consumo,N/A
C001993,Cliente 1993,PyME,Quito,25,1556.54,14,"Crédito de Consumo, Cuenta Corriente, Tarjeta de Crédito",47641.26,554.35,26000.0,158.0,"ATM, App, Branch, POS, Web",3,True,2.1,Food & Supermarket Lover,Food
C001994,Cliente 1994,Mass,Quito,24,680.06,12,"Cuenta Corriente, Cuenta de Ahorros, Tarjeta de Crédito",13365.04,153.91,10000.0,1167.0,"App, Branch, POS, Web",3,True,1.5,Food & Supermarket Lover,Food
C001995,Cliente 1995,Mass,Loja,54,749.89,14,Tarjeta de Crédito,5684.56,601.18,22400.0,651.0,"App, Branch, POS, Web",1,False,2.7,Education Lover,Education
C001996,Cliente 1996,Mass,Ambato,30,758.15,8,"Cuenta Corriente, Cuenta de Ahorros",5444.879999999999,0.0,0.0,,"ATM, App, Branch, Web",2,True,,Sin Perfil de Consumo,N/A
C001997,Cliente 1997,Mass,Manta,39,1204.94,12,"Crédito Hipotecario, Tarjeta de Crédito",176404.86,549.69,30600.0,414.0,"ATM, Branch, POS, Web",2,True,1.8,Entertainment & Streaming Lover,Entertainment
C001998,Cliente 1998,Mass,Loja,18,820.95,6,"Crédito Hipotecario, Cuenta de Ahorros",152789.3,0.0,0.0,1809.0,"ATM, App, Branch, Web",2,True,,Sin Perfil de Consumo,N/A
C001999,Cliente 1999,Affluent,Guayaquil,46,2835.18,3,"Crédito Vehicular, Cuenta de Ahorros",40745.05,0.0,0.0,1594.0,"ATM, Branch, Web",2,True,,Sin Perfil de Consumo,N/A
C002000,Cliente 2000,Joven,Cuenca,35,597.59,9,"Crédito Hipotecario, Cuenta Corriente, Tarjeta de Crédito",69820.21,144.0,4800.0,64.0,"App, Branch, POS, Web",3,True,3.0,Food & Supermarket Lover,Food
C002001,Cliente 2001,Affluent,Quito,52,2435.69,8,"Crédito Hipotecario, Crédito de Consumo, Tarjeta de Crédito",95079.92,1456.42,33500.0,61.0,"App, Branch, Web",3,True,4.3,Travel Lover,Travel
C002002,Cliente 2002,Premium,Ambato,28,6087.11,5,"Crédito de Consumo, Cuenta Corriente",78841.11,0.0,0.0,1332.0,"ATM, App, Branch, Web",2,True,,Sin Perfil de Consumo,N/A
C002003,Cliente 2003,Affluent,Quito,26,4172.25,7,"Crédito Hipotecario, Cuenta Corriente",235307.22999999998,0.0,0.0,1233.0,"ATM, App, Branch, Web",2,True,,Sin Perfil de Consumo,N/A
C002004,Cliente 2004,PyME,Cuenca,44,1222.08,7,"Crédito de Consumo, Cuenta de Ahorros",47927.31,0.0,0.0,857.0,"ATM, App, Branch",2,True,,Sin Perfil de Consumo,N/A
C002005,Cliente 2005,Mass,Loja,56,612.95,16,"Crédito Hipotecario, Cuenta de Ahorros, Tarjeta de Crédito",420566.27999999997,247.66,9600.0,752.0,"ATM, App, Branch, POS, Web",3,True,2.6,Travel Lover,Travel
C002006,Cliente 2006,Affluent,Loja,38,2317.6,16,"Crédito Vehicular, Tarjeta de Crédito",93765.0,2389.1,51800.0,771.0,"App, Branch, POS, Web",2,True,4.6,Entertainment & Streaming Lover,Streaming
C002007,Cliente 2007,Mass,Guayaquil,56,1308.15,10,"Cuenta Corriente, Tarjeta de Crédito",10587.800000000001,529.22,13800.0,1321.0,"App, Branch, POS, Web",2,True,3.8,Travel Lover,Travel
C002008,Cliente 2008,Mass,Guayaquil,23,632.52,7,"Cuenta de Ahorros, Tarjeta de Crédito",3283.79,281.87,3200.0,202.0,"App, Branch, POS, Web",2,True,8.8,Education Lover,Education
C002009,Cliente 2009,Joven,Quito,28,706.71,3,Cuenta Corriente,3749.82,0.0,0.0,,"App, Branch, Web",1,False,,Sin Perfil de Consumo,N/A
C002010,Cliente 2010,Premium,Ambato,35,4058.22,14,"Crédito Hipotecario, Crédito Vehicular, Cuenta Corriente, Tarjeta de Crédito",223003.76,1151.9,61800.0,288.0,"ATM, App, Branch, POS, Web",4,True,1.9,Education Lover,Education
C002011,Cliente 2011,Mass,Guayaquil,37,1062.1,7,"Crédito de Consumo, Tarjeta de Crédito",5032.43,235.29,7200.0,535.0,"ATM, App, POS, Web",2,True,3.3,Food & Supermarket Lover,Food
C002012,Cliente 2012,PyME,Guayaquil,32,2705.32,15,"Cuenta Corriente, Tarjeta de Crédito",35206.18,1780.57,92300.0,150.0,"ATM, App, Branch, POS, Web",2,True,1.9,Tech Lover,Technology
C002013,Cliente 2013,Affluent,Quito,18,1416.0,20,"Crédito Vehicular, Cuenta Corriente, Tarjeta de Crédito",61138.68,938.67,57400.0,1070.0,"ATM, App, Branch, POS, Web",3,True,1.6,Entertainment & Streaming Lover,Streaming
C002014,Cliente 2014,Mass,Guayaquil,39,1237.4,8,"Cuenta Corriente, Tarjeta de Crédito",16716.86,292.1,17000.0,903.0,"App, Branch, POS, Web",2,True,1.7,Travel Lover,Travel
C002015,Cliente 2015,Mass,Guayaquil,40,1303.58,14,Tarjeta de Crédito,11192.720000000001,1047.08,22400.0,139.0,"App, Branch, POS, Web",1,False,4.7,Food & Supermarket Lover,Supermarket
C002016,Cliente 2016,Mass,Manta,18,1704.99,10,"Crédito de Consumo, Cuenta Corriente, Cuenta de Ahorros, Tarjeta de Crédito",24816.420000000002,370.96000000000004,18400.0,45.0,"ATM, App, Branch, POS, Web",4,True,2.0,Food & Supermarket Lover,Food
C002017,Cliente 2017,Premium,Quito,38,2028.5,3,Crédito Hipotecario,191766.34,0.0,0.0,165.0,"App, Branch",1,False,,Sin Perfil de Consumo,N/A
C002018,Cliente 2018,Affluent,Quito,40,2238.02,14,"Crédito de Consumo, Tarjeta de Crédito",22734.56,2054.14,26400.0,816.0,"ATM, App, Branch, POS, Web",2,True,7.8,Tech Lover,Technology
C002019,Cliente 2019,Affluent,Guayaquil,33,1943.05,13,"Crédito Vehicular, Crédito de Consumo, Tarjeta de Crédito",115266.87,1550.04,43200.0,246.0,"App, Branch, POS, Web",3,True,3.6,Food & Supermarket Lover,Food
C002020,Cliente 2020,Joven,Quito,45,466.57,14,"Crédito Vehicular, Tarjeta de Crédito",63198.810000000005,565.95,11000.0,259.0,"ATM, App, POS, Web",2,True,5.1,Food & Supermarket Lover,Supermarket
C002021,Cliente 2021,PyME,Quito,44,1653.92,10,"Crédito Hipotecario, Cuenta de Ahorros, Tarjeta de Crédito",131198.14,395.2,21000.0,259.0,"ATM, App, POS, Web",3,True,1.9,Tech Lover,Technology
C002022,Cliente 2022,Affluent,Loja,56,4003.36,15,"Crédito Vehicular, Crédito de Consumo, Cuenta Corriente, Tarjeta de Crédito",115516.1,1450.77,60900.0,359.0,"ATM, App, Branch, POS, Web",4,True,2.4,Food & Supermarket Lover,Food
C002023,Cliente 2023,Mass,Quito,56,1432.86,3,Crédito Hipotecario,269980.74,0.0,0.0,2124.0,"App, Branch",1,False,,Sin Perfil de Consumo,N/A
C002024,Cliente 2024,Premium,Guayaquil,18,3386.47,13,"Crédito Hipotecario, Tarjeta de Crédito",268693.87,1810.68,54000.0,941.0,"App, Branch, POS, Web",2,True,3.4,Lifestyle Lover,Fuel
C002025,Cliente 2025,Mass,Guayaquil,40,1181.41,7,"Crédito Hipotecario, Tarjeta de Crédito",255404.05,288.06,14000.0,695.0,"App, Branch, Web",2,True,2.1,Lifestyle Lover,Fuel
C002026,Cliente 2026,Affluent,Ambato,39,915.32,3,"Crédito Hipotecario, Crédito Vehicular",82732.76000000001,0.0,0.0,1464.0,"ATM, App, Branch",2,True,,Sin Perfil de Consumo,N/A
C002027,Cliente 2027,Mass,Quito,47,593.76,14,"Crédito Hipotecario, Tarjeta de Crédito",130943.44,397.85,13200.0,43.0,"App, Branch, POS, Web",2,True,3.0,Food & Supermarket Lover,Supermarket
C002028,Cliente 2028,PyME,Manta,33,2927.9,3,Crédito Hipotecario,262494.18,0.0,0.0,1324.0,"ATM, Branch, Web",1,False,,Sin Perfil de Consumo,N/A
C002029,Cliente 2029,PyME,Guayaquil,39,3354.15,4,"Crédito Hipotecario, Crédito de Consumo",84344.62,0.0,0.0,915.0,"App, Branch, Web",2,True,,Sin Perfil de Consumo,N/A
C002030,Cliente 2030,Joven,Guayaquil,52,387.28,7,"Cuenta Corriente, Tarjeta de Crédito",4281.2699999999995,196.38000000000002,4000.0,1130.0,"App, POS, Web",2,True,4.9,Tech Lover,Technology
C002031,Cliente 2031,Joven,Manta,36,379.7,4,"Cuenta Corriente, Cuenta de Ahorros",1950.97,0.0,0.0,,"ATM, App, Branch",2,True,,Sin Perfil de Consumo,N/A
C002032,Cliente 2032,Premium,Cuenca,33,5783.32,9,"Crédito Vehicular, Crédito de Consumo, Tarjeta de Crédito",83403.3,1785.83,38500.0,108.0,"ATM, App, POS, Web",3,True,4.6,Travel Lover,Travel
C002033,Cliente 2033,Affluent,Quito,49,2126.53,4,"Crédito Hipotecario, Cuenta Corriente",175488.06,0.0,0.0,518.0,"ATM, App, Branch, Web",2,True,,Sin Perfil de Consumo,N/A
C002034,Cliente 2034,Affluent,Guayaquil,18,1396.32,7,"Crédito Vehicular, Cuenta Corriente, Tarjeta de Crédito",30707.55,353.12,13600.0,199.0,"App, Branch, POS, Web",3,True,2.6,Entertainment & Streaming Lover,Entertainment
C002035,Cliente 2035,Mass,Cuenca,37,1615.87,4,Cuenta Corriente,11274.0,0.0,0.0,,"App, Web",1,False,,Sin Perfil de Consumo,N/A
C002036,Cliente 2036,Joven,Guayaquil,58,688.95,6,"Crédito de Consumo, Cuenta de Ahorros, Tarjeta de Crédito",7051.72,133.92000000000002,4800.0,989.0,"ATM, App, Branch, Web",3,True,2.8,Food & Supermarket Lover,Supermarket
C002037,Cliente 2037,Mass,Guayaquil,49,852.66,13,"Crédito Vehicular, Tarjeta de Crédito",28089.440000000002,846.24,28800.0,1096.0,"App, Branch, POS, Web",2,True,2.9,Food & Supermarket Lover,Food
C002038,Cliente 2038,Affluent,Guayaquil,20,3149.04,8,"Cuenta de Ahorros, Tarjeta de Crédito",29895.32,949.1700000000001,46200.0,961.0,"Branch, POS, Web",2,True,2.1,Entertainment & Streaming Lover,Streaming
C002039,Cliente 2039,Mass,Guayaquil,61,895.27,12,"Crédito de Consumo, Cuenta de Ahorros, Tarjeta de Crédito",36755.69,130.52,12500.0,156.0,"App, Branch, POS, Web",3,True,1.0,Entertainment & Streaming Lover,Streaming
C002040,Cliente 2040,PyME,Manta,36,1609.32,9,"Crédito de Consumo, Cuenta Corriente, Tarjeta de Crédito",41330.04,435.65,25800.0,14.0,"App, Branch, POS, Web",3,True,1.7,Lifestyle Lover,Fuel
C002041,Cliente 2041,Premium,Quito,34,4633.0,14,"Crédito Vehicular, Crédito de Consumo, Cuenta Corriente, Tarjeta de Crédito",169683.72999999998,1224.67,62500.0,358.0,"App, Branch, POS, Web",4,True,2.0,Food & Supermarket Lover,Food
C002042,Cliente 2042,PyME,Guayaquil,30,1935.52,2,Cuenta de Ahorros,4425.8,0.0,0.0,,"App, Branch",1,False,,Sin Perfil de Consumo,N/A
C002043,Cliente 2043,Joven,Loja,54,691.95,6,"Crédito Vehicular, Cuenta Corriente, Cuenta de Ahorros",28246.68,0.0,0.0,2058.0,"ATM, App, Branch, Web",3,True,,Sin Perfil de Consumo,N/A
C002044,Cliente 2044,Mass,Cuenca,60,853.26,9,Tarjeta de Crédito,3441.87,539.4399999999999,12600.0,401.0,"ATM, App, Branch, POS, Web",1,False,4.3,Education Lover,Education
C002045,Cliente 2045,Mass,Quito,43,1318.1,13,"Cuenta Corriente, Cuenta de Ahorros, Tarjeta de Crédito",10660.73,972.23,16500.0,651.0,"App, Branch, POS, Web",3,True,5.9,Travel Lover,Travel
C002046,Cliente 2046,Affluent,Guayaquil,39,1958.4,7,"Crédito Hipotecario, Crédito Vehicular, Crédito de Consumo",231613.61,0.0,0.0,435.0,"ATM, Branch, POS, Web",3,True,,Sin Perfil de Consumo,N/A
C002047,Cliente 2047,Premium,Guayaquil,40,4961.24,24,"Crédito Hipotecario, Crédito de Consumo, Cuenta Corriente, Tarjeta de Crédito",392829.22000000003,3744.1800000000003,191800.0,1032.0,"ATM, App, Branch, POS, Web",4,True,2.0,Tech Lover,Technology
C002048,Cliente 2048,Premium,Desconocida,42,4451.47,18,"Crédito Vehicular, Cuenta Corriente, Tarjeta de Crédito",78202.16,3600.8900000000003,144300.0,415.0,"App, Branch, POS, Web",3,True,2.5,Food & Supermarket Lover,Supermarket
C002049,Cliente 2049,Affluent,Quito,28,1812.53,11,"Crédito Hipotecario, Cuenta de Ahorros, Tarjeta de Crédito",279971.27,519.53,19600.0,1264.0,"App, Branch, POS, Web",3,True,2.7,Food & Supermarket Lover,Food
C002050,Cliente 2050,Mass,Ambato,40,592.55,18,"Crédito Hipotecario, Cuenta de Ahorros, Tarjeta de Crédito",41524.020000000004,452.33,10800.0,61.0,"App, Branch, POS, Web",3,True,4.2,Tech Lover,Technology
C002051,Cliente 2051,Premium,Quito,22,3720.24,6,"Crédito Vehicular, Crédito de Consumo, Cuenta Corriente",73292.36,0.0,0.0,436.0,"ATM, Branch, Web",3,True,,Sin Perfil de Consumo,N/A
C002052,Cliente 2052,PyME,Cuenca,55,2657.23,13,"Crédito de Consumo, Tarjeta de Crédito",40394.4,1642.47,58300.0,199.0,"App, POS, Web",2,True,2.8,Food & Supermarket Lover,Supermarket
C002053,Cliente 2053,Affluent,Quito,46,1759.7,15,"Crédito Hipotecario, Crédito Vehicular, Tarjeta de Crédito",312143.1,1444.28,45000.0,734.0,"ATM, App, Branch, POS, Web",3,True,3.2,Lifestyle Lover,Others
C002054,Cliente 2054,Mass,Cuenca,56,778.43,13,"Crédito Hipotecario, Tarjeta de Crédito",105583.59999999999,589.52,10800.0,496.0,"App, Branch, POS, Web",2,True,5.5,Food & Supermarket Lover,Supermarket
C002055,Cliente 2055,Premium,Guayaquil,45,5689.03,12,"Crédito Hipotecario, Crédito de Consumo, Tarjeta de Crédito",119651.79000000001,2694.89,131400.0,1228.0,"App, Branch, POS, Web",3,True,2.1,Health & Wellness Lover,Health
C002056,Cliente 2056,Mass,Guayaquil,29,1113.41,9,"Cuenta de Ahorros, Tarjeta de Crédito",16340.48,695.1800000000001,13500.0,98.0,"ATM, App, Branch, POS, Web",2,True,5.1,Entertainment & Streaming Lover,Streaming
C002057,Cliente 2057,Mass,Loja,39,1007.56,1,Crédito Hipotecario,75615.48,0.0,0.0,1078.0,App,1,False,,Sin Perfil de Consumo,N/A
C002058,Cliente 2058,PyME,Loja,64,4964.99,15,"Cuenta de Ahorros, Tarjeta de Crédito",106485.28,3855.08,165100.0,945.0,"App, Branch, POS, Web",2,True,2.3,Food & Supermarket Lover,Supermarket
C002059,Cliente 2059,Mass,Quito,59,514.32,12,"Crédito Vehicular, Cuenta Corriente, Tarjeta de Crédito",18477.94,206.48,12000.0,860.0,"App, Branch, POS, Web",3,True,1.7,Travel Lover,Travel
C002060,Cliente 2060,Mass,Quito,36,671.64,15,"Crédito Hipotecario, Crédito de Consumo, Tarjeta de Crédito",103186.33,436.87,7700.0,297.0,"App, Branch, POS, Web",3,True,5.7,Tech Lover,Technology
C002061,Cliente 2061,Mass,Quito,45,1212.68,9,"Crédito Vehicular, Cuenta Corriente, Tarjeta de Crédito",34048.7,450.04,15000.0,333.0,"App, Branch, POS, Web",3,True,3.0,Food & Supermarket Lover,Food
C002062,Cliente 2062,Premium,Guayaquil,49,5442.09,3,Cuenta Corriente,38954.55,0.0,0.0,,"App, Branch",1,False,,Sin Perfil de Consumo,N/A
C002063,Cliente 2063,Mass,Guayaquil,31,1283.26,7,"Crédito Hipotecario, Crédito Vehicular, Crédito de Consumo, Cuenta Corriente",90591.99,0.0,0.0,605.0,"ATM, App, Branch, Web",4,True,,Sin Perfil de Consumo,N/A
C002064,Cliente 2064,Mass,Manta,54,814.5,10,Tarjeta de Crédito,5316.2,1441.73,15000.0,732.0,"App, POS, Web",1,False,9.6,Food & Supermarket Lover,Supermarket
C002065,Cliente 2065,Mass,Quito,28,1069.4,15,"Crédito Hipotecario, Tarjeta de Crédito",96073.95,1002.41,36400.0,106.0,"ATM, App, POS",2,True,2.8,Food & Supermarket Lover,Food
C002066,Cliente 2066,Mass,Manta,31,465.61,10,"Crédito Hipotecario, Crédito Vehicular, Crédito de Consumo, Tarjeta de Crédito",213626.51,371.42,5200.0,308.0,"App, Branch, POS, Web",4,True,7.1,Tech Lover,Technology
C002067,Cliente 2067,PyME,Ambato,38,1969.3,12,"Cuenta Corriente, Cuenta de Ahorros, Tarjeta de Crédito",30186.51,1158.72,59000.0,1261.0,"ATM, App, POS, Web",3,True,2.0,Tech Lover,Technology
C002068,Cliente 2068,Affluent,Guayaquil,38,1288.45,17,"Cuenta de Ahorros, Tarjeta de Crédito",20653.969999999998,1024.26,36400.0,1250.0,"ATM, App, POS, Web",2,True,2.8,Travel Lover,Travel
C002069,Cliente 2069,Mass,Manta,40,961.79,2,Crédito de Consumo,744.98,0.0,0.0,782.0,"App, Web",1,False,,Sin Perfil de Consumo,N/A
C002070,Cliente 2070,Mass,Cuenca,62,597.28,18,"Crédito de Consumo, Cuenta de Ahorros, Tarjeta de Crédito",24908.149999999998,381.19,14300.0,58.0,"App, Branch, POS, Web",3,True,2.7,Travel Lover,Travel
C002071,Cliente 2071,PyME,Quito,39,3770.29,2,Cuenta Corriente,25318.74,0.0,0.0,,ATM,1,False,,Sin Perfil de Consumo,N/A
C002072,Cliente 2072,Premium,Guayaquil,47,2994.21,4,Cuenta de Ahorros,7327.56,0.0,0.0,,"ATM, Web",1,False,,Sin Perfil de Consumo,N/A
C002073,Cliente 2073,Mass,Manta,43,1307.53,8,"Cuenta de Ahorros, Tarjeta de Crédito",12323.82,465.64,10500.0,976.0,"ATM, App, Branch, POS, Web",2,True,4.4,Food & Supermarket Lover,Supermarket
C002074,Cliente 2074,Affluent,Cuenca,40,2255.06,7,"Crédito Hipotecario, Crédito de Consumo, Cuenta Corriente, Tarjeta de Crédito",152792.88999999998,425.83000000000004,18000.0,134.0,"ATM, App, Branch, POS, Web",4,True,2.4,Food & Supermarket Lover,Food
C002075,Cliente 2075,Affluent,Guayaquil,34,1689.56,11,"Crédito Vehicular, Cuenta de Ahorros, Tarjeta de Crédito",76902.31000000001,700.0,19200.0,168.0,"ATM, App, Branch, POS, Web",3,True,3.6,Food & Supermarket Lover,Supermarket
C002076,Cliente 2076,Affluent,Ambato,58,2046.2,5,Tarjeta de Crédito,5556.05,844.73,11500.0,1245.0,"App, POS",1,False,7.3,Food & Supermarket Lover,Food
C002077,Cliente 2077,Mass,Guayaquil,31,710.15,11,"Crédito Hipotecario, Crédito de Consumo, Tarjeta de Crédito",261365.24999999997,236.74,8000.0,244.0,"ATM, App, Branch, POS, Web",3,True,3.0,Health & Wellness Lover,Health
C002078,Cliente 2078,Mass,Quito,37,1083.17,9,"Crédito Vehicular, Crédito de Consumo, Tarjeta de Crédito",66850.95999999999,316.39,10500.0,463.0,"App, Branch, POS, Web",3,True,3.0,Tech Lover,Technology
C002079,Cliente 2079,Affluent,Quito,37,1452.04,11,"Crédito Hipotecario, Tarjeta de Crédito",317009.58,620.2,26400.0,495.0,"ATM, App, Branch, POS, Web",2,True,2.3,Food & Supermarket Lover,Supermarket
C002080,Cliente 2080,Mass,Quito,30,913.43,11,Tarjeta de Crédito,5770.71,776.32,14300.0,702.0,"ATM, App, POS, Web",1,False,5.4,Lifestyle Lover,Others
C002081,Cliente 2081,PyME,Guayaquil,37,2346.3,17,"Crédito Vehicular, Tarjeta de Crédito",25919.63,2699.59,64400.0,672.0,"App, Branch, POS, Web",2,True,4.2,Tech Lover,Technology
C002082,Cliente 2082,Mass,Loja,36,565.91,11,"Crédito Vehicular, Cuenta Corriente, Tarjeta de Crédito",18687.18,276.01,5000.0,345.0,"ATM, App, Branch, POS, Web",3,True,5.5,Tech Lover,Technology
C002083,Cliente 2083,PyME,Quito,18,4060.33,7,"Cuenta de Ahorros, Tarjeta de Crédito",30498.66,1668.64,69600.0,1157.0,"App, POS, Web",2,True,2.4,Food & Supermarket Lover,Supermarket
C002084,Cliente 2084,Mass,Loja,25,637.12,11,"Crédito Hipotecario, Crédito de Consumo, Tarjeta de Crédito",103557.99,202.32,9600.0,132.0,"ATM, App, Branch, POS",3,True,2.1,Health & Wellness Lover,Health
C002085,Cliente 2085,Affluent,Guayaquil,33,2232.71,5,"Crédito Hipotecario, Cuenta Corriente",84672.72,0.0,0.0,1100.0,"ATM, App, Branch, Web",2,True,,Sin Perfil de Consumo,N/A
C002086,Cliente 2086,Mass,Ambato,42,657.01,2,Crédito Vehicular,23050.24,0.0,0.0,1939.0,"ATM, Branch",1,False,,Sin Perfil de Consumo,N/A
C002087,Cliente 2087,Mass,Guayaquil,43,1552.37,16,"Crédito Hipotecario, Tarjeta de Crédito",170311.56,1216.53,23800.0,944.0,"ATM, App, Branch, POS, Web",2,True,5.1,Entertainment & Streaming Lover,Streaming
C002088,Cliente 2088,Premium,Quito,62,5256.47,7,"Crédito Hipotecario, Tarjeta de Crédito",89453.63,3265.47,54600.0,939.0,"ATM, App, POS, Web",2,True,6.0,Health & Wellness Lover,Health
C002089,Cliente 2089,Affluent,Cuenca,49,1784.84,7,"Crédito Vehicular, Cuenta Corriente",79973.85,0.0,0.0,277.0,"ATM, App, Branch, Web",2,True,,Sin Perfil de Consumo,N/A
C002090,Cliente 2090,Mass,Guayaquil,41,612.33,12,"Crédito de Consumo, Tarjeta de Crédito",13781.04,467.0,16200.0,292.0,"App, Branch, POS, Web",2,True,2.9,Entertainment & Streaming Lover,Entertainment
C002091,Cliente 2091,Mass,Guayaquil,43,676.82,9,"Crédito Vehicular, Tarjeta de Crédito",42561.11,159.29,13300.0,84.0,"App, Branch, POS, Web",2,True,1.2,Entertainment & Streaming Lover,Streaming
C002092,Cliente 2092,Mass,Manta,23,778.29,10,"Cuenta Corriente, Tarjeta de Crédito",9474.16,322.4,12800.0,1485.0,"App, POS, Web",2,True,2.5,Tech Lover,Technology
C002093,Cliente 2093,Affluent,Quito,30,1882.98,13,"Crédito Hipotecario, Cuenta Corriente, Tarjeta de Crédito",105151.06,1740.3500000000001,35200.0,300.0,"App, Branch, POS, Web",3,True,4.9,Lifestyle Lover,Fuel
C002094,Cliente 2094,Mass,Cuenca,31,1238.08,12,"Crédito Hipotecario, Crédito de Consumo, Tarjeta de Crédito",192611.31,1165.28,17400.0,591.0,"App, Branch, POS, Web",3,True,6.7,Tech Lover,Technology
C002095,Cliente 2095,Premium,Guayaquil,41,2281.81,4,"Crédito Vehicular, Crédito de Consumo",93634.94,0.0,0.0,553.0,"App, Branch, Web",2,True,,Sin Perfil de Consumo,N/A
C002096,Cliente 2096,Mass,Cuenca,54,1265.15,3,Crédito de Consumo,18609.81,0.0,0.0,29.0,"App, Branch, Web",1,False,,Sin Perfil de Consumo,N/A
C002097,Cliente 2097,Mass,Guayaquil,52,1556.21,21,"Crédito Hipotecario, Cuenta Corriente, Tarjeta de Crédito",149698.19,1975.04,30800.0,603.0,"ATM, App, Branch, POS, Web",3,True,6.4,Food & Supermarket Lover,Food
C002098,Cliente 2098,Mass,Cuenca,40,1622.23,13,"Crédito Hipotecario, Tarjeta de Crédito",216762.46000000002,1073.5,26400.0,1238.0,"ATM, App, Branch, POS, Web",2,True,4.1,Entertainment & Streaming Lover,Streaming
C002099,Cliente 2099,Affluent,Quito,26,2147.6,2,Cuenta de Ahorros,16804.44,0.0,0.0,,"App, Web",1,False,,Sin Perfil de Consumo,N/A
C002100,Cliente 2100,Mass,Quito,57,1282.6,5,Tarjeta de Crédito,2548.5499999999997,395.22,11000.0,404.0,"App, Branch, POS",1,False,3.6,Travel Lover,Travel
C002101,Cliente 2101,Mass,Guayaquil,30,944.02,18,"Crédito Hipotecario, Crédito de Consumo, Tarjeta de Crédito",106061.54000000001,845.06,28000.0,730.0,"ATM, App, Branch, POS, Web",3,True,3.0,Entertainment & Streaming Lover,Streaming
C002102,Cliente 2102,Mass,Guayaquil,55,797.92,2,Crédito Hipotecario,103484.64,0.0,0.0,353.0,"ATM, Branch",1,False,,Sin Perfil de Consumo,N/A
C002103,Cliente 2103,Affluent,Cuenca,37,2223.2,2,Cuenta Corriente,6411.1,0.0,0.0,,Branch,1,False,,Sin Perfil de Consumo,N/A
C002104,Cliente 2104,Affluent,Manta,38,3614.19,18,"Crédito Hipotecario, Crédito Vehicular, Cuenta Corriente, Tarjeta de Crédito",180116.18000000002,3853.87,76800.0,311.0,"ATM, App, Branch, POS, Web",4,True,5.0,Lifestyle Lover,Others
C002105,Cliente 2105,Premium,Quito,26,3953.28,19,"Crédito Hipotecario, Crédito de Consumo, Cuenta de Ahorros, Tarjeta de Crédito",262335.53,1947.57,55000.0,85.0,"ATM, App, Branch, POS, Web",4,True,3.5,Food & Supermarket Lover,Supermarket
C002106,Cliente 2106,PyME,Loja,41,3169.37,9,"Crédito de Consumo, Cuenta Corriente, Tarjeta de Crédito",49587.65,1079.1399999999999,64400.0,104.0,"App, POS, Web",3,True,1.7,Lifestyle Lover,Others
C002107,Cliente 2107,Mass,Guayaquil,41,803.69,8,"Crédito Vehicular, Tarjeta de Crédito",18562.44,248.34,11200.0,536.0,"App, Branch, POS, Web",2,True,2.2,Entertainment & Streaming Lover,Streaming
C002108,Cliente 2108,Mass,Loja,30,662.41,2,"Crédito Hipotecario, Crédito Vehicular",50819.83,0.0,0.0,1278.0,"ATM, App",2,True,,Sin Perfil de Consumo,N/A
C002109,Cliente 2109,Mass,Guayaquil,35,1193.12,6,"Crédito Hipotecario, Crédito de Consumo",172938.27,0.0,0.0,1233.0,"ATM, Branch, Web",2,True,,Sin Perfil de Consumo,N/A
C002110,Cliente 2110,Affluent,Loja,26,1730.0,1,Crédito Vehicular,24898.63,0.0,0.0,705.0,App,1,False,,Sin Perfil de Consumo,N/A
C002111,Cliente 2111,Premium,Guayaquil,42,3325.71,11,Tarjeta de Crédito,11070.51,1330.18,55000.0,30.0,"App, Branch, POS, Web",1,False,2.4,Food & Supermarket Lover,Supermarket
C002112,Cliente 2112,Mass,Quito,43,945.21,8,"Crédito Vehicular, Tarjeta de Crédito",25496.47,403.65999999999997,18900.0,1051.0,"App, Branch, POS, Web",2,True,2.1,Entertainment & Streaming Lover,Streaming
C002113,Cliente 2113,PyME,Guayaquil,42,2592.0,19,"Crédito Hipotecario, Crédito Vehicular, Tarjeta de Crédito",197008.92,2712.4300000000003,106400.0,193.0,"ATM, App, POS, Web",3,True,2.5,Food & Supermarket Lover,Supermarket
C002114,Cliente 2114,Mass,Guayaquil,28,588.17,14,Tarjeta de Crédito,0.0,587.3,21000.0,1402.0,"App, Branch, POS, Web",1,False,2.8,Food & Supermarket Lover,Supermarket
C002115,Cliente 2115,Joven,Guayaquil,18,703.16,18,"Crédito de Consumo, Cuenta Corriente, Cuenta de Ahorros, Tarjeta de Crédito",14246.12,530.02,12000.0,229.0,"App, Branch, POS, Web",4,True,4.4,Food & Supermarket Lover,Supermarket
C002116,Cliente 2116,PyME,Guayaquil,30,4839.2,12,"Crédito Hipotecario, Tarjeta de Crédito",251549.97,1920.91,87300.0,1010.0,"ATM, App, Branch, POS, Web",2,True,2.2,Lifestyle Lover,Fuel
C002117,Cliente 2117,PyME,Cuenca,18,3367.17,4,"Crédito Vehicular, Cuenta Corriente",51946.549999999996,0.0,0.0,1196.0,"App, Branch, Web",2,True,,Sin Perfil de Consumo,N/A
C002118,Cliente 2118,Mass,Cuenca,30,666.41,7,"Crédito de Consumo, Cuenta de Ahorros, Tarjeta de Crédito",8449.22,440.19,6400.0,788.0,"App, Branch, POS",3,True,6.9,Entertainment & Streaming Lover,Entertainment
C002119,Cliente 2119,Mass,Ambato,55,895.5,21,"Crédito Hipotecario, Crédito de Consumo, Cuenta Corriente, Tarjeta de Crédito",144563.23,774.5,33800.0,803.0,"ATM, App, Branch, POS, Web",4,True,2.3,Entertainment & Streaming Lover,Streaming
C002120,Cliente 2120,Mass,Manta,66,1093.13,18,"Crédito de Consumo, Cuenta de Ahorros, Tarjeta de Crédito",27308.039999999997,1272.7,29400.0,1161.0,"App, Branch, POS, Web",3,True,4.3,Food & Supermarket Lover,Food
C002121,Cliente 2121,Mass,Quito,54,1593.0,6,"Cuenta Corriente, Tarjeta de Crédito",14667.3,225.93,17200.0,246.0,"App, Branch, POS, Web",2,True,1.3,Entertainment & Streaming Lover,Streaming
C002122,Cliente 2122,Affluent,Ambato,18,1380.06,8,"Crédito Vehicular, Tarjeta de Crédito",22829.55,696.62,14000.0,1372.0,"ATM, App, Branch, POS",2,True,5.0,Health & Wellness Lover,Health
C002123,Cliente 2123,Mass,Quito,35,714.52,5,"Crédito Vehicular, Cuenta de Ahorros",48174.61,0.0,0.0,1126.0,"App, Branch, Web",2,True,,Sin Perfil de Consumo,N/A
C002124,Cliente 2124,Joven,Guayaquil,29,703.08,14,"Crédito Vehicular, Tarjeta de Crédito",71392.06000000001,403.58000000000004,12000.0,1385.0,"ATM, App, Branch, POS, Web",2,True,3.4,Travel Lover,Travel
C002125,Cliente 2125,PyME,Manta,40,2420.55,7,"Crédito Hipotecario, Cuenta Corriente, Cuenta de Ahorros",119816.22000000002,0.0,0.0,1427.0,"Branch, Web",3,True,,Sin Perfil de Consumo,N/A
C002126,Cliente 2126,Affluent,Guayaquil,31,2710.74,11,"Crédito Hipotecario, Crédito de Consumo, Cuenta de Ahorros, Tarjeta de Crédito",221784.25,689.37,31200.0,761.0,"ATM, App, POS, Web",4,True,2.2,Lifestyle Lover,Others
C002127,Cliente 2127,Affluent,Ambato,51,2537.48,9,"Cuenta Corriente, Tarjeta de Crédito",41386.37,1019.17,27500.0,152.0,"ATM, App, Branch, POS, Web",2,True,3.7,Tech Lover,Technology
C002128,Cliente 2128,Affluent,Guayaquil,39,2603.11,3,"Crédito de Consumo, Cuenta de Ahorros",39559.36,0.0,0.0,641.0,"App, Web",2,True,,Sin Perfil de Consumo,N/A
C002129,Cliente 2129,Mass,Quito,18,1380.28,1,Crédito de Consumo,5138.84,0.0,0.0,2168.0,Web,1,False,,Sin Perfil de Consumo,N/A
C002130,Cliente 2130,Affluent,Quito,44,2515.12,1,Crédito Vehicular,15853.72,0.0,0.0,597.0,Branch,1,False,,Sin Perfil de Consumo,N/A
C002131,Cliente 2131,Premium,Manta,34,4362.12,13,"Crédito de Consumo, Cuenta Corriente, Tarjeta de Crédito",83574.54000000001,2638.1,63000.0,1273.0,"ATM, App, Branch, POS, Web",3,True,4.2,Entertainment & Streaming Lover,Entertainment
C002132,Cliente 2132,Mass,Quito,25,2473.72,15,"Crédito de Consumo, Cuenta Corriente, Tarjeta de Crédito",18434.82,2532.36,67000.0,326.0,"ATM, App, Branch, POS, Web",3,True,3.8,Travel Lover,Travel
C002133,Cliente 2133,Affluent,Guayaquil,37,1578.64,8,"Crédito Hipotecario, Cuenta Corriente, Tarjeta de Crédito",195703.91999999998,727.55,10800.0,106.0,"Branch, POS, Web",3,True,6.7,Food & Supermarket Lover,Supermarket
C002134,Cliente 2134,Mass,Guayaquil,44,2000.48,7,"Cuenta Corriente, Tarjeta de Crédito",16730.0,313.08000000000004,12400.0,1000.0,"ATM, Branch, POS, Web",2,True,2.5,Food & Supermarket Lover,Supermarket
C002135,Cliente 2135,Affluent,Quito,56,1645.61,18,"Crédito Vehicular, Crédito de Consumo, Cuenta de Ahorros, Tarjeta de Crédito",46342.15,1279.37,27300.0,1043.0,"App, Branch, POS, Web",4,True,4.7,Food & Supermarket Lover,Food
C002136,Cliente 2136,Mass,Quito,44,891.02,11,"Crédito Hipotecario, Tarjeta de Crédito",234704.03000000003,591.5,8800.0,402.0,"App, Branch, POS, Web",2,True,6.7,Education Lover,Education
C002137,Cliente 2137,Affluent,Quito,49,2666.75,14,"Crédito Hipotecario, Crédito de Consumo, Tarjeta de Crédito",249429.09999999998,2528.95,70000.0,546.0,"ATM, App, POS, Web",3,True,3.6,Food & Supermarket Lover,Supermarket
C002138,Cliente 2138,Mass,Quito,25,1093.98,16,"Cuenta de Ahorros, Tarjeta de Crédito",25329.74,1494.63,30800.0,1035.0,"ATM, App, Branch, POS, Web",2,True,4.9,Lifestyle Lover,Others
C002139,Cliente 2139,Mass,Quito,52,547.66,11,"Crédito Hipotecario, Cuenta Corriente, Tarjeta de Crédito",220355.96999999997,168.29,8400.0,154.0,"ATM, App, Branch, POS, Web",3,True,2.0,Tech Lover,Technology
C002140,Cliente 2140,Affluent,Guayaquil,36,3289.15,3,Cuenta de Ahorros,41910.96,0.0,0.0,,"ATM, Branch",1,False,,Sin Perfil de Consumo,N/A
C002141,Cliente 2141,Premium,Ambato,43,7267.33,13,"Crédito de Consumo, Cuenta Corriente, Cuenta de Ahorros, Tarjeta de Crédito",230305.17,2429.71,107400.0,327.0,"ATM, App, Branch, POS, Web",4,True,2.3,Food & Supermarket Lover,Food
C002142,Cliente 2142,Mass,Quito,33,740.74,5,"Crédito de Consumo, Tarjeta de Crédito",6196.44,254.89999999999998,5600.0,1125.0,"App, POS",2,True,4.6,Lifestyle Lover,Others
C002143,Cliente 2143,Mass,Quito,48,1081.95,3,Crédito Hipotecario,0.0,0.0,0.0,1921.0,"App, Branch, Web",1,False,,Sin Perfil de Consumo,N/A
C002144,Cliente 2144,Mass,Cuenca,55,1257.71,18,"Crédito de Consumo, Cuenta Corriente, Tarjeta de Crédito",29141.03,846.57,40700.0,1339.0,"ATM, App, Branch, POS, Web",3,True,2.1,Food & Supermarket Lover,Food
C002145,Cliente 2145,Affluent,Quito,28,4751.29,10,"Crédito Vehicular, Cuenta Corriente, Tarjeta de Crédito",54204.119999999995,2149.84,92400.0,296.0,"App, Branch, POS, Web",3,True,2.3,Food & Supermarket Lover,Supermarket
C002146,Cliente 2146,Mass,Quito,50,845.49,18,"Cuenta de Ahorros, Tarjeta de Crédito",5770.88,791.1,21000.0,45.0,"App, Branch, POS, Web",2,True,3.8,Travel Lover,Travel
C002147,Cliente 2147,Mass,Quito,25,704.22,8,"Crédito Hipotecario, Crédito de Consumo, Cuenta de Ahorros",108338.06,0.0,0.0,463.0,"ATM, App, Branch, Web",3,True,,Sin Perfil de Consumo,N/A
C002148,Cliente 2148,Mass,Cuenca,35,1708.97,7,"Crédito Hipotecario, Tarjeta de Crédito",67079.88,443.40999999999997,15000.0,837.0,"App, POS, Web",2,True,3.0,Travel Lover,Travel
C002149,Cliente 2149,Joven,Guayaquil,27,485.21,3,"Crédito de Consumo, Cuenta Corriente",3528.37,0.0,0.0,1178.0,"App, Branch",2,True,,Sin Perfil de Consumo,N/A
C002150,Cliente 2150,Mass,Quito,34,1421.96,14,"Crédito Hipotecario, Tarjeta de Crédito",338813.45999999996,756.86,30800.0,70.0,"ATM, Branch, POS, Web",2,True,2.5,Lifestyle Lover,Others
C002151,Cliente 2151,Premium,Cuenca,68,3976.36,13,"Cuenta de Ahorros, Tarjeta de Crédito",41373.81,3955.37,127600.0,995.0,"App, POS, Web",2,True,3.1,Entertainment & Streaming Lover,Streaming
C002152,Cliente 2152,Mass,Quito,24,898.97,4,"Crédito Hipotecario, Cuenta Corriente, Cuenta de Ahorros",77762.14,0.0,0.0,1976.0,"ATM, App, Branch",3,True,,Sin Perfil de Consumo,N/A
C002153,Cliente 2153,PyME,Quito,32,1371.74,10,"Crédito Vehicular, Crédito de Consumo, Tarjeta de Crédito",109400.16,1381.47,20000.0,185.0,"App, Branch, POS, Web",3,True,6.9,Education Lover,Education
C002154,Cliente 2154,Affluent,Guayaquil,29,3785.79,22,"Crédito Vehicular, Crédito de Consumo, Cuenta Corriente, Tarjeta de Crédito",152275.28,3574.79,100800.0,70.0,"ATM, App, Branch, POS, Web",4,True,3.5,Lifestyle Lover,Others
C002155,Cliente 2155,Affluent,Quito,35,2157.22,3,Crédito de Consumo,33320.49,0.0,0.0,1145.0,"Branch, Web",1,False,,Sin Perfil de Consumo,N/A
C002156,Cliente 2156,Mass,Guayaquil,60,1156.19,7,"Crédito Vehicular, Cuenta de Ahorros",98849.04999999999,0.0,0.0,539.0,"ATM, App, Branch, Web",2,True,,Sin Perfil de Consumo,N/A
C002157,Cliente 2157,Affluent,Quito,22,2194.82,9,"Cuenta de Ahorros, Tarjeta de Crédito",47747.64,1730.55,34800.0,586.0,"App, Branch, POS, Web",2,True,5.0,Food & Supermarket Lover,Supermarket
C002158,Cliente 2158,Mass,Manta,18,505.7,10,"Crédito Vehicular, Tarjeta de Crédito",43864.32000000001,168.05,10400.0,515.0,"App, Branch, POS, Web",2,True,1.6,Education Lover,Education
C002159,Cliente 2159,Mass,Cuenca,37,960.42,11,"Crédito de Consumo, Tarjeta de Crédito",28894.68,1102.44,22400.0,501.0,"ATM, App, Branch, POS, Web",2,True,4.9,Food & Supermarket Lover,Supermarket
C002160,Cliente 2160,Affluent,Guayaquil,18,3836.13,13,"Cuenta de Ahorros, Tarjeta de Crédito",36201.87,1946.77,111000.0,154.0,"ATM, App, Branch, POS, Web",2,True,1.8,Entertainment & Streaming Lover,Entertainment
C002161,Cliente 2161,Mass,Guayaquil,39,712.66,15,"Cuenta de Ahorros, Tarjeta de Crédito",7436.46,664.13,11700.0,645.0,"App, Branch, POS, Web",2,True,5.7,Entertainment & Streaming Lover,Streaming
C002162,Cliente 2162,Premium,Guayaquil,55,3623.87,7,"Cuenta de Ahorros, Tarjeta de Crédito",20514.14,681.23,24500.0,1354.0,"App, POS, Web",2,True,2.8,Entertainment & Streaming Lover,Entertainment
C002163,Cliente 2163,Premium,Quito,38,3717.22,14,"Crédito Vehicular, Crédito de Consumo, Tarjeta de Crédito",88229.29,2211.7799999999997,49000.0,405.0,"ATM, App, Branch, POS, Web",3,True,4.5,Tech Lover,Technology
C002164,Cliente 2164,PyME,Guayaquil,27,7229.81,7,"Cuenta Corriente, Tarjeta de Crédito",20715.88,821.9,51600.0,1369.0,"Branch, POS, Web",2,True,1.6,Health & Wellness Lover,Health
C002165,Cliente 2165,PyME,Quito,40,3598.71,16,"Crédito Vehicular, Crédito de Consumo, Tarjeta de Crédito",148094.28,2859.87,127200.0,322.0,"App, Branch, POS, Web",3,True,2.2,Entertainment & Streaming Lover,Entertainment
C002166,Cliente 2166,Mass,Quito,51,1061.75,7,"Crédito Vehicular, Tarjeta de Crédito",55070.48999999999,201.01,12400.0,815.0,"App, Branch, POS, Web",2,True,1.6,Tech Lover,Technology
C002167,Cliente 2167,Mass,Guayaquil,41,1171.49,16,"Crédito de Consumo, Tarjeta de Crédito",12615.880000000001,984.5699999999999,29400.0,927.0,"App, Branch, POS, Web",2,True,3.3,Education Lover,Education
C002168,Cliente 2168,PyME,Quito,47,3244.8,12,"Crédito Vehicular, Tarjeta de Crédito",58251.049999999996,3358.2599999999998,78100.0,503.0,"ATM, App, Branch, POS, Web",2,True,4.3,Food & Supermarket Lover,Supermarket
C002169,Cliente 2169,Mass,Guayaquil,57,878.34,16,"Cuenta Corriente, Cuenta de Ahorros, Tarjeta de Crédito",17854.899999999998,391.49,28600.0,1307.0,"App, Branch, POS, Web",3,True,1.4,Food & Supermarket Lover,Food
C002170,Cliente 2170,Joven,Guayaquil,32,783.86,20,"Cuenta Corriente, Cuenta de Ahorros, Tarjeta de Crédito",18523.47,1064.77,23800.0,718.0,"ATM, App, Branch, POS, Web",3,True,4.5,Lifestyle Lover,Fuel
C002171,Cliente 2171,Mass,Guayaquil,23,1159.3,9,"Cuenta de Ahorros, Tarjeta de Crédito",19742.7,517.1,15000.0,206.0,"App, Branch, POS, Web",2,True,3.4,Travel Lover,Travel
C002172,Cliente 2172,Mass,Ambato,18,1832.64,16,"Crédito Vehicular, Cuenta Corriente, Cuenta de Ahorros, Tarjeta de Crédito",86270.44,954.22,20000.0,138.0,"App, Branch, POS, Web",4,True,4.8,Travel Lover,Travel
C002173,Cliente 2173,Mass,Quito,33,1134.65,10,"Cuenta de Ahorros, Tarjeta de Crédito",20931.260000000002,483.58,21600.0,1427.0,"ATM, App, Branch, POS, Web",2,True,2.2,Education Lover,Education
C002174,Cliente 2174,Mass,Guayaquil,26,380.86,12,"Crédito de Consumo, Cuenta Corriente, Tarjeta de Crédito",13518.56,227.21,7000.0,727.0,"ATM, App, POS, Web",3,True,3.2,Food & Supermarket Lover,Supermarket
C002175,Cliente 2175,Mass,Manta,33,1147.02,14,"Crédito Vehicular, Crédito de Consumo, Tarjeta de Crédito",53115.76,1344.64,29700.0,801.0,"ATM, App, Branch, POS, Web",3,True,4.5,Food & Supermarket Lover,Food
C002176,Cliente 2176,Mass,Loja,36,506.4,8,"Crédito Hipotecario, Tarjeta de Crédito",112560.75,183.85,6500.0,404.0,"Branch, POS, Web",2,True,2.8,Education Lover,Education
C002177,Cliente 2177,Mass,Quito,34,952.78,7,"Crédito Vehicular, Crédito de Consumo, Tarjeta de Crédito",33731.62,234.5,6800.0,554.0,"ATM, App, Branch, POS, Web",3,True,3.4,Entertainment & Streaming Lover,Entertainment
C002178,Cliente 2178,Mass,Guayaquil,27,960.95,14,"Crédito Hipotecario, Tarjeta de Crédito",269373.76999999996,479.01,18700.0,995.0,"App, Branch, POS, Web",2,True,2.6,Tech Lover,Technology
C002179,Cliente 2179,PyME,Cuenca,52,1010.75,17,"Crédito Hipotecario, Crédito Vehicular, Tarjeta de Crédito",291112.51,579.98,20400.0,25.0,"App, Branch, POS, Web",3,True,2.8,Entertainment & Streaming Lover,Entertainment
C002180,Cliente 2180,Mass,Guayaquil,44,405.37,10,Tarjeta de Crédito,2345.7,279.62,7000.0,606.0,"App, Branch, POS, Web",1,False,4.0,Food & Supermarket Lover,Food
C002181,Cliente 2181,Mass,Quito,38,722.97,16,"Crédito de Consumo, Tarjeta de Crédito",7400.549999999999,636.13,27300.0,46.0,"ATM, App, Branch, POS, Web",2,True,2.3,Food & Supermarket Lover,Supermarket
C002182,Cliente 2182,Affluent,Guayaquil,27,3440.92,13,"Crédito Vehicular, Cuenta Corriente, Cuenta de Ahorros, Tarjeta de Crédito",77551.44,1389.2,81000.0,244.0,"ATM, App, Branch, POS, Web",4,True,1.7,Food & Supermarket Lover,Food
C002183,Cliente 2183,Premium,Manta,29,3712.98,4,"Cuenta Corriente, Cuenta de Ahorros",36131.240000000005,0.0,0.0,,"ATM, App, Web",2,True,,Sin Perfil de Consumo,N/A
C002184,Cliente 2184,Mass,Loja,33,942.79,1,Crédito de Consumo,5840.74,0.0,0.0,468.0,Branch,1,False,,Sin Perfil de Consumo,N/A
C002185,Cliente 2185,Premium,Quito,47,3532.66,17,"Cuenta Corriente, Cuenta de Ahorros, Tarjeta de Crédito",53934.14,2815.59,100100.0,1338.0,"ATM, App, Branch, POS, Web",3,True,2.8,Entertainment & Streaming Lover,Streaming
C002186,Cliente 2186,Mass,Guayaquil,18,489.3,16,"Cuenta Corriente, Cuenta de Ahorros, Tarjeta de Crédito",8438.25,382.99,9900.0,286.0,"App, Branch, POS, Web",3,True,3.9,Entertainment & Streaming Lover,Entertainment
C002187,Cliente 2187,Mass,Quito,27,1058.88,17,"Crédito Hipotecario, Cuenta Corriente, Tarjeta de Crédito",95586.79,786.4300000000001,33600.0,1330.0,"App, Branch, POS, Web",3,True,2.3,Entertainment & Streaming Lover,Streaming
C002188,Cliente 2188,Affluent,Loja,60,1919.32,9,"Cuenta Corriente, Tarjeta de Crédito",17677.98,952.54,16800.0,869.0,"ATM, App, Branch, POS",2,True,5.7,Lifestyle Lover,Others
C002189,Cliente 2189,Affluent,Quito,45,2494.8,11,Tarjeta de Crédito,39754.770000000004,1888.23,66000.0,689.0,"App, Branch, POS, Web",1,False,2.9,Tech Lover,Technology
C002190,Cliente 2190,Mass,Quito,38,1141.09,9,"Crédito de Consumo, Cuenta de Ahorros, Tarjeta de Crédito",23747.2,223.62,11200.0,1017.0,"App, Branch, POS, Web",3,True,2.0,Entertainment & Streaming Lover,Streaming
C002191,Cliente 2191,Affluent,Loja,39,1997.48,11,"Cuenta Corriente, Cuenta de Ahorros, Tarjeta de Crédito",26350.57,791.29,31500.0,491.0,"App, Branch, POS, Web",3,True,2.5,Entertainment & Streaming Lover,Streaming
C002192,Cliente 2192,PyME,Quito,37,3727.98,15,"Crédito Vehicular, Crédito de Consumo, Cuenta de Ahorros, Tarjeta de Crédito",124687.85,2084.59,80000.0,101.0,"ATM, App, POS, Web",4,True,2.6,Food & Supermarket Lover,Food
C002193,Cliente 2193,Affluent,Quito,46,2171.46,15,"Cuenta Corriente, Tarjeta de Crédito",13535.36,1429.58,51700.0,1014.0,"App, Branch, POS, Web",2,True,2.8,Tech Lover,Technology
C002194,Cliente 2194,Mass,Quito,45,1102.46,9,"Crédito de Consumo, Tarjeta de Crédito",9773.3,395.1,24000.0,1353.0,"Branch, POS, Web",2,True,1.6,Food & Supermarket Lover,Food
C002195,Cliente 2195,Mass,Guayaquil,58,695.15,14,"Crédito Hipotecario, Crédito de Consumo, Tarjeta de Crédito",206363.4,419.03,16000.0,653.0,"App, Branch, POS, Web",3,True,2.6,Tech Lover,Technology
C002196,Cliente 2196,Mass,Ambato,29,647.18,13,"Crédito de Consumo, Tarjeta de Crédito",4872.05,834.41,9600.0,1173.0,"ATM, App, POS",2,True,8.7,Tech Lover,Technology
C002197,Cliente 2197,Affluent,Manta,33,1383.72,1,Crédito de Consumo,8680.02,0.0,0.0,455.0,App,1,False,,Sin Perfil de Consumo,N/A
C002198,Cliente 2198,Mass,Quito,31,1010.8,11,"Cuenta Corriente, Tarjeta de Crédito",19203.46,413.19,15300.0,339.0,"App, Branch, POS, Web",2,True,2.7,Food & Supermarket Lover,Food
C002199,Cliente 2199,Joven,Quito,31,812.96,9,"Crédito Hipotecario, Tarjeta de Crédito",87053.0,241.73,8000.0,487.0,"ATM, App, Branch, POS",2,True,3.0,Lifestyle Lover,Fuel
C002200,Cliente 2200,Premium,Ambato,32,4968.54,12,"Crédito Hipotecario, Tarjeta de Crédito",248064.65999999997,2044.53,89100.0,665.0,"App, Branch, POS, Web",2,True,2.3,Food & Supermarket Lover,Food
